image_id,category,license,dataset_name,source_url,data_kind,is_external_reference
DEMO-IMAGE-0001,ring,synthetic_demo,Synthetic demo metadata,https://github.com/wa52/ai-customer-service/tree/main/data,synthetic_demo,false
DEMO-IMAGE-0002,necklace,synthetic_demo,Synthetic demo metadata,https://github.com/wa52/ai-customer-service/tree/main/data,synthetic_demo,false
DEMO-IMAGE-0003,earring,synthetic_demo,Synthetic demo metadata,https://github.com/wa52/ai-customer-service/tree/main/data,synthetic_demo,false
DEMO-IMAGE-0004,bracelet,synthetic_demo,Synthetic demo metadata,https://github.com/wa52/ai-customer-service/tree/main/data,synthetic_demo,false
DEMO-IMAGE-0005,ring,synthetic_demo,Synthetic demo metadata,https://github.com/wa52/ai-customer-service/tree/main/data,synthetic_demo,false
DEMO-IMAGE-0006,necklace,synthetic_demo,Synthetic demo metadata,https://github.com/wa52/ai-customer-service/tree/main/data,synthetic_demo,false
DEMO-IMAGE-0007,earring,synthetic_demo,Synthetic demo metadata,https://github.com/wa52/ai-customer-service/tree/main/data,synthetic_demo,false
DEMO-IMAGE-0008,bracelet,synthetic_demo,Synthetic demo metadata,https://github.com/wa52/ai-customer-service/tree/main/data,synthetic_demo,false
DEMO-IMAGE-0009,ring,synthetic_demo,Synthetic demo metadata,https://github.com/wa52/ai-customer-service/tree/main/data,synthetic_demo,false
DEMO-IMAGE-0010,necklace,synthetic_demo,Synthetic demo metadata,https://github.com/wa52/ai-customer-service/tree/main/data,synthetic_demo,false
DEMO-IMAGE-0011,earring,synthetic_demo,Synthetic demo metadata,https://github.com/wa52/ai-customer-service/tree/main/data,synthetic_demo,false
DEMO-IMAGE-0012,bracelet,synthetic_demo,Synthetic demo metadata,https://github.com/wa52/ai-customer-service/tree/main/data,synthetic_demo,false
DEMO-IMAGE-0013,ring,synthetic_demo,Synthetic demo metadata,https://github.com/wa52/ai-customer-service/tree/main/data,synthetic_demo,false
DEMO-IMAGE-0014,necklace,synthetic_demo,Synthetic demo metadata,https://github.com/wa52/ai-customer-service/tree/main/data,synthetic_demo,false
DEMO-IMAGE-0015,earring,synthetic_demo,Synthetic demo metadata,https://github.com/wa52/ai-customer-service/tree/main/data,synthetic_demo,false
DEMO-IMAGE-0016,bracelet,synthetic_demo,Synthetic demo metadata,https://github.com/wa52/ai-customer-service/tree/main/data,synthetic_demo,false
DEMO-IMAGE-0017,ring,synthetic_demo,Synthetic demo metadata,https://github.com/wa52/ai-customer-service/tree/main/data,synthetic_demo,false
DEMO-IMAGE-0018,necklace,synthetic_demo,Synthetic demo metadata,https://github.com/wa52/ai-customer-service/tree/main/data,synthetic_demo,false
DEMO-IMAGE-0019,earring,synthetic_demo,Synthetic demo metadata,https://github.com/wa52/ai-customer-service/tree/main/data,synthetic_demo,false
DEMO-IMAGE-0020,bracelet,synthetic_demo,Synthetic demo metadata,https://github.com/wa52/ai-customer-service/tree/main/data,synthetic_demo,false
DEMO-IMAGE-0021,ring,synthetic_demo,Synthetic demo metadata,https://github.com/wa52/ai-customer-service/tree/main/data,synthetic_demo,false
DEMO-IMAGE-0022,necklace,synthetic_demo,Synthetic demo metadata,https://github.com/wa52/ai-customer-service/tree/main/data,synthetic_demo,false
DEMO-IMAGE-0023,earring,synthetic_demo,Synthetic demo metadata,https://github.com/wa52/ai-customer-service/tree/main/data,synthetic_demo,false
DEMO-IMAGE-0024,bracelet,synthetic_demo,Synthetic demo metadata,https://github.com/wa52/ai-customer-service/tree/main/data,synthetic_demo,false
DEMO-IMAGE-0025,ring,synthetic_demo,Synthetic demo metadata,https://github.com/wa52/ai-customer-service/tree/main/data,synthetic_demo,false
DEMO-IMAGE-0026,necklace,synthetic_demo,Synthetic demo metadata,https://github.com/wa52/ai-customer-service/tree/main/data,synthetic_demo,false
DEMO-IMAGE-0027,earring,synthetic_demo,Synthetic demo metadata,https://github.com/wa52/ai-customer-service/tree/main/data,synthetic_demo,false
DEMO-IMAGE-0028,bracelet,synthetic_demo,Synthetic demo metadata,https://github.com/wa52/ai-customer-service/tree/main/data,synthetic_demo,false
DEMO-IMAGE-0029,ring,synthetic_demo,Synthetic demo metadata,https://github.com/wa52/ai-customer-service/tree/main/data,synthetic_demo,false
DEMO-IMAGE-0030,necklace,synthetic_demo,Synthetic demo metadata,https://github.com/wa52/ai-customer-service/tree/main/data,synthetic_demo,false
DEMO-IMAGE-0031,earring,synthetic_demo,Synthetic demo metadata,https://github.com/wa52/ai-customer-service/tree/main/data,synthetic_demo,false
DEMO-IMAGE-0032,bracelet,synthetic_demo,Synthetic demo metadata,https://github.com/wa52/ai-customer-service/tree/main/data,synthetic_demo,false
DEMO-IMAGE-0033,ring,synthetic_demo,Synthetic demo metadata,https://github.com/wa52/ai-customer-service/tree/main/data,synthetic_demo,false
DEMO-IMAGE-0034,necklace,synthetic_demo,Synthetic demo metadata,https://github.com/wa52/ai-customer-service/tree/main/data,synthetic_demo,false
DEMO-IMAGE-0035,earring,synthetic_demo,Synthetic demo metadata,https://github.com/wa52/ai-customer-service/tree/main/data,synthetic_demo,false
DEMO-IMAGE-0036,bracelet,synthetic_demo,Synthetic demo metadata,https://github.com/wa52/ai-customer-service/tree/main/data,synthetic_demo,false
DEMO-IMAGE-0037,ring,synthetic_demo,Synthetic demo metadata,https://github.com/wa52/ai-customer-service/tree/main/data,synthetic_demo,false
DEMO-IMAGE-0038,necklace,synthetic_demo,Synthetic demo metadata,https://github.com/wa52/ai-customer-service/tree/main/data,synthetic_demo,false
DEMO-IMAGE-0039,earring,synthetic_demo,Synthetic demo metadata,https://github.com/wa52/ai-customer-service/tree/main/data,synthetic_demo,false
DEMO-IMAGE-0040,bracelet,synthetic_demo,Synthetic demo metadata,https://github.com/wa52/ai-customer-service/tree/main/data,synthetic_demo,false
DEMO-IMAGE-0041,ring,synthetic_demo,Synthetic demo metadata,https://github.com/wa52/ai-customer-service/tree/main/data,synthetic_demo,false
DEMO-IMAGE-0042,necklace,synthetic_demo,Synthetic demo metadata,https://github.com/wa52/ai-customer-service/tree/main/data,synthetic_demo,false
DEMO-IMAGE-0043,earring,synthetic_demo,Synthetic demo metadata,https://github.com/wa52/ai-customer-service/tree/main/data,synthetic_demo,false
DEMO-IMAGE-0044,bracelet,synthetic_demo,Synthetic demo metadata,https://github.com/wa52/ai-customer-service/tree/main/data,synthetic_demo,false
DEMO-IMAGE-0045,ring,synthetic_demo,Synthetic demo metadata,https://github.com/wa52/ai-customer-service/tree/main/data,synthetic_demo,false
DEMO-IMAGE-0046,necklace,synthetic_demo,Synthetic demo metadata,https://github.com/wa52/ai-customer-service/tree/main/data,synthetic_demo,false
DEMO-IMAGE-0047,earring,synthetic_demo,Synthetic demo metadata,https://github.com/wa52/ai-customer-service/tree/main/data,synthetic_demo,false
DEMO-IMAGE-0048,bracelet,synthetic_demo,Synthetic demo metadata,https://github.com/wa52/ai-customer-service/tree/main/data,synthetic_demo,false
DEMO-IMAGE-0049,ring,synthetic_demo,Synthetic demo metadata,https://github.com/wa52/ai-customer-service/tree/main/data,synthetic_demo,false
DEMO-IMAGE-0050,necklace,synthetic_demo,Synthetic demo metadata,https://github.com/wa52/ai-customer-service/tree/main/data,synthetic_demo,false
DEMO-IMAGE-0051,earring,synthetic_demo,Synthetic demo metadata,https://github.com/wa52/ai-customer-service/tree/main/data,synthetic_demo,false
DEMO-IMAGE-0052,bracelet,synthetic_demo,Synthetic demo metadata,https://github.com/wa52/ai-customer-service/tree/main/data,synthetic_demo,false
DEMO-IMAGE-0053,ring,synthetic_demo,Synthetic demo metadata,https://github.com/wa52/ai-customer-service/tree/main/data,synthetic_demo,false
DEMO-IMAGE-0054,necklace,synthetic_demo,Synthetic demo metadata,https://github.com/wa52/ai-customer-service/tree/main/data,synthetic_demo,false
DEMO-IMAGE-0055,earring,synthetic_demo,Synthetic demo metadata,https://github.com/wa52/ai-customer-service/tree/main/data,synthetic_demo,false
DEMO-IMAGE-0056,bracelet,synthetic_demo,Synthetic demo metadata,https://github.com/wa52/ai-customer-service/tree/main/data,synthetic_demo,false
DEMO-IMAGE-0057,ring,synthetic_demo,Synthetic demo metadata,https://github.com/wa52/ai-customer-service/tree/main/data,synthetic_demo,false
DEMO-IMAGE-0058,necklace,synthetic_demo,Synthetic demo metadata,https://github.com/wa52/ai-customer-service/tree/main/data,synthetic_demo,false
DEMO-IMAGE-0059,earring,synthetic_demo,Synthetic demo metadata,https://github.com/wa52/ai-customer-service/tree/main/data,synthetic_demo,false
DEMO-IMAGE-0060,bracelet,synthetic_demo,Synthetic demo metadata,https://github.com/wa52/ai-customer-service/tree/main/data,synthetic_demo,false
DEMO-IMAGE-0061,ring,synthetic_demo,Synthetic demo metadata,https://github.com/wa52/ai-customer-service/tree/main/data,synthetic_demo,false
DEMO-IMAGE-0062,necklace,synthetic_demo,Synthetic demo metadata,https://github.com/wa52/ai-customer-service/tree/main/data,synthetic_demo,false
DEMO-IMAGE-0063,earring,synthetic_demo,Synthetic demo metadata,https://github.com/wa52/ai-customer-service/tree/main/data,synthetic_demo,false
DEMO-IMAGE-0064,bracelet,synthetic_demo,Synthetic demo metadata,https://github.com/wa52/ai-customer-service/tree/main/data,synthetic_demo,false
DEMO-IMAGE-0065,ring,synthetic_demo,Synthetic demo metadata,https://github.com/wa52/ai-customer-service/tree/main/data,synthetic_demo,false
DEMO-IMAGE-0066,necklace,synthetic_demo,Synthetic demo metadata,https://github.com/wa52/ai-customer-service/tree/main/data,synthetic_demo,false
DEMO-IMAGE-0067,earring,synthetic_demo,Synthetic demo metadata,https://github.com/wa52/ai-customer-service/tree/main/data,synthetic_demo,false
DEMO-IMAGE-0068,bracelet,synthetic_demo,Synthetic demo metadata,https://github.com/wa52/ai-customer-service/tree/main/data,synthetic_demo,false
DEMO-IMAGE-0069,ring,synthetic_demo,Synthetic demo metadata,https://github.com/wa52/ai-customer-service/tree/main/data,synthetic_demo,false
DEMO-IMAGE-0070,necklace,synthetic_demo,Synthetic demo metadata,https://github.com/wa52/ai-customer-service/tree/main/data,synthetic_demo,false
DEMO-IMAGE-0071,earring,synthetic_demo,Synthetic demo metadata,https://github.com/wa52/ai-customer-service/tree/main/data,synthetic_demo,false
DEMO-IMAGE-0072,bracelet,synthetic_demo,Synthetic demo metadata,https://github.com/wa52/ai-customer-service/tree/main/data,synthetic_demo,false
DEMO-IMAGE-0073,ring,synthetic_demo,Synthetic demo metadata,https://github.com/wa52/ai-customer-service/tree/main/data,synthetic_demo,false
DEMO-IMAGE-0074,necklace,synthetic_demo,Synthetic demo metadata,https://github.com/wa52/ai-customer-service/tree/main/data,synthetic_demo,false
DEMO-IMAGE-0075,earring,synthetic_demo,Synthetic demo metadata,https://github.com/wa52/ai-customer-service/tree/main/data,synthetic_demo,false
DEMO-IMAGE-0076,bracelet,synthetic_demo,Synthetic demo metadata,https://github.com/wa52/ai-customer-service/tree/main/data,synthetic_demo,false
DEMO-IMAGE-0077,ring,synthetic_demo,Synthetic demo metadata,https://github.com/wa52/ai-customer-service/tree/main/data,synthetic_demo,false
DEMO-IMAGE-0078,necklace,synthetic_demo,Synthetic demo metadata,https://github.com/wa52/ai-customer-service/tree/main/data,synthetic_demo,false
DEMO-IMAGE-0079,earring,synthetic_demo,Synthetic demo metadata,https://github.com/wa52/ai-customer-service/tree/main/data,synthetic_demo,false
DEMO-IMAGE-0080,bracelet,synthetic_demo,Synthetic demo metadata,https://github.com/wa52/ai-customer-service/tree/main/data,synthetic_demo,false
DEMO-IMAGE-0081,ring,synthetic_demo,Synthetic demo metadata,https://github.com/wa52/ai-customer-service/tree/main/data,synthetic_demo,false
DEMO-IMAGE-0082,necklace,synthetic_demo,Synthetic demo metadata,https://github.com/wa52/ai-customer-service/tree/main/data,synthetic_demo,false
DEMO-IMAGE-0083,earring,synthetic_demo,Synthetic demo metadata,https://github.com/wa52/ai-customer-service/tree/main/data,synthetic_demo,false
DEMO-IMAGE-0084,bracelet,synthetic_demo,Synthetic demo metadata,https://github.com/wa52/ai-customer-service/tree/main/data,synthetic_demo,false
DEMO-IMAGE-0085,ring,synthetic_demo,Synthetic demo metadata,https://github.com/wa52/ai-customer-service/tree/main/data,synthetic_demo,false
DEMO-IMAGE-0086,necklace,synthetic_demo,Synthetic demo metadata,https://github.com/wa52/ai-customer-service/tree/main/data,synthetic_demo,false
DEMO-IMAGE-0087,earring,synthetic_demo,Synthetic demo metadata,https://github.com/wa52/ai-customer-service/tree/main/data,synthetic_demo,false
DEMO-IMAGE-0088,bracelet,synthetic_demo,Synthetic demo metadata,https://github.com/wa52/ai-customer-service/tree/main/data,synthetic_demo,false
DEMO-IMAGE-0089,ring,synthetic_demo,Synthetic demo metadata,https://github.com/wa52/ai-customer-service/tree/main/data,synthetic_demo,false
DEMO-IMAGE-0090,necklace,synthetic_demo,Synthetic demo metadata,https://github.com/wa52/ai-customer-service/tree/main/data,synthetic_demo,false
DEMO-IMAGE-0091,earring,synthetic_demo,Synthetic demo metadata,https://github.com/wa52/ai-customer-service/tree/main/data,synthetic_demo,false
DEMO-IMAGE-0092,bracelet,synthetic_demo,Synthetic demo metadata,https://github.com/wa52/ai-customer-service/tree/main/data,synthetic_demo,false
DEMO-IMAGE-0093,ring,synthetic_demo,Synthetic demo metadata,https://github.com/wa52/ai-customer-service/tree/main/data,synthetic_demo,false
DEMO-IMAGE-0094,necklace,synthetic_demo,Synthetic demo metadata,https://github.com/wa52/ai-customer-service/tree/main/data,synthetic_demo,false
DEMO-IMAGE-0095,earring,synthetic_demo,Synthetic demo metadata,https://github.com/wa52/ai-customer-service/tree/main/data,synthetic_demo,false
DEMO-IMAGE-0096,bracelet,synthetic_demo,Synthetic demo metadata,https://github.com/wa52/ai-customer-service/tree/main/data,synthetic_demo,false
DEMO-IMAGE-0097,ring,synthetic_demo,Synthetic demo metadata,https://github.com/wa52/ai-customer-service/tree/main/data,synthetic_demo,false
DEMO-IMAGE-0098,necklace,synthetic_demo,Synthetic demo metadata,https://github.com/wa52/ai-customer-service/tree/main/data,synthetic_demo,false
DEMO-IMAGE-0099,earring,synthetic_demo,Synthetic demo metadata,https://github.com/wa52/ai-customer-service/tree/main/data,synthetic_demo,false
DEMO-IMAGE-0100,bracelet,synthetic_demo,Synthetic demo metadata,https://github.com/wa52/ai-customer-service/tree/main/data,synthetic_demo,false
DEMO-IMAGE-0101,ring,synthetic_demo,Synthetic demo metadata,https://github.com/wa52/ai-customer-service/tree/main/data,synthetic_demo,false
DEMO-IMAGE-0102,necklace,synthetic_demo,Synthetic demo metadata,https://github.com/wa52/ai-customer-service/tree/main/data,synthetic_demo,false
DEMO-IMAGE-0103,earring,synthetic_demo,Synthetic demo metadata,https://github.com/wa52/ai-customer-service/tree/main/data,synthetic_demo,false
DEMO-IMAGE-0104,bracelet,synthetic_demo,Synthetic demo metadata,https://github.com/wa52/ai-customer-service/tree/main/data,synthetic_demo,false
DEMO-IMAGE-0105,ring,synthetic_demo,Synthetic demo metadata,https://github.com/wa52/ai-customer-service/tree/main/data,synthetic_demo,false
DEMO-IMAGE-0106,necklace,synthetic_demo,Synthetic demo metadata,https://github.com/wa52/ai-customer-service/tree/main/data,synthetic_demo,false
DEMO-IMAGE-0107,earring,synthetic_demo,Synthetic demo metadata,https://github.com/wa52/ai-customer-service/tree/main/data,synthetic_demo,false
DEMO-IMAGE-0108,bracelet,synthetic_demo,Synthetic demo metadata,https://github.com/wa52/ai-customer-service/tree/main/data,synthetic_demo,false
DEMO-IMAGE-0109,ring,synthetic_demo,Synthetic demo metadata,https://github.com/wa52/ai-customer-service/tree/main/data,synthetic_demo,false
DEMO-IMAGE-0110,necklace,synthetic_demo,Synthetic demo metadata,https://github.com/wa52/ai-customer-service/tree/main/data,synthetic_demo,false
DEMO-IMAGE-0111,earring,synthetic_demo,Synthetic demo metadata,https://github.com/wa52/ai-customer-service/tree/main/data,synthetic_demo,false
DEMO-IMAGE-0112,bracelet,synthetic_demo,Synthetic demo metadata,https://github.com/wa52/ai-customer-service/tree/main/data,synthetic_demo,false
DEMO-IMAGE-0113,ring,synthetic_demo,Synthetic demo metadata,https://github.com/wa52/ai-customer-service/tree/main/data,synthetic_demo,false
DEMO-IMAGE-0114,necklace,synthetic_demo,Synthetic demo metadata,https://github.com/wa52/ai-customer-service/tree/main/data,synthetic_demo,false
DEMO-IMAGE-0115,earring,synthetic_demo,Synthetic demo metadata,https://github.com/wa52/ai-customer-service/tree/main/data,synthetic_demo,false
DEMO-IMAGE-0116,bracelet,synthetic_demo,Synthetic demo metadata,https://github.com/wa52/ai-customer-service/tree/main/data,synthetic_demo,false
DEMO-IMAGE-0117,ring,synthetic_demo,Synthetic demo metadata,https://github.com/wa52/ai-customer-service/tree/main/data,synthetic_demo,false
DEMO-IMAGE-0118,necklace,synthetic_demo,Synthetic demo metadata,https://github.com/wa52/ai-customer-service/tree/main/data,synthetic_demo,false
DEMO-IMAGE-0119,earring,synthetic_demo,Synthetic demo metadata,https://github.com/wa52/ai-customer-service/tree/main/data,synthetic_demo,false
DEMO-IMAGE-0120,bracelet,synthetic_demo,Synthetic demo metadata,https://github.com/wa52/ai-customer-service/tree/main/data,synthetic_demo,false
DEMO-IMAGE-0121,ring,synthetic_demo,Synthetic demo metadata,https://github.com/wa52/ai-customer-service/tree/main/data,synthetic_demo,false
DEMO-IMAGE-0122,necklace,synthetic_demo,Synthetic demo metadata,https://github.com/wa52/ai-customer-service/tree/main/data,synthetic_demo,false
DEMO-IMAGE-0123,earring,synthetic_demo,Synthetic demo metadata,https://github.com/wa52/ai-customer-service/tree/main/data,synthetic_demo,false
DEMO-IMAGE-0124,bracelet,synthetic_demo,Synthetic demo metadata,https://github.com/wa52/ai-customer-service/tree/main/data,synthetic_demo,false
DEMO-IMAGE-0125,ring,synthetic_demo,Synthetic demo metadata,https://github.com/wa52/ai-customer-service/tree/main/data,synthetic_demo,false
DEMO-IMAGE-0126,necklace,synthetic_demo,Synthetic demo metadata,https://github.com/wa52/ai-customer-service/tree/main/data,synthetic_demo,false
DEMO-IMAGE-0127,earring,synthetic_demo,Synthetic demo metadata,https://github.com/wa52/ai-customer-service/tree/main/data,synthetic_demo,false
DEMO-IMAGE-0128,bracelet,synthetic_demo,Synthetic demo metadata,https://github.com/wa52/ai-customer-service/tree/main/data,synthetic_demo,false
DEMO-IMAGE-0129,ring,synthetic_demo,Synthetic demo metadata,https://github.com/wa52/ai-customer-service/tree/main/data,synthetic_demo,false
DEMO-IMAGE-0130,necklace,synthetic_demo,Synthetic demo metadata,https://github.com/wa52/ai-customer-service/tree/main/data,synthetic_demo,false
DEMO-IMAGE-0131,earring,synthetic_demo,Synthetic demo metadata,https://github.com/wa52/ai-customer-service/tree/main/data,synthetic_demo,false
DEMO-IMAGE-0132,bracelet,synthetic_demo,Synthetic demo metadata,https://github.com/wa52/ai-customer-service/tree/main/data,synthetic_demo,false
DEMO-IMAGE-0133,ring,synthetic_demo,Synthetic demo metadata,https://github.com/wa52/ai-customer-service/tree/main/data,synthetic_demo,false
DEMO-IMAGE-0134,necklace,synthetic_demo,Synthetic demo metadata,https://github.com/wa52/ai-customer-service/tree/main/data,synthetic_demo,false
DEMO-IMAGE-0135,earring,synthetic_demo,Synthetic demo metadata,https://github.com/wa52/ai-customer-service/tree/main/data,synthetic_demo,false
DEMO-IMAGE-0136,bracelet,synthetic_demo,Synthetic demo metadata,https://github.com/wa52/ai-customer-service/tree/main/data,synthetic_demo,false
DEMO-IMAGE-0137,ring,synthetic_demo,Synthetic demo metadata,https://github.com/wa52/ai-customer-service/tree/main/data,synthetic_demo,false
DEMO-IMAGE-0138,necklace,synthetic_demo,Synthetic demo metadata,https://github.com/wa52/ai-customer-service/tree/main/data,synthetic_demo,false
DEMO-IMAGE-0139,earring,synthetic_demo,Synthetic demo metadata,https://github.com/wa52/ai-customer-service/tree/main/data,synthetic_demo,false
DEMO-IMAGE-0140,bracelet,synthetic_demo,Synthetic demo metadata,https://github.com/wa52/ai-customer-service/tree/main/data,synthetic_demo,false
DEMO-IMAGE-0141,ring,synthetic_demo,Synthetic demo metadata,https://github.com/wa52/ai-customer-service/tree/main/data,synthetic_demo,false
DEMO-IMAGE-0142,necklace,synthetic_demo,Synthetic demo metadata,https://github.com/wa52/ai-customer-service/tree/main/data,synthetic_demo,false
DEMO-IMAGE-0143,earring,synthetic_demo,Synthetic demo metadata,https://github.com/wa52/ai-customer-service/tree/main/data,synthetic_demo,false
DEMO-IMAGE-0144,bracelet,synthetic_demo,Synthetic demo metadata,https://github.com/wa52/ai-customer-service/tree/main/data,synthetic_demo,false
DEMO-IMAGE-0145,ring,synthetic_demo,Synthetic demo metadata,https://github.com/wa52/ai-customer-service/tree/main/data,synthetic_demo,false
DEMO-IMAGE-0146,necklace,synthetic_demo,Synthetic demo metadata,https://github.com/wa52/ai-customer-service/tree/main/data,synthetic_demo,false
DEMO-IMAGE-0147,earring,synthetic_demo,Synthetic demo metadata,https://github.com/wa52/ai-customer-service/tree/main/data,synthetic_demo,false
DEMO-IMAGE-0148,bracelet,synthetic_demo,Synthetic demo metadata,https://github.com/wa52/ai-customer-service/tree/main/data,synthetic_demo,false
DEMO-IMAGE-0149,ring,synthetic_demo,Synthetic demo metadata,https://github.com/wa52/ai-customer-service/tree/main/data,synthetic_demo,false
DEMO-IMAGE-0150,necklace,synthetic_demo,Synthetic demo metadata,https://github.com/wa52/ai-customer-service/tree/main/data,synthetic_demo,false
DEMO-IMAGE-0151,earring,synthetic_demo,Synthetic demo metadata,https://github.com/wa52/ai-customer-service/tree/main/data,synthetic_demo,false
DEMO-IMAGE-0152,bracelet,synthetic_demo,Synthetic demo metadata,https://github.com/wa52/ai-customer-service/tree/main/data,synthetic_demo,false
DEMO-IMAGE-0153,ring,synthetic_demo,Synthetic demo metadata,https://github.com/wa52/ai-customer-service/tree/main/data,synthetic_demo,false
DEMO-IMAGE-0154,necklace,synthetic_demo,Synthetic demo metadata,https://github.com/wa52/ai-customer-service/tree/main/data,synthetic_demo,false
DEMO-IMAGE-0155,earring,synthetic_demo,Synthetic demo metadata,https://github.com/wa52/ai-customer-service/tree/main/data,synthetic_demo,false
DEMO-IMAGE-0156,bracelet,synthetic_demo,Synthetic demo metadata,https://github.com/wa52/ai-customer-service/tree/main/data,synthetic_demo,false
DEMO-IMAGE-0157,ring,synthetic_demo,Synthetic demo metadata,https://github.com/wa52/ai-customer-service/tree/main/data,synthetic_demo,false
DEMO-IMAGE-0158,necklace,synthetic_demo,Synthetic demo metadata,https://github.com/wa52/ai-customer-service/tree/main/data,synthetic_demo,false
DEMO-IMAGE-0159,earring,synthetic_demo,Synthetic demo metadata,https://github.com/wa52/ai-customer-service/tree/main/data,synthetic_demo,false
DEMO-IMAGE-0160,bracelet,synthetic_demo,Synthetic demo metadata,https://github.com/wa52/ai-customer-service/tree/main/data,synthetic_demo,false
DEMO-IMAGE-0161,ring,synthetic_demo,Synthetic demo metadata,https://github.com/wa52/ai-customer-service/tree/main/data,synthetic_demo,false
DEMO-IMAGE-0162,necklace,synthetic_demo,Synthetic demo metadata,https://github.com/wa52/ai-customer-service/tree/main/data,synthetic_demo,false
DEMO-IMAGE-0163,earring,synthetic_demo,Synthetic demo metadata,https://github.com/wa52/ai-customer-service/tree/main/data,synthetic_demo,false
DEMO-IMAGE-0164,bracelet,synthetic_demo,Synthetic demo metadata,https://github.com/wa52/ai-customer-service/tree/main/data,synthetic_demo,false
DEMO-IMAGE-0165,ring,synthetic_demo,Synthetic demo metadata,https://github.com/wa52/ai-customer-service/tree/main/data,synthetic_demo,false
DEMO-IMAGE-0166,necklace,synthetic_demo,Synthetic demo metadata,https://github.com/wa52/ai-customer-service/tree/main/data,synthetic_demo,false
DEMO-IMAGE-0167,earring,synthetic_demo,Synthetic demo metadata,https://github.com/wa52/ai-customer-service/tree/main/data,synthetic_demo,false
DEMO-IMAGE-0168,bracelet,synthetic_demo,Synthetic demo metadata,https://github.com/wa52/ai-customer-service/tree/main/data,synthetic_demo,false
DEMO-IMAGE-0169,ring,synthetic_demo,Synthetic demo metadata,https://github.com/wa52/ai-customer-service/tree/main/data,synthetic_demo,false
DEMO-IMAGE-0170,necklace,synthetic_demo,Synthetic demo metadata,https://github.com/wa52/ai-customer-service/tree/main/data,synthetic_demo,false
DEMO-IMAGE-0171,earring,synthetic_demo,Synthetic demo metadata,https://github.com/wa52/ai-customer-service/tree/main/data,synthetic_demo,false
DEMO-IMAGE-0172,bracelet,synthetic_demo,Synthetic demo metadata,https://github.com/wa52/ai-customer-service/tree/main/data,synthetic_demo,false
DEMO-IMAGE-0173,ring,synthetic_demo,Synthetic demo metadata,https://github.com/wa52/ai-customer-service/tree/main/data,synthetic_demo,false
DEMO-IMAGE-0174,necklace,synthetic_demo,Synthetic demo metadata,https://github.com/wa52/ai-customer-service/tree/main/data,synthetic_demo,false
DEMO-IMAGE-0175,earring,synthetic_demo,Synthetic demo metadata,https://github.com/wa52/ai-customer-service/tree/main/data,synthetic_demo,false
DEMO-IMAGE-0176,bracelet,synthetic_demo,Synthetic demo metadata,https://github.com/wa52/ai-customer-service/tree/main/data,synthetic_demo,false
DEMO-IMAGE-0177,ring,synthetic_demo,Synthetic demo metadata,https://github.com/wa52/ai-customer-service/tree/main/data,synthetic_demo,false
DEMO-IMAGE-0178,necklace,synthetic_demo,Synthetic demo metadata,https://github.com/wa52/ai-customer-service/tree/main/data,synthetic_demo,false
DEMO-IMAGE-0179,earring,synthetic_demo,Synthetic demo metadata,https://github.com/wa52/ai-customer-service/tree/main/data,synthetic_demo,false
DEMO-IMAGE-0180,bracelet,synthetic_demo,Synthetic demo metadata,https://github.com/wa52/ai-customer-service/tree/main/data,synthetic_demo,false
DEMO-IMAGE-0181,ring,synthetic_demo,Synthetic demo metadata,https://github.com/wa52/ai-customer-service/tree/main/data,synthetic_demo,false
DEMO-IMAGE-0182,necklace,synthetic_demo,Synthetic demo metadata,https://github.com/wa52/ai-customer-service/tree/main/data,synthetic_demo,false
DEMO-IMAGE-0183,earring,synthetic_demo,Synthetic demo metadata,https://github.com/wa52/ai-customer-service/tree/main/data,synthetic_demo,false
DEMO-IMAGE-0184,bracelet,synthetic_demo,Synthetic demo metadata,https://github.com/wa52/ai-customer-service/tree/main/data,synthetic_demo,false
DEMO-IMAGE-0185,ring,synthetic_demo,Synthetic demo metadata,https://github.com/wa52/ai-customer-service/tree/main/data,synthetic_demo,false
DEMO-IMAGE-0186,necklace,synthetic_demo,Synthetic demo metadata,https://github.com/wa52/ai-customer-service/tree/main/data,synthetic_demo,false
DEMO-IMAGE-0187,earring,synthetic_demo,Synthetic demo metadata,https://github.com/wa52/ai-customer-service/tree/main/data,synthetic_demo,false
DEMO-IMAGE-0188,bracelet,synthetic_demo,Synthetic demo metadata,https://github.com/wa52/ai-customer-service/tree/main/data,synthetic_demo,false
DEMO-IMAGE-0189,ring,synthetic_demo,Synthetic demo metadata,https://github.com/wa52/ai-customer-service/tree/main/data,synthetic_demo,false
DEMO-IMAGE-0190,necklace,synthetic_demo,Synthetic demo metadata,https://github.com/wa52/ai-customer-service/tree/main/data,synthetic_demo,false
DEMO-IMAGE-0191,earring,synthetic_demo,Synthetic demo metadata,https://github.com/wa52/ai-customer-service/tree/main/data,synthetic_demo,false
DEMO-IMAGE-0192,bracelet,synthetic_demo,Synthetic demo metadata,https://github.com/wa52/ai-customer-service/tree/main/data,synthetic_demo,false
DEMO-IMAGE-0193,ring,synthetic_demo,Synthetic demo metadata,https://github.com/wa52/ai-customer-service/tree/main/data,synthetic_demo,false
DEMO-IMAGE-0194,necklace,synthetic_demo,Synthetic demo metadata,https://github.com/wa52/ai-customer-service/tree/main/data,synthetic_demo,false
DEMO-IMAGE-0195,earring,synthetic_demo,Synthetic demo metadata,https://github.com/wa52/ai-customer-service/tree/main/data,synthetic_demo,false
DEMO-IMAGE-0196,bracelet,synthetic_demo,Synthetic demo metadata,https://github.com/wa52/ai-customer-service/tree/main/data,synthetic_demo,false
DEMO-IMAGE-0197,ring,synthetic_demo,Synthetic demo metadata,https://github.com/wa52/ai-customer-service/tree/main/data,synthetic_demo,false
DEMO-IMAGE-0198,necklace,synthetic_demo,Synthetic demo metadata,https://github.com/wa52/ai-customer-service/tree/main/data,synthetic_demo,false
DEMO-IMAGE-0199,earring,synthetic_demo,Synthetic demo metadata,https://github.com/wa52/ai-customer-service/tree/main/data,synthetic_demo,false
DEMO-IMAGE-0200,bracelet,synthetic_demo,Synthetic demo metadata,https://github.com/wa52/ai-customer-service/tree/main/data,synthetic_demo,false
DEMO-IMAGE-0201,ring,synthetic_demo,Synthetic demo metadata,https://github.com/wa52/ai-customer-service/tree/main/data,synthetic_demo,false
DEMO-IMAGE-0202,necklace,synthetic_demo,Synthetic demo metadata,https://github.com/wa52/ai-customer-service/tree/main/data,synthetic_demo,false
DEMO-IMAGE-0203,earring,synthetic_demo,Synthetic demo metadata,https://github.com/wa52/ai-customer-service/tree/main/data,synthetic_demo,false
DEMO-IMAGE-0204,bracelet,synthetic_demo,Synthetic demo metadata,https://github.com/wa52/ai-customer-service/tree/main/data,synthetic_demo,false
DEMO-IMAGE-0205,ring,synthetic_demo,Synthetic demo metadata,https://github.com/wa52/ai-customer-service/tree/main/data,synthetic_demo,false
DEMO-IMAGE-0206,necklace,synthetic_demo,Synthetic demo metadata,https://github.com/wa52/ai-customer-service/tree/main/data,synthetic_demo,false
DEMO-IMAGE-0207,earring,synthetic_demo,Synthetic demo metadata,https://github.com/wa52/ai-customer-service/tree/main/data,synthetic_demo,false
DEMO-IMAGE-0208,bracelet,synthetic_demo,Synthetic demo metadata,https://github.com/wa52/ai-customer-service/tree/main/data,synthetic_demo,false
DEMO-IMAGE-0209,ring,synthetic_demo,Synthetic demo metadata,https://github.com/wa52/ai-customer-service/tree/main/data,synthetic_demo,false
DEMO-IMAGE-0210,necklace,synthetic_demo,Synthetic demo metadata,https://github.com/wa52/ai-customer-service/tree/main/data,synthetic_demo,false
DEMO-IMAGE-0211,earring,synthetic_demo,Synthetic demo metadata,https://github.com/wa52/ai-customer-service/tree/main/data,synthetic_demo,false
DEMO-IMAGE-0212,bracelet,synthetic_demo,Synthetic demo metadata,https://github.com/wa52/ai-customer-service/tree/main/data,synthetic_demo,false
DEMO-IMAGE-0213,ring,synthetic_demo,Synthetic demo metadata,https://github.com/wa52/ai-customer-service/tree/main/data,synthetic_demo,false
DEMO-IMAGE-0214,necklace,synthetic_demo,Synthetic demo metadata,https://github.com/wa52/ai-customer-service/tree/main/data,synthetic_demo,false
DEMO-IMAGE-0215,earring,synthetic_demo,Synthetic demo metadata,https://github.com/wa52/ai-customer-service/tree/main/data,synthetic_demo,false
DEMO-IMAGE-0216,bracelet,synthetic_demo,Synthetic demo metadata,https://github.com/wa52/ai-customer-service/tree/main/data,synthetic_demo,false
DEMO-IMAGE-0217,ring,synthetic_demo,Synthetic demo metadata,https://github.com/wa52/ai-customer-service/tree/main/data,synthetic_demo,false
DEMO-IMAGE-0218,necklace,synthetic_demo,Synthetic demo metadata,https://github.com/wa52/ai-customer-service/tree/main/data,synthetic_demo,false
DEMO-IMAGE-0219,earring,synthetic_demo,Synthetic demo metadata,https://github.com/wa52/ai-customer-service/tree/main/data,synthetic_demo,false
DEMO-IMAGE-0220,bracelet,synthetic_demo,Synthetic demo metadata,https://github.com/wa52/ai-customer-service/tree/main/data,synthetic_demo,false
DEMO-IMAGE-0221,ring,synthetic_demo,Synthetic demo metadata,https://github.com/wa52/ai-customer-service/tree/main/data,synthetic_demo,false
DEMO-IMAGE-0222,necklace,synthetic_demo,Synthetic demo metadata,https://github.com/wa52/ai-customer-service/tree/main/data,synthetic_demo,false
DEMO-IMAGE-0223,earring,synthetic_demo,Synthetic demo metadata,https://github.com/wa52/ai-customer-service/tree/main/data,synthetic_demo,false
DEMO-IMAGE-0224,bracelet,synthetic_demo,Synthetic demo metadata,https://github.com/wa52/ai-customer-service/tree/main/data,synthetic_demo,false
DEMO-IMAGE-0225,ring,synthetic_demo,Synthetic demo metadata,https://github.com/wa52/ai-customer-service/tree/main/data,synthetic_demo,false
DEMO-IMAGE-0226,necklace,synthetic_demo,Synthetic demo metadata,https://github.com/wa52/ai-customer-service/tree/main/data,synthetic_demo,false
DEMO-IMAGE-0227,earring,synthetic_demo,Synthetic demo metadata,https://github.com/wa52/ai-customer-service/tree/main/data,synthetic_demo,false
DEMO-IMAGE-0228,bracelet,synthetic_demo,Synthetic demo metadata,https://github.com/wa52/ai-customer-service/tree/main/data,synthetic_demo,false
DEMO-IMAGE-0229,ring,synthetic_demo,Synthetic demo metadata,https://github.com/wa52/ai-customer-service/tree/main/data,synthetic_demo,false
DEMO-IMAGE-0230,necklace,synthetic_demo,Synthetic demo metadata,https://github.com/wa52/ai-customer-service/tree/main/data,synthetic_demo,false
DEMO-IMAGE-0231,earring,synthetic_demo,Synthetic demo metadata,https://github.com/wa52/ai-customer-service/tree/main/data,synthetic_demo,false
DEMO-IMAGE-0232,bracelet,synthetic_demo,Synthetic demo metadata,https://github.com/wa52/ai-customer-service/tree/main/data,synthetic_demo,false
DEMO-IMAGE-0233,ring,synthetic_demo,Synthetic demo metadata,https://github.com/wa52/ai-customer-service/tree/main/data,synthetic_demo,false
DEMO-IMAGE-0234,necklace,synthetic_demo,Synthetic demo metadata,https://github.com/wa52/ai-customer-service/tree/main/data,synthetic_demo,false
DEMO-IMAGE-0235,earring,synthetic_demo,Synthetic demo metadata,https://github.com/wa52/ai-customer-service/tree/main/data,synthetic_demo,false
DEMO-IMAGE-0236,bracelet,synthetic_demo,Synthetic demo metadata,https://github.com/wa52/ai-customer-service/tree/main/data,synthetic_demo,false
DEMO-IMAGE-0237,ring,synthetic_demo,Synthetic demo metadata,https://github.com/wa52/ai-customer-service/tree/main/data,synthetic_demo,false
DEMO-IMAGE-0238,necklace,synthetic_demo,Synthetic demo metadata,https://github.com/wa52/ai-customer-service/tree/main/data,synthetic_demo,false
DEMO-IMAGE-0239,earring,synthetic_demo,Synthetic demo metadata,https://github.com/wa52/ai-customer-service/tree/main/data,synthetic_demo,false
DEMO-IMAGE-0240,bracelet,synthetic_demo,Synthetic demo metadata,https://github.com/wa52/ai-customer-service/tree/main/data,synthetic_demo,false
DEMO-IMAGE-0241,ring,synthetic_demo,Synthetic demo metadata,https://github.com/wa52/ai-customer-service/tree/main/data,synthetic_demo,false
DEMO-IMAGE-0242,necklace,synthetic_demo,Synthetic demo metadata,https://github.com/wa52/ai-customer-service/tree/main/data,synthetic_demo,false
DEMO-IMAGE-0243,earring,synthetic_demo,Synthetic demo metadata,https://github.com/wa52/ai-customer-service/tree/main/data,synthetic_demo,false
DEMO-IMAGE-0244,bracelet,synthetic_demo,Synthetic demo metadata,https://github.com/wa52/ai-customer-service/tree/main/data,synthetic_demo,false
DEMO-IMAGE-0245,ring,synthetic_demo,Synthetic demo metadata,https://github.com/wa52/ai-customer-service/tree/main/data,synthetic_demo,false
DEMO-IMAGE-0246,necklace,synthetic_demo,Synthetic demo metadata,https://github.com/wa52/ai-customer-service/tree/main/data,synthetic_demo,false
DEMO-IMAGE-0247,earring,synthetic_demo,Synthetic demo metadata,https://github.com/wa52/ai-customer-service/tree/main/data,synthetic_demo,false
DEMO-IMAGE-0248,bracelet,synthetic_demo,Synthetic demo metadata,https://github.com/wa52/ai-customer-service/tree/main/data,synthetic_demo,false
DEMO-IMAGE-0249,ring,synthetic_demo,Synthetic demo metadata,https://github.com/wa52/ai-customer-service/tree/main/data,synthetic_demo,false
DEMO-IMAGE-0250,necklace,synthetic_demo,Synthetic demo metadata,https://github.com/wa52/ai-customer-service/tree/main/data,synthetic_demo,false
DEMO-IMAGE-0251,earring,synthetic_demo,Synthetic demo metadata,https://github.com/wa52/ai-customer-service/tree/main/data,synthetic_demo,false
DEMO-IMAGE-0252,bracelet,synthetic_demo,Synthetic demo metadata,https://github.com/wa52/ai-customer-service/tree/main/data,synthetic_demo,false
DEMO-IMAGE-0253,ring,synthetic_demo,Synthetic demo metadata,https://github.com/wa52/ai-customer-service/tree/main/data,synthetic_demo,false
DEMO-IMAGE-0254,necklace,synthetic_demo,Synthetic demo metadata,https://github.com/wa52/ai-customer-service/tree/main/data,synthetic_demo,false
DEMO-IMAGE-0255,earring,synthetic_demo,Synthetic demo metadata,https://github.com/wa52/ai-customer-service/tree/main/data,synthetic_demo,false
DEMO-IMAGE-0256,bracelet,synthetic_demo,Synthetic demo metadata,https://github.com/wa52/ai-customer-service/tree/main/data,synthetic_demo,false
DEMO-IMAGE-0257,ring,synthetic_demo,Synthetic demo metadata,https://github.com/wa52/ai-customer-service/tree/main/data,synthetic_demo,false
DEMO-IMAGE-0258,necklace,synthetic_demo,Synthetic demo metadata,https://github.com/wa52/ai-customer-service/tree/main/data,synthetic_demo,false
DEMO-IMAGE-0259,earring,synthetic_demo,Synthetic demo metadata,https://github.com/wa52/ai-customer-service/tree/main/data,synthetic_demo,false
DEMO-IMAGE-0260,bracelet,synthetic_demo,Synthetic demo metadata,https://github.com/wa52/ai-customer-service/tree/main/data,synthetic_demo,false
DEMO-IMAGE-0261,ring,synthetic_demo,Synthetic demo metadata,https://github.com/wa52/ai-customer-service/tree/main/data,synthetic_demo,false
DEMO-IMAGE-0262,necklace,synthetic_demo,Synthetic demo metadata,https://github.com/wa52/ai-customer-service/tree/main/data,synthetic_demo,false
DEMO-IMAGE-0263,earring,synthetic_demo,Synthetic demo metadata,https://github.com/wa52/ai-customer-service/tree/main/data,synthetic_demo,false
DEMO-IMAGE-0264,bracelet,synthetic_demo,Synthetic demo metadata,https://github.com/wa52/ai-customer-service/tree/main/data,synthetic_demo,false
DEMO-IMAGE-0265,ring,synthetic_demo,Synthetic demo metadata,https://github.com/wa52/ai-customer-service/tree/main/data,synthetic_demo,false
DEMO-IMAGE-0266,necklace,synthetic_demo,Synthetic demo metadata,https://github.com/wa52/ai-customer-service/tree/main/data,synthetic_demo,false
DEMO-IMAGE-0267,earring,synthetic_demo,Synthetic demo metadata,https://github.com/wa52/ai-customer-service/tree/main/data,synthetic_demo,false
DEMO-IMAGE-0268,bracelet,synthetic_demo,Synthetic demo metadata,https://github.com/wa52/ai-customer-service/tree/main/data,synthetic_demo,false
DEMO-IMAGE-0269,ring,synthetic_demo,Synthetic demo metadata,https://github.com/wa52/ai-customer-service/tree/main/data,synthetic_demo,false
DEMO-IMAGE-0270,necklace,synthetic_demo,Synthetic demo metadata,https://github.com/wa52/ai-customer-service/tree/main/data,synthetic_demo,false
DEMO-IMAGE-0271,earring,synthetic_demo,Synthetic demo metadata,https://github.com/wa52/ai-customer-service/tree/main/data,synthetic_demo,false
DEMO-IMAGE-0272,bracelet,synthetic_demo,Synthetic demo metadata,https://github.com/wa52/ai-customer-service/tree/main/data,synthetic_demo,false
DEMO-IMAGE-0273,ring,synthetic_demo,Synthetic demo metadata,https://github.com/wa52/ai-customer-service/tree/main/data,synthetic_demo,false
DEMO-IMAGE-0274,necklace,synthetic_demo,Synthetic demo metadata,https://github.com/wa52/ai-customer-service/tree/main/data,synthetic_demo,false
DEMO-IMAGE-0275,earring,synthetic_demo,Synthetic demo metadata,https://github.com/wa52/ai-customer-service/tree/main/data,synthetic_demo,false
DEMO-IMAGE-0276,bracelet,synthetic_demo,Synthetic demo metadata,https://github.com/wa52/ai-customer-service/tree/main/data,synthetic_demo,false
DEMO-IMAGE-0277,ring,synthetic_demo,Synthetic demo metadata,https://github.com/wa52/ai-customer-service/tree/main/data,synthetic_demo,false
DEMO-IMAGE-0278,necklace,synthetic_demo,Synthetic demo metadata,https://github.com/wa52/ai-customer-service/tree/main/data,synthetic_demo,false
DEMO-IMAGE-0279,earring,synthetic_demo,Synthetic demo metadata,https://github.com/wa52/ai-customer-service/tree/main/data,synthetic_demo,false
DEMO-IMAGE-0280,bracelet,synthetic_demo,Synthetic demo metadata,https://github.com/wa52/ai-customer-service/tree/main/data,synthetic_demo,false
DEMO-IMAGE-0281,ring,synthetic_demo,Synthetic demo metadata,https://github.com/wa52/ai-customer-service/tree/main/data,synthetic_demo,false
DEMO-IMAGE-0282,necklace,synthetic_demo,Synthetic demo metadata,https://github.com/wa52/ai-customer-service/tree/main/data,synthetic_demo,false
DEMO-IMAGE-0283,earring,synthetic_demo,Synthetic demo metadata,https://github.com/wa52/ai-customer-service/tree/main/data,synthetic_demo,false
DEMO-IMAGE-0284,bracelet,synthetic_demo,Synthetic demo metadata,https://github.com/wa52/ai-customer-service/tree/main/data,synthetic_demo,false
DEMO-IMAGE-0285,ring,synthetic_demo,Synthetic demo metadata,https://github.com/wa52/ai-customer-service/tree/main/data,synthetic_demo,false
DEMO-IMAGE-0286,necklace,synthetic_demo,Synthetic demo metadata,https://github.com/wa52/ai-customer-service/tree/main/data,synthetic_demo,false
DEMO-IMAGE-0287,earring,synthetic_demo,Synthetic demo metadata,https://github.com/wa52/ai-customer-service/tree/main/data,synthetic_demo,false
DEMO-IMAGE-0288,bracelet,synthetic_demo,Synthetic demo metadata,https://github.com/wa52/ai-customer-service/tree/main/data,synthetic_demo,false
DEMO-IMAGE-0289,ring,synthetic_demo,Synthetic demo metadata,https://github.com/wa52/ai-customer-service/tree/main/data,synthetic_demo,false
DEMO-IMAGE-0290,necklace,synthetic_demo,Synthetic demo metadata,https://github.com/wa52/ai-customer-service/tree/main/data,synthetic_demo,false
DEMO-IMAGE-0291,earring,synthetic_demo,Synthetic demo metadata,https://github.com/wa52/ai-customer-service/tree/main/data,synthetic_demo,false
DEMO-IMAGE-0292,bracelet,synthetic_demo,Synthetic demo metadata,https://github.com/wa52/ai-customer-service/tree/main/data,synthetic_demo,false
DEMO-IMAGE-0293,ring,synthetic_demo,Synthetic demo metadata,https://github.com/wa52/ai-customer-service/tree/main/data,synthetic_demo,false
DEMO-IMAGE-0294,necklace,synthetic_demo,Synthetic demo metadata,https://github.com/wa52/ai-customer-service/tree/main/data,synthetic_demo,false
DEMO-IMAGE-0295,earring,synthetic_demo,Synthetic demo metadata,https://github.com/wa52/ai-customer-service/tree/main/data,synthetic_demo,false
DEMO-IMAGE-0296,bracelet,synthetic_demo,Synthetic demo metadata,https://github.com/wa52/ai-customer-service/tree/main/data,synthetic_demo,false
DEMO-IMAGE-0297,ring,synthetic_demo,Synthetic demo metadata,https://github.com/wa52/ai-customer-service/tree/main/data,synthetic_demo,false
DEMO-IMAGE-0298,necklace,synthetic_demo,Synthetic demo metadata,https://github.com/wa52/ai-customer-service/tree/main/data,synthetic_demo,false
DEMO-IMAGE-0299,earring,synthetic_demo,Synthetic demo metadata,https://github.com/wa52/ai-customer-service/tree/main/data,synthetic_demo,false
DEMO-IMAGE-0300,bracelet,synthetic_demo,Synthetic demo metadata,https://github.com/wa52/ai-customer-service/tree/main/data,synthetic_demo,false
DEMO-IMAGE-0301,ring,synthetic_demo,Synthetic demo metadata,https://github.com/wa52/ai-customer-service/tree/main/data,synthetic_demo,false
DEMO-IMAGE-0302,necklace,synthetic_demo,Synthetic demo metadata,https://github.com/wa52/ai-customer-service/tree/main/data,synthetic_demo,false
DEMO-IMAGE-0303,earring,synthetic_demo,Synthetic demo metadata,https://github.com/wa52/ai-customer-service/tree/main/data,synthetic_demo,false
DEMO-IMAGE-0304,bracelet,synthetic_demo,Synthetic demo metadata,https://github.com/wa52/ai-customer-service/tree/main/data,synthetic_demo,false
DEMO-IMAGE-0305,ring,synthetic_demo,Synthetic demo metadata,https://github.com/wa52/ai-customer-service/tree/main/data,synthetic_demo,false
DEMO-IMAGE-0306,necklace,synthetic_demo,Synthetic demo metadata,https://github.com/wa52/ai-customer-service/tree/main/data,synthetic_demo,false
DEMO-IMAGE-0307,earring,synthetic_demo,Synthetic demo metadata,https://github.com/wa52/ai-customer-service/tree/main/data,synthetic_demo,false
DEMO-IMAGE-0308,bracelet,synthetic_demo,Synthetic demo metadata,https://github.com/wa52/ai-customer-service/tree/main/data,synthetic_demo,false
DEMO-IMAGE-0309,ring,synthetic_demo,Synthetic demo metadata,https://github.com/wa52/ai-customer-service/tree/main/data,synthetic_demo,false
DEMO-IMAGE-0310,necklace,synthetic_demo,Synthetic demo metadata,https://github.com/wa52/ai-customer-service/tree/main/data,synthetic_demo,false
DEMO-IMAGE-0311,earring,synthetic_demo,Synthetic demo metadata,https://github.com/wa52/ai-customer-service/tree/main/data,synthetic_demo,false
DEMO-IMAGE-0312,bracelet,synthetic_demo,Synthetic demo metadata,https://github.com/wa52/ai-customer-service/tree/main/data,synthetic_demo,false
DEMO-IMAGE-0313,ring,synthetic_demo,Synthetic demo metadata,https://github.com/wa52/ai-customer-service/tree/main/data,synthetic_demo,false
DEMO-IMAGE-0314,necklace,synthetic_demo,Synthetic demo metadata,https://github.com/wa52/ai-customer-service/tree/main/data,synthetic_demo,false
DEMO-IMAGE-0315,earring,synthetic_demo,Synthetic demo metadata,https://github.com/wa52/ai-customer-service/tree/main/data,synthetic_demo,false
DEMO-IMAGE-0316,bracelet,synthetic_demo,Synthetic demo metadata,https://github.com/wa52/ai-customer-service/tree/main/data,synthetic_demo,false
DEMO-IMAGE-0317,ring,synthetic_demo,Synthetic demo metadata,https://github.com/wa52/ai-customer-service/tree/main/data,synthetic_demo,false
DEMO-IMAGE-0318,necklace,synthetic_demo,Synthetic demo metadata,https://github.com/wa52/ai-customer-service/tree/main/data,synthetic_demo,false
DEMO-IMAGE-0319,earring,synthetic_demo,Synthetic demo metadata,https://github.com/wa52/ai-customer-service/tree/main/data,synthetic_demo,false
DEMO-IMAGE-0320,bracelet,synthetic_demo,Synthetic demo metadata,https://github.com/wa52/ai-customer-service/tree/main/data,synthetic_demo,false
DEMO-IMAGE-0321,ring,synthetic_demo,Synthetic demo metadata,https://github.com/wa52/ai-customer-service/tree/main/data,synthetic_demo,false
DEMO-IMAGE-0322,necklace,synthetic_demo,Synthetic demo metadata,https://github.com/wa52/ai-customer-service/tree/main/data,synthetic_demo,false
DEMO-IMAGE-0323,earring,synthetic_demo,Synthetic demo metadata,https://github.com/wa52/ai-customer-service/tree/main/data,synthetic_demo,false
DEMO-IMAGE-0324,bracelet,synthetic_demo,Synthetic demo metadata,https://github.com/wa52/ai-customer-service/tree/main/data,synthetic_demo,false
DEMO-IMAGE-0325,ring,synthetic_demo,Synthetic demo metadata,https://github.com/wa52/ai-customer-service/tree/main/data,synthetic_demo,false
DEMO-IMAGE-0326,necklace,synthetic_demo,Synthetic demo metadata,https://github.com/wa52/ai-customer-service/tree/main/data,synthetic_demo,false
DEMO-IMAGE-0327,earring,synthetic_demo,Synthetic demo metadata,https://github.com/wa52/ai-customer-service/tree/main/data,synthetic_demo,false
DEMO-IMAGE-0328,bracelet,synthetic_demo,Synthetic demo metadata,https://github.com/wa52/ai-customer-service/tree/main/data,synthetic_demo,false
DEMO-IMAGE-0329,ring,synthetic_demo,Synthetic demo metadata,https://github.com/wa52/ai-customer-service/tree/main/data,synthetic_demo,false
DEMO-IMAGE-0330,necklace,synthetic_demo,Synthetic demo metadata,https://github.com/wa52/ai-customer-service/tree/main/data,synthetic_demo,false
DEMO-IMAGE-0331,earring,synthetic_demo,Synthetic demo metadata,https://github.com/wa52/ai-customer-service/tree/main/data,synthetic_demo,false
DEMO-IMAGE-0332,bracelet,synthetic_demo,Synthetic demo metadata,https://github.com/wa52/ai-customer-service/tree/main/data,synthetic_demo,false
DEMO-IMAGE-0333,ring,synthetic_demo,Synthetic demo metadata,https://github.com/wa52/ai-customer-service/tree/main/data,synthetic_demo,false
DEMO-IMAGE-0334,necklace,synthetic_demo,Synthetic demo metadata,https://github.com/wa52/ai-customer-service/tree/main/data,synthetic_demo,false
DEMO-IMAGE-0335,earring,synthetic_demo,Synthetic demo metadata,https://github.com/wa52/ai-customer-service/tree/main/data,synthetic_demo,false
DEMO-IMAGE-0336,bracelet,synthetic_demo,Synthetic demo metadata,https://github.com/wa52/ai-customer-service/tree/main/data,synthetic_demo,false
DEMO-IMAGE-0337,ring,synthetic_demo,Synthetic demo metadata,https://github.com/wa52/ai-customer-service/tree/main/data,synthetic_demo,false
DEMO-IMAGE-0338,necklace,synthetic_demo,Synthetic demo metadata,https://github.com/wa52/ai-customer-service/tree/main/data,synthetic_demo,false
DEMO-IMAGE-0339,earring,synthetic_demo,Synthetic demo metadata,https://github.com/wa52/ai-customer-service/tree/main/data,synthetic_demo,false
DEMO-IMAGE-0340,bracelet,synthetic_demo,Synthetic demo metadata,https://github.com/wa52/ai-customer-service/tree/main/data,synthetic_demo,false
DEMO-IMAGE-0341,ring,synthetic_demo,Synthetic demo metadata,https://github.com/wa52/ai-customer-service/tree/main/data,synthetic_demo,false
DEMO-IMAGE-0342,necklace,synthetic_demo,Synthetic demo metadata,https://github.com/wa52/ai-customer-service/tree/main/data,synthetic_demo,false
DEMO-IMAGE-0343,earring,synthetic_demo,Synthetic demo metadata,https://github.com/wa52/ai-customer-service/tree/main/data,synthetic_demo,false
DEMO-IMAGE-0344,bracelet,synthetic_demo,Synthetic demo metadata,https://github.com/wa52/ai-customer-service/tree/main/data,synthetic_demo,false
DEMO-IMAGE-0345,ring,synthetic_demo,Synthetic demo metadata,https://github.com/wa52/ai-customer-service/tree/main/data,synthetic_demo,false
DEMO-IMAGE-0346,necklace,synthetic_demo,Synthetic demo metadata,https://github.com/wa52/ai-customer-service/tree/main/data,synthetic_demo,false
DEMO-IMAGE-0347,earring,synthetic_demo,Synthetic demo metadata,https://github.com/wa52/ai-customer-service/tree/main/data,synthetic_demo,false
DEMO-IMAGE-0348,bracelet,synthetic_demo,Synthetic demo metadata,https://github.com/wa52/ai-customer-service/tree/main/data,synthetic_demo,false
DEMO-IMAGE-0349,ring,synthetic_demo,Synthetic demo metadata,https://github.com/wa52/ai-customer-service/tree/main/data,synthetic_demo,false
DEMO-IMAGE-0350,necklace,synthetic_demo,Synthetic demo metadata,https://github.com/wa52/ai-customer-service/tree/main/data,synthetic_demo,false
DEMO-IMAGE-0351,earring,synthetic_demo,Synthetic demo metadata,https://github.com/wa52/ai-customer-service/tree/main/data,synthetic_demo,false
DEMO-IMAGE-0352,bracelet,synthetic_demo,Synthetic demo metadata,https://github.com/wa52/ai-customer-service/tree/main/data,synthetic_demo,false
DEMO-IMAGE-0353,ring,synthetic_demo,Synthetic demo metadata,https://github.com/wa52/ai-customer-service/tree/main/data,synthetic_demo,false
DEMO-IMAGE-0354,necklace,synthetic_demo,Synthetic demo metadata,https://github.com/wa52/ai-customer-service/tree/main/data,synthetic_demo,false
DEMO-IMAGE-0355,earring,synthetic_demo,Synthetic demo metadata,https://github.com/wa52/ai-customer-service/tree/main/data,synthetic_demo,false
DEMO-IMAGE-0356,bracelet,synthetic_demo,Synthetic demo metadata,https://github.com/wa52/ai-customer-service/tree/main/data,synthetic_demo,false
DEMO-IMAGE-0357,ring,synthetic_demo,Synthetic demo metadata,https://github.com/wa52/ai-customer-service/tree/main/data,synthetic_demo,false
DEMO-IMAGE-0358,necklace,synthetic_demo,Synthetic demo metadata,https://github.com/wa52/ai-customer-service/tree/main/data,synthetic_demo,false
DEMO-IMAGE-0359,earring,synthetic_demo,Synthetic demo metadata,https://github.com/wa52/ai-customer-service/tree/main/data,synthetic_demo,false
DEMO-IMAGE-0360,bracelet,synthetic_demo,Synthetic demo metadata,https://github.com/wa52/ai-customer-service/tree/main/data,synthetic_demo,false
DEMO-IMAGE-0361,ring,synthetic_demo,Synthetic demo metadata,https://github.com/wa52/ai-customer-service/tree/main/data,synthetic_demo,false
DEMO-IMAGE-0362,necklace,synthetic_demo,Synthetic demo metadata,https://github.com/wa52/ai-customer-service/tree/main/data,synthetic_demo,false
DEMO-IMAGE-0363,earring,synthetic_demo,Synthetic demo metadata,https://github.com/wa52/ai-customer-service/tree/main/data,synthetic_demo,false
DEMO-IMAGE-0364,bracelet,synthetic_demo,Synthetic demo metadata,https://github.com/wa52/ai-customer-service/tree/main/data,synthetic_demo,false
DEMO-IMAGE-0365,ring,synthetic_demo,Synthetic demo metadata,https://github.com/wa52/ai-customer-service/tree/main/data,synthetic_demo,false
DEMO-IMAGE-0366,necklace,synthetic_demo,Synthetic demo metadata,https://github.com/wa52/ai-customer-service/tree/main/data,synthetic_demo,false
DEMO-IMAGE-0367,earring,synthetic_demo,Synthetic demo metadata,https://github.com/wa52/ai-customer-service/tree/main/data,synthetic_demo,false
DEMO-IMAGE-0368,bracelet,synthetic_demo,Synthetic demo metadata,https://github.com/wa52/ai-customer-service/tree/main/data,synthetic_demo,false
DEMO-IMAGE-0369,ring,synthetic_demo,Synthetic demo metadata,https://github.com/wa52/ai-customer-service/tree/main/data,synthetic_demo,false
DEMO-IMAGE-0370,necklace,synthetic_demo,Synthetic demo metadata,https://github.com/wa52/ai-customer-service/tree/main/data,synthetic_demo,false
DEMO-IMAGE-0371,earring,synthetic_demo,Synthetic demo metadata,https://github.com/wa52/ai-customer-service/tree/main/data,synthetic_demo,false
DEMO-IMAGE-0372,bracelet,synthetic_demo,Synthetic demo metadata,https://github.com/wa52/ai-customer-service/tree/main/data,synthetic_demo,false
DEMO-IMAGE-0373,ring,synthetic_demo,Synthetic demo metadata,https://github.com/wa52/ai-customer-service/tree/main/data,synthetic_demo,false
DEMO-IMAGE-0374,necklace,synthetic_demo,Synthetic demo metadata,https://github.com/wa52/ai-customer-service/tree/main/data,synthetic_demo,false
DEMO-IMAGE-0375,earring,synthetic_demo,Synthetic demo metadata,https://github.com/wa52/ai-customer-service/tree/main/data,synthetic_demo,false
DEMO-IMAGE-0376,bracelet,synthetic_demo,Synthetic demo metadata,https://github.com/wa52/ai-customer-service/tree/main/data,synthetic_demo,false
DEMO-IMAGE-0377,ring,synthetic_demo,Synthetic demo metadata,https://github.com/wa52/ai-customer-service/tree/main/data,synthetic_demo,false
DEMO-IMAGE-0378,necklace,synthetic_demo,Synthetic demo metadata,https://github.com/wa52/ai-customer-service/tree/main/data,synthetic_demo,false
DEMO-IMAGE-0379,earring,synthetic_demo,Synthetic demo metadata,https://github.com/wa52/ai-customer-service/tree/main/data,synthetic_demo,false
DEMO-IMAGE-0380,bracelet,synthetic_demo,Synthetic demo metadata,https://github.com/wa52/ai-customer-service/tree/main/data,synthetic_demo,false
DEMO-IMAGE-0381,ring,synthetic_demo,Synthetic demo metadata,https://github.com/wa52/ai-customer-service/tree/main/data,synthetic_demo,false
DEMO-IMAGE-0382,necklace,synthetic_demo,Synthetic demo metadata,https://github.com/wa52/ai-customer-service/tree/main/data,synthetic_demo,false
DEMO-IMAGE-0383,earring,synthetic_demo,Synthetic demo metadata,https://github.com/wa52/ai-customer-service/tree/main/data,synthetic_demo,false
DEMO-IMAGE-0384,bracelet,synthetic_demo,Synthetic demo metadata,https://github.com/wa52/ai-customer-service/tree/main/data,synthetic_demo,false
DEMO-IMAGE-0385,ring,synthetic_demo,Synthetic demo metadata,https://github.com/wa52/ai-customer-service/tree/main/data,synthetic_demo,false
DEMO-IMAGE-0386,necklace,synthetic_demo,Synthetic demo metadata,https://github.com/wa52/ai-customer-service/tree/main/data,synthetic_demo,false
DEMO-IMAGE-0387,earring,synthetic_demo,Synthetic demo metadata,https://github.com/wa52/ai-customer-service/tree/main/data,synthetic_demo,false
DEMO-IMAGE-0388,bracelet,synthetic_demo,Synthetic demo metadata,https://github.com/wa52/ai-customer-service/tree/main/data,synthetic_demo,false
DEMO-IMAGE-0389,ring,synthetic_demo,Synthetic demo metadata,https://github.com/wa52/ai-customer-service/tree/main/data,synthetic_demo,false
DEMO-IMAGE-0390,necklace,synthetic_demo,Synthetic demo metadata,https://github.com/wa52/ai-customer-service/tree/main/data,synthetic_demo,false
DEMO-IMAGE-0391,earring,synthetic_demo,Synthetic demo metadata,https://github.com/wa52/ai-customer-service/tree/main/data,synthetic_demo,false
DEMO-IMAGE-0392,bracelet,synthetic_demo,Synthetic demo metadata,https://github.com/wa52/ai-customer-service/tree/main/data,synthetic_demo,false
DEMO-IMAGE-0393,ring,synthetic_demo,Synthetic demo metadata,https://github.com/wa52/ai-customer-service/tree/main/data,synthetic_demo,false
DEMO-IMAGE-0394,necklace,synthetic_demo,Synthetic demo metadata,https://github.com/wa52/ai-customer-service/tree/main/data,synthetic_demo,false
DEMO-IMAGE-0395,earring,synthetic_demo,Synthetic demo metadata,https://github.com/wa52/ai-customer-service/tree/main/data,synthetic_demo,false
DEMO-IMAGE-0396,bracelet,synthetic_demo,Synthetic demo metadata,https://github.com/wa52/ai-customer-service/tree/main/data,synthetic_demo,false
DEMO-IMAGE-0397,ring,synthetic_demo,Synthetic demo metadata,https://github.com/wa52/ai-customer-service/tree/main/data,synthetic_demo,false
DEMO-IMAGE-0398,necklace,synthetic_demo,Synthetic demo metadata,https://github.com/wa52/ai-customer-service/tree/main/data,synthetic_demo,false
DEMO-IMAGE-0399,earring,synthetic_demo,Synthetic demo metadata,https://github.com/wa52/ai-customer-service/tree/main/data,synthetic_demo,false
DEMO-IMAGE-0400,bracelet,synthetic_demo,Synthetic demo metadata,https://github.com/wa52/ai-customer-service/tree/main/data,synthetic_demo,false
DEMO-IMAGE-0401,ring,synthetic_demo,Synthetic demo metadata,https://github.com/wa52/ai-customer-service/tree/main/data,synthetic_demo,false
DEMO-IMAGE-0402,necklace,synthetic_demo,Synthetic demo metadata,https://github.com/wa52/ai-customer-service/tree/main/data,synthetic_demo,false
DEMO-IMAGE-0403,earring,synthetic_demo,Synthetic demo metadata,https://github.com/wa52/ai-customer-service/tree/main/data,synthetic_demo,false
DEMO-IMAGE-0404,bracelet,synthetic_demo,Synthetic demo metadata,https://github.com/wa52/ai-customer-service/tree/main/data,synthetic_demo,false
DEMO-IMAGE-0405,ring,synthetic_demo,Synthetic demo metadata,https://github.com/wa52/ai-customer-service/tree/main/data,synthetic_demo,false
DEMO-IMAGE-0406,necklace,synthetic_demo,Synthetic demo metadata,https://github.com/wa52/ai-customer-service/tree/main/data,synthetic_demo,false
DEMO-IMAGE-0407,earring,synthetic_demo,Synthetic demo metadata,https://github.com/wa52/ai-customer-service/tree/main/data,synthetic_demo,false
DEMO-IMAGE-0408,bracelet,synthetic_demo,Synthetic demo metadata,https://github.com/wa52/ai-customer-service/tree/main/data,synthetic_demo,false
DEMO-IMAGE-0409,ring,synthetic_demo,Synthetic demo metadata,https://github.com/wa52/ai-customer-service/tree/main/data,synthetic_demo,false
DEMO-IMAGE-0410,necklace,synthetic_demo,Synthetic demo metadata,https://github.com/wa52/ai-customer-service/tree/main/data,synthetic_demo,false
DEMO-IMAGE-0411,earring,synthetic_demo,Synthetic demo metadata,https://github.com/wa52/ai-customer-service/tree/main/data,synthetic_demo,false
DEMO-IMAGE-0412,bracelet,synthetic_demo,Synthetic demo metadata,https://github.com/wa52/ai-customer-service/tree/main/data,synthetic_demo,false
DEMO-IMAGE-0413,ring,synthetic_demo,Synthetic demo metadata,https://github.com/wa52/ai-customer-service/tree/main/data,synthetic_demo,false
DEMO-IMAGE-0414,necklace,synthetic_demo,Synthetic demo metadata,https://github.com/wa52/ai-customer-service/tree/main/data,synthetic_demo,false
DEMO-IMAGE-0415,earring,synthetic_demo,Synthetic demo metadata,https://github.com/wa52/ai-customer-service/tree/main/data,synthetic_demo,false
DEMO-IMAGE-0416,bracelet,synthetic_demo,Synthetic demo metadata,https://github.com/wa52/ai-customer-service/tree/main/data,synthetic_demo,false
DEMO-IMAGE-0417,ring,synthetic_demo,Synthetic demo metadata,https://github.com/wa52/ai-customer-service/tree/main/data,synthetic_demo,false
DEMO-IMAGE-0418,necklace,synthetic_demo,Synthetic demo metadata,https://github.com/wa52/ai-customer-service/tree/main/data,synthetic_demo,false
DEMO-IMAGE-0419,earring,synthetic_demo,Synthetic demo metadata,https://github.com/wa52/ai-customer-service/tree/main/data,synthetic_demo,false
DEMO-IMAGE-0420,bracelet,synthetic_demo,Synthetic demo metadata,https://github.com/wa52/ai-customer-service/tree/main/data,synthetic_demo,false
DEMO-IMAGE-0421,ring,synthetic_demo,Synthetic demo metadata,https://github.com/wa52/ai-customer-service/tree/main/data,synthetic_demo,false
DEMO-IMAGE-0422,necklace,synthetic_demo,Synthetic demo metadata,https://github.com/wa52/ai-customer-service/tree/main/data,synthetic_demo,false
DEMO-IMAGE-0423,earring,synthetic_demo,Synthetic demo metadata,https://github.com/wa52/ai-customer-service/tree/main/data,synthetic_demo,false
DEMO-IMAGE-0424,bracelet,synthetic_demo,Synthetic demo metadata,https://github.com/wa52/ai-customer-service/tree/main/data,synthetic_demo,false
DEMO-IMAGE-0425,ring,synthetic_demo,Synthetic demo metadata,https://github.com/wa52/ai-customer-service/tree/main/data,synthetic_demo,false
DEMO-IMAGE-0426,necklace,synthetic_demo,Synthetic demo metadata,https://github.com/wa52/ai-customer-service/tree/main/data,synthetic_demo,false
DEMO-IMAGE-0427,earring,synthetic_demo,Synthetic demo metadata,https://github.com/wa52/ai-customer-service/tree/main/data,synthetic_demo,false
DEMO-IMAGE-0428,bracelet,synthetic_demo,Synthetic demo metadata,https://github.com/wa52/ai-customer-service/tree/main/data,synthetic_demo,false
DEMO-IMAGE-0429,ring,synthetic_demo,Synthetic demo metadata,https://github.com/wa52/ai-customer-service/tree/main/data,synthetic_demo,false
DEMO-IMAGE-0430,necklace,synthetic_demo,Synthetic demo metadata,https://github.com/wa52/ai-customer-service/tree/main/data,synthetic_demo,false
DEMO-IMAGE-0431,earring,synthetic_demo,Synthetic demo metadata,https://github.com/wa52/ai-customer-service/tree/main/data,synthetic_demo,false
DEMO-IMAGE-0432,bracelet,synthetic_demo,Synthetic demo metadata,https://github.com/wa52/ai-customer-service/tree/main/data,synthetic_demo,false
DEMO-IMAGE-0433,ring,synthetic_demo,Synthetic demo metadata,https://github.com/wa52/ai-customer-service/tree/main/data,synthetic_demo,false
DEMO-IMAGE-0434,necklace,synthetic_demo,Synthetic demo metadata,https://github.com/wa52/ai-customer-service/tree/main/data,synthetic_demo,false
DEMO-IMAGE-0435,earring,synthetic_demo,Synthetic demo metadata,https://github.com/wa52/ai-customer-service/tree/main/data,synthetic_demo,false
DEMO-IMAGE-0436,bracelet,synthetic_demo,Synthetic demo metadata,https://github.com/wa52/ai-customer-service/tree/main/data,synthetic_demo,false
DEMO-IMAGE-0437,ring,synthetic_demo,Synthetic demo metadata,https://github.com/wa52/ai-customer-service/tree/main/data,synthetic_demo,false
DEMO-IMAGE-0438,necklace,synthetic_demo,Synthetic demo metadata,https://github.com/wa52/ai-customer-service/tree/main/data,synthetic_demo,false
DEMO-IMAGE-0439,earring,synthetic_demo,Synthetic demo metadata,https://github.com/wa52/ai-customer-service/tree/main/data,synthetic_demo,false
DEMO-IMAGE-0440,bracelet,synthetic_demo,Synthetic demo metadata,https://github.com/wa52/ai-customer-service/tree/main/data,synthetic_demo,false
DEMO-IMAGE-0441,ring,synthetic_demo,Synthetic demo metadata,https://github.com/wa52/ai-customer-service/tree/main/data,synthetic_demo,false
DEMO-IMAGE-0442,necklace,synthetic_demo,Synthetic demo metadata,https://github.com/wa52/ai-customer-service/tree/main/data,synthetic_demo,false
DEMO-IMAGE-0443,earring,synthetic_demo,Synthetic demo metadata,https://github.com/wa52/ai-customer-service/tree/main/data,synthetic_demo,false
DEMO-IMAGE-0444,bracelet,synthetic_demo,Synthetic demo metadata,https://github.com/wa52/ai-customer-service/tree/main/data,synthetic_demo,false
DEMO-IMAGE-0445,ring,synthetic_demo,Synthetic demo metadata,https://github.com/wa52/ai-customer-service/tree/main/data,synthetic_demo,false
DEMO-IMAGE-0446,necklace,synthetic_demo,Synthetic demo metadata,https://github.com/wa52/ai-customer-service/tree/main/data,synthetic_demo,false
DEMO-IMAGE-0447,earring,synthetic_demo,Synthetic demo metadata,https://github.com/wa52/ai-customer-service/tree/main/data,synthetic_demo,false
DEMO-IMAGE-0448,bracelet,synthetic_demo,Synthetic demo metadata,https://github.com/wa52/ai-customer-service/tree/main/data,synthetic_demo,false
DEMO-IMAGE-0449,ring,synthetic_demo,Synthetic demo metadata,https://github.com/wa52/ai-customer-service/tree/main/data,synthetic_demo,false
DEMO-IMAGE-0450,necklace,synthetic_demo,Synthetic demo metadata,https://github.com/wa52/ai-customer-service/tree/main/data,synthetic_demo,false
DEMO-IMAGE-0451,earring,synthetic_demo,Synthetic demo metadata,https://github.com/wa52/ai-customer-service/tree/main/data,synthetic_demo,false
DEMO-IMAGE-0452,bracelet,synthetic_demo,Synthetic demo metadata,https://github.com/wa52/ai-customer-service/tree/main/data,synthetic_demo,false
DEMO-IMAGE-0453,ring,synthetic_demo,Synthetic demo metadata,https://github.com/wa52/ai-customer-service/tree/main/data,synthetic_demo,false
DEMO-IMAGE-0454,necklace,synthetic_demo,Synthetic demo metadata,https://github.com/wa52/ai-customer-service/tree/main/data,synthetic_demo,false
DEMO-IMAGE-0455,earring,synthetic_demo,Synthetic demo metadata,https://github.com/wa52/ai-customer-service/tree/main/data,synthetic_demo,false
DEMO-IMAGE-0456,bracelet,synthetic_demo,Synthetic demo metadata,https://github.com/wa52/ai-customer-service/tree/main/data,synthetic_demo,false
DEMO-IMAGE-0457,ring,synthetic_demo,Synthetic demo metadata,https://github.com/wa52/ai-customer-service/tree/main/data,synthetic_demo,false
DEMO-IMAGE-0458,necklace,synthetic_demo,Synthetic demo metadata,https://github.com/wa52/ai-customer-service/tree/main/data,synthetic_demo,false
DEMO-IMAGE-0459,earring,synthetic_demo,Synthetic demo metadata,https://github.com/wa52/ai-customer-service/tree/main/data,synthetic_demo,false
DEMO-IMAGE-0460,bracelet,synthetic_demo,Synthetic demo metadata,https://github.com/wa52/ai-customer-service/tree/main/data,synthetic_demo,false
DEMO-IMAGE-0461,ring,synthetic_demo,Synthetic demo metadata,https://github.com/wa52/ai-customer-service/tree/main/data,synthetic_demo,false
DEMO-IMAGE-0462,necklace,synthetic_demo,Synthetic demo metadata,https://github.com/wa52/ai-customer-service/tree/main/data,synthetic_demo,false
DEMO-IMAGE-0463,earring,synthetic_demo,Synthetic demo metadata,https://github.com/wa52/ai-customer-service/tree/main/data,synthetic_demo,false
DEMO-IMAGE-0464,bracelet,synthetic_demo,Synthetic demo metadata,https://github.com/wa52/ai-customer-service/tree/main/data,synthetic_demo,false
DEMO-IMAGE-0465,ring,synthetic_demo,Synthetic demo metadata,https://github.com/wa52/ai-customer-service/tree/main/data,synthetic_demo,false
DEMO-IMAGE-0466,necklace,synthetic_demo,Synthetic demo metadata,https://github.com/wa52/ai-customer-service/tree/main/data,synthetic_demo,false
DEMO-IMAGE-0467,earring,synthetic_demo,Synthetic demo metadata,https://github.com/wa52/ai-customer-service/tree/main/data,synthetic_demo,false
DEMO-IMAGE-0468,bracelet,synthetic_demo,Synthetic demo metadata,https://github.com/wa52/ai-customer-service/tree/main/data,synthetic_demo,false
DEMO-IMAGE-0469,ring,synthetic_demo,Synthetic demo metadata,https://github.com/wa52/ai-customer-service/tree/main/data,synthetic_demo,false
DEMO-IMAGE-0470,necklace,synthetic_demo,Synthetic demo metadata,https://github.com/wa52/ai-customer-service/tree/main/data,synthetic_demo,false
DEMO-IMAGE-0471,earring,synthetic_demo,Synthetic demo metadata,https://github.com/wa52/ai-customer-service/tree/main/data,synthetic_demo,false
DEMO-IMAGE-0472,bracelet,synthetic_demo,Synthetic demo metadata,https://github.com/wa52/ai-customer-service/tree/main/data,synthetic_demo,false
DEMO-IMAGE-0473,ring,synthetic_demo,Synthetic demo metadata,https://github.com/wa52/ai-customer-service/tree/main/data,synthetic_demo,false
DEMO-IMAGE-0474,necklace,synthetic_demo,Synthetic demo metadata,https://github.com/wa52/ai-customer-service/tree/main/data,synthetic_demo,false
DEMO-IMAGE-0475,earring,synthetic_demo,Synthetic demo metadata,https://github.com/wa52/ai-customer-service/tree/main/data,synthetic_demo,false
DEMO-IMAGE-0476,bracelet,synthetic_demo,Synthetic demo metadata,https://github.com/wa52/ai-customer-service/tree/main/data,synthetic_demo,false
DEMO-IMAGE-0477,ring,synthetic_demo,Synthetic demo metadata,https://github.com/wa52/ai-customer-service/tree/main/data,synthetic_demo,false
DEMO-IMAGE-0478,necklace,synthetic_demo,Synthetic demo metadata,https://github.com/wa52/ai-customer-service/tree/main/data,synthetic_demo,false
DEMO-IMAGE-0479,earring,synthetic_demo,Synthetic demo metadata,https://github.com/wa52/ai-customer-service/tree/main/data,synthetic_demo,false
DEMO-IMAGE-0480,bracelet,synthetic_demo,Synthetic demo metadata,https://github.com/wa52/ai-customer-service/tree/main/data,synthetic_demo,false
DEMO-IMAGE-0481,ring,synthetic_demo,Synthetic demo metadata,https://github.com/wa52/ai-customer-service/tree/main/data,synthetic_demo,false
DEMO-IMAGE-0482,necklace,synthetic_demo,Synthetic demo metadata,https://github.com/wa52/ai-customer-service/tree/main/data,synthetic_demo,false
DEMO-IMAGE-0483,earring,synthetic_demo,Synthetic demo metadata,https://github.com/wa52/ai-customer-service/tree/main/data,synthetic_demo,false
DEMO-IMAGE-0484,bracelet,synthetic_demo,Synthetic demo metadata,https://github.com/wa52/ai-customer-service/tree/main/data,synthetic_demo,false
DEMO-IMAGE-0485,ring,synthetic_demo,Synthetic demo metadata,https://github.com/wa52/ai-customer-service/tree/main/data,synthetic_demo,false
DEMO-IMAGE-0486,necklace,synthetic_demo,Synthetic demo metadata,https://github.com/wa52/ai-customer-service/tree/main/data,synthetic_demo,false
DEMO-IMAGE-0487,earring,synthetic_demo,Synthetic demo metadata,https://github.com/wa52/ai-customer-service/tree/main/data,synthetic_demo,false
DEMO-IMAGE-0488,bracelet,synthetic_demo,Synthetic demo metadata,https://github.com/wa52/ai-customer-service/tree/main/data,synthetic_demo,false
DEMO-IMAGE-0489,ring,synthetic_demo,Synthetic demo metadata,https://github.com/wa52/ai-customer-service/tree/main/data,synthetic_demo,false
DEMO-IMAGE-0490,necklace,synthetic_demo,Synthetic demo metadata,https://github.com/wa52/ai-customer-service/tree/main/data,synthetic_demo,false
DEMO-IMAGE-0491,earring,synthetic_demo,Synthetic demo metadata,https://github.com/wa52/ai-customer-service/tree/main/data,synthetic_demo,false
DEMO-IMAGE-0492,bracelet,synthetic_demo,Synthetic demo metadata,https://github.com/wa52/ai-customer-service/tree/main/data,synthetic_demo,false
DEMO-IMAGE-0493,ring,synthetic_demo,Synthetic demo metadata,https://github.com/wa52/ai-customer-service/tree/main/data,synthetic_demo,false
DEMO-IMAGE-0494,necklace,synthetic_demo,Synthetic demo metadata,https://github.com/wa52/ai-customer-service/tree/main/data,synthetic_demo,false
DEMO-IMAGE-0495,earring,synthetic_demo,Synthetic demo metadata,https://github.com/wa52/ai-customer-service/tree/main/data,synthetic_demo,false
DEMO-IMAGE-0496,bracelet,synthetic_demo,Synthetic demo metadata,https://github.com/wa52/ai-customer-service/tree/main/data,synthetic_demo,false
DEMO-IMAGE-0497,ring,synthetic_demo,Synthetic demo metadata,https://github.com/wa52/ai-customer-service/tree/main/data,synthetic_demo,false
DEMO-IMAGE-0498,necklace,synthetic_demo,Synthetic demo metadata,https://github.com/wa52/ai-customer-service/tree/main/data,synthetic_demo,false
DEMO-IMAGE-0499,earring,synthetic_demo,Synthetic demo metadata,https://github.com/wa52/ai-customer-service/tree/main/data,synthetic_demo,false
DEMO-IMAGE-0500,bracelet,synthetic_demo,Synthetic demo metadata,https://github.com/wa52/ai-customer-service/tree/main/data,synthetic_demo,false
DEMO-IMAGE-0501,ring,synthetic_demo,Synthetic demo metadata,https://github.com/wa52/ai-customer-service/tree/main/data,synthetic_demo,false
DEMO-IMAGE-0502,necklace,synthetic_demo,Synthetic demo metadata,https://github.com/wa52/ai-customer-service/tree/main/data,synthetic_demo,false
DEMO-IMAGE-0503,earring,synthetic_demo,Synthetic demo metadata,https://github.com/wa52/ai-customer-service/tree/main/data,synthetic_demo,false
DEMO-IMAGE-0504,bracelet,synthetic_demo,Synthetic demo metadata,https://github.com/wa52/ai-customer-service/tree/main/data,synthetic_demo,false
DEMO-IMAGE-0505,ring,synthetic_demo,Synthetic demo metadata,https://github.com/wa52/ai-customer-service/tree/main/data,synthetic_demo,false
DEMO-IMAGE-0506,necklace,synthetic_demo,Synthetic demo metadata,https://github.com/wa52/ai-customer-service/tree/main/data,synthetic_demo,false
DEMO-IMAGE-0507,earring,synthetic_demo,Synthetic demo metadata,https://github.com/wa52/ai-customer-service/tree/main/data,synthetic_demo,false
DEMO-IMAGE-0508,bracelet,synthetic_demo,Synthetic demo metadata,https://github.com/wa52/ai-customer-service/tree/main/data,synthetic_demo,false
DEMO-IMAGE-0509,ring,synthetic_demo,Synthetic demo metadata,https://github.com/wa52/ai-customer-service/tree/main/data,synthetic_demo,false
DEMO-IMAGE-0510,necklace,synthetic_demo,Synthetic demo metadata,https://github.com/wa52/ai-customer-service/tree/main/data,synthetic_demo,false
DEMO-IMAGE-0511,earring,synthetic_demo,Synthetic demo metadata,https://github.com/wa52/ai-customer-service/tree/main/data,synthetic_demo,false
DEMO-IMAGE-0512,bracelet,synthetic_demo,Synthetic demo metadata,https://github.com/wa52/ai-customer-service/tree/main/data,synthetic_demo,false
DEMO-IMAGE-0513,ring,synthetic_demo,Synthetic demo metadata,https://github.com/wa52/ai-customer-service/tree/main/data,synthetic_demo,false
DEMO-IMAGE-0514,necklace,synthetic_demo,Synthetic demo metadata,https://github.com/wa52/ai-customer-service/tree/main/data,synthetic_demo,false
DEMO-IMAGE-0515,earring,synthetic_demo,Synthetic demo metadata,https://github.com/wa52/ai-customer-service/tree/main/data,synthetic_demo,false
DEMO-IMAGE-0516,bracelet,synthetic_demo,Synthetic demo metadata,https://github.com/wa52/ai-customer-service/tree/main/data,synthetic_demo,false
DEMO-IMAGE-0517,ring,synthetic_demo,Synthetic demo metadata,https://github.com/wa52/ai-customer-service/tree/main/data,synthetic_demo,false
DEMO-IMAGE-0518,necklace,synthetic_demo,Synthetic demo metadata,https://github.com/wa52/ai-customer-service/tree/main/data,synthetic_demo,false
DEMO-IMAGE-0519,earring,synthetic_demo,Synthetic demo metadata,https://github.com/wa52/ai-customer-service/tree/main/data,synthetic_demo,false
DEMO-IMAGE-0520,bracelet,synthetic_demo,Synthetic demo metadata,https://github.com/wa52/ai-customer-service/tree/main/data,synthetic_demo,false
DEMO-IMAGE-0521,ring,synthetic_demo,Synthetic demo metadata,https://github.com/wa52/ai-customer-service/tree/main/data,synthetic_demo,false
DEMO-IMAGE-0522,necklace,synthetic_demo,Synthetic demo metadata,https://github.com/wa52/ai-customer-service/tree/main/data,synthetic_demo,false
DEMO-IMAGE-0523,earring,synthetic_demo,Synthetic demo metadata,https://github.com/wa52/ai-customer-service/tree/main/data,synthetic_demo,false
DEMO-IMAGE-0524,bracelet,synthetic_demo,Synthetic demo metadata,https://github.com/wa52/ai-customer-service/tree/main/data,synthetic_demo,false
DEMO-IMAGE-0525,ring,synthetic_demo,Synthetic demo metadata,https://github.com/wa52/ai-customer-service/tree/main/data,synthetic_demo,false
DEMO-IMAGE-0526,necklace,synthetic_demo,Synthetic demo metadata,https://github.com/wa52/ai-customer-service/tree/main/data,synthetic_demo,false
DEMO-IMAGE-0527,earring,synthetic_demo,Synthetic demo metadata,https://github.com/wa52/ai-customer-service/tree/main/data,synthetic_demo,false
DEMO-IMAGE-0528,bracelet,synthetic_demo,Synthetic demo metadata,https://github.com/wa52/ai-customer-service/tree/main/data,synthetic_demo,false
DEMO-IMAGE-0529,ring,synthetic_demo,Synthetic demo metadata,https://github.com/wa52/ai-customer-service/tree/main/data,synthetic_demo,false
DEMO-IMAGE-0530,necklace,synthetic_demo,Synthetic demo metadata,https://github.com/wa52/ai-customer-service/tree/main/data,synthetic_demo,false
DEMO-IMAGE-0531,earring,synthetic_demo,Synthetic demo metadata,https://github.com/wa52/ai-customer-service/tree/main/data,synthetic_demo,false
DEMO-IMAGE-0532,bracelet,synthetic_demo,Synthetic demo metadata,https://github.com/wa52/ai-customer-service/tree/main/data,synthetic_demo,false
DEMO-IMAGE-0533,ring,synthetic_demo,Synthetic demo metadata,https://github.com/wa52/ai-customer-service/tree/main/data,synthetic_demo,false
DEMO-IMAGE-0534,necklace,synthetic_demo,Synthetic demo metadata,https://github.com/wa52/ai-customer-service/tree/main/data,synthetic_demo,false
DEMO-IMAGE-0535,earring,synthetic_demo,Synthetic demo metadata,https://github.com/wa52/ai-customer-service/tree/main/data,synthetic_demo,false
DEMO-IMAGE-0536,bracelet,synthetic_demo,Synthetic demo metadata,https://github.com/wa52/ai-customer-service/tree/main/data,synthetic_demo,false
DEMO-IMAGE-0537,ring,synthetic_demo,Synthetic demo metadata,https://github.com/wa52/ai-customer-service/tree/main/data,synthetic_demo,false
DEMO-IMAGE-0538,necklace,synthetic_demo,Synthetic demo metadata,https://github.com/wa52/ai-customer-service/tree/main/data,synthetic_demo,false
DEMO-IMAGE-0539,earring,synthetic_demo,Synthetic demo metadata,https://github.com/wa52/ai-customer-service/tree/main/data,synthetic_demo,false
DEMO-IMAGE-0540,bracelet,synthetic_demo,Synthetic demo metadata,https://github.com/wa52/ai-customer-service/tree/main/data,synthetic_demo,false
DEMO-IMAGE-0541,ring,synthetic_demo,Synthetic demo metadata,https://github.com/wa52/ai-customer-service/tree/main/data,synthetic_demo,false
DEMO-IMAGE-0542,necklace,synthetic_demo,Synthetic demo metadata,https://github.com/wa52/ai-customer-service/tree/main/data,synthetic_demo,false
DEMO-IMAGE-0543,earring,synthetic_demo,Synthetic demo metadata,https://github.com/wa52/ai-customer-service/tree/main/data,synthetic_demo,false
DEMO-IMAGE-0544,bracelet,synthetic_demo,Synthetic demo metadata,https://github.com/wa52/ai-customer-service/tree/main/data,synthetic_demo,false
DEMO-IMAGE-0545,ring,synthetic_demo,Synthetic demo metadata,https://github.com/wa52/ai-customer-service/tree/main/data,synthetic_demo,false
DEMO-IMAGE-0546,necklace,synthetic_demo,Synthetic demo metadata,https://github.com/wa52/ai-customer-service/tree/main/data,synthetic_demo,false
DEMO-IMAGE-0547,earring,synthetic_demo,Synthetic demo metadata,https://github.com/wa52/ai-customer-service/tree/main/data,synthetic_demo,false
DEMO-IMAGE-0548,bracelet,synthetic_demo,Synthetic demo metadata,https://github.com/wa52/ai-customer-service/tree/main/data,synthetic_demo,false
DEMO-IMAGE-0549,ring,synthetic_demo,Synthetic demo metadata,https://github.com/wa52/ai-customer-service/tree/main/data,synthetic_demo,false
DEMO-IMAGE-0550,necklace,synthetic_demo,Synthetic demo metadata,https://github.com/wa52/ai-customer-service/tree/main/data,synthetic_demo,false
DEMO-IMAGE-0551,earring,synthetic_demo,Synthetic demo metadata,https://github.com/wa52/ai-customer-service/tree/main/data,synthetic_demo,false
DEMO-IMAGE-0552,bracelet,synthetic_demo,Synthetic demo metadata,https://github.com/wa52/ai-customer-service/tree/main/data,synthetic_demo,false
DEMO-IMAGE-0553,ring,synthetic_demo,Synthetic demo metadata,https://github.com/wa52/ai-customer-service/tree/main/data,synthetic_demo,false
DEMO-IMAGE-0554,necklace,synthetic_demo,Synthetic demo metadata,https://github.com/wa52/ai-customer-service/tree/main/data,synthetic_demo,false
DEMO-IMAGE-0555,earring,synthetic_demo,Synthetic demo metadata,https://github.com/wa52/ai-customer-service/tree/main/data,synthetic_demo,false
DEMO-IMAGE-0556,bracelet,synthetic_demo,Synthetic demo metadata,https://github.com/wa52/ai-customer-service/tree/main/data,synthetic_demo,false
DEMO-IMAGE-0557,ring,synthetic_demo,Synthetic demo metadata,https://github.com/wa52/ai-customer-service/tree/main/data,synthetic_demo,false
DEMO-IMAGE-0558,necklace,synthetic_demo,Synthetic demo metadata,https://github.com/wa52/ai-customer-service/tree/main/data,synthetic_demo,false
DEMO-IMAGE-0559,earring,synthetic_demo,Synthetic demo metadata,https://github.com/wa52/ai-customer-service/tree/main/data,synthetic_demo,false
DEMO-IMAGE-0560,bracelet,synthetic_demo,Synthetic demo metadata,https://github.com/wa52/ai-customer-service/tree/main/data,synthetic_demo,false
DEMO-IMAGE-0561,ring,synthetic_demo,Synthetic demo metadata,https://github.com/wa52/ai-customer-service/tree/main/data,synthetic_demo,false
DEMO-IMAGE-0562,necklace,synthetic_demo,Synthetic demo metadata,https://github.com/wa52/ai-customer-service/tree/main/data,synthetic_demo,false
DEMO-IMAGE-0563,earring,synthetic_demo,Synthetic demo metadata,https://github.com/wa52/ai-customer-service/tree/main/data,synthetic_demo,false
DEMO-IMAGE-0564,bracelet,synthetic_demo,Synthetic demo metadata,https://github.com/wa52/ai-customer-service/tree/main/data,synthetic_demo,false
DEMO-IMAGE-0565,ring,synthetic_demo,Synthetic demo metadata,https://github.com/wa52/ai-customer-service/tree/main/data,synthetic_demo,false
DEMO-IMAGE-0566,necklace,synthetic_demo,Synthetic demo metadata,https://github.com/wa52/ai-customer-service/tree/main/data,synthetic_demo,false
DEMO-IMAGE-0567,earring,synthetic_demo,Synthetic demo metadata,https://github.com/wa52/ai-customer-service/tree/main/data,synthetic_demo,false
DEMO-IMAGE-0568,bracelet,synthetic_demo,Synthetic demo metadata,https://github.com/wa52/ai-customer-service/tree/main/data,synthetic_demo,false
DEMO-IMAGE-0569,ring,synthetic_demo,Synthetic demo metadata,https://github.com/wa52/ai-customer-service/tree/main/data,synthetic_demo,false
DEMO-IMAGE-0570,necklace,synthetic_demo,Synthetic demo metadata,https://github.com/wa52/ai-customer-service/tree/main/data,synthetic_demo,false
DEMO-IMAGE-0571,earring,synthetic_demo,Synthetic demo metadata,https://github.com/wa52/ai-customer-service/tree/main/data,synthetic_demo,false
DEMO-IMAGE-0572,bracelet,synthetic_demo,Synthetic demo metadata,https://github.com/wa52/ai-customer-service/tree/main/data,synthetic_demo,false
DEMO-IMAGE-0573,ring,synthetic_demo,Synthetic demo metadata,https://github.com/wa52/ai-customer-service/tree/main/data,synthetic_demo,false
DEMO-IMAGE-0574,necklace,synthetic_demo,Synthetic demo metadata,https://github.com/wa52/ai-customer-service/tree/main/data,synthetic_demo,false
DEMO-IMAGE-0575,earring,synthetic_demo,Synthetic demo metadata,https://github.com/wa52/ai-customer-service/tree/main/data,synthetic_demo,false
DEMO-IMAGE-0576,bracelet,synthetic_demo,Synthetic demo metadata,https://github.com/wa52/ai-customer-service/tree/main/data,synthetic_demo,false
DEMO-IMAGE-0577,ring,synthetic_demo,Synthetic demo metadata,https://github.com/wa52/ai-customer-service/tree/main/data,synthetic_demo,false
DEMO-IMAGE-0578,necklace,synthetic_demo,Synthetic demo metadata,https://github.com/wa52/ai-customer-service/tree/main/data,synthetic_demo,false
DEMO-IMAGE-0579,earring,synthetic_demo,Synthetic demo metadata,https://github.com/wa52/ai-customer-service/tree/main/data,synthetic_demo,false
DEMO-IMAGE-0580,bracelet,synthetic_demo,Synthetic demo metadata,https://github.com/wa52/ai-customer-service/tree/main/data,synthetic_demo,false
DEMO-IMAGE-0581,ring,synthetic_demo,Synthetic demo metadata,https://github.com/wa52/ai-customer-service/tree/main/data,synthetic_demo,false
DEMO-IMAGE-0582,necklace,synthetic_demo,Synthetic demo metadata,https://github.com/wa52/ai-customer-service/tree/main/data,synthetic_demo,false
DEMO-IMAGE-0583,earring,synthetic_demo,Synthetic demo metadata,https://github.com/wa52/ai-customer-service/tree/main/data,synthetic_demo,false
DEMO-IMAGE-0584,bracelet,synthetic_demo,Synthetic demo metadata,https://github.com/wa52/ai-customer-service/tree/main/data,synthetic_demo,false
DEMO-IMAGE-0585,ring,synthetic_demo,Synthetic demo metadata,https://github.com/wa52/ai-customer-service/tree/main/data,synthetic_demo,false
DEMO-IMAGE-0586,necklace,synthetic_demo,Synthetic demo metadata,https://github.com/wa52/ai-customer-service/tree/main/data,synthetic_demo,false
DEMO-IMAGE-0587,earring,synthetic_demo,Synthetic demo metadata,https://github.com/wa52/ai-customer-service/tree/main/data,synthetic_demo,false
DEMO-IMAGE-0588,bracelet,synthetic_demo,Synthetic demo metadata,https://github.com/wa52/ai-customer-service/tree/main/data,synthetic_demo,false
DEMO-IMAGE-0589,ring,synthetic_demo,Synthetic demo metadata,https://github.com/wa52/ai-customer-service/tree/main/data,synthetic_demo,false
DEMO-IMAGE-0590,necklace,synthetic_demo,Synthetic demo metadata,https://github.com/wa52/ai-customer-service/tree/main/data,synthetic_demo,false
DEMO-IMAGE-0591,earring,synthetic_demo,Synthetic demo metadata,https://github.com/wa52/ai-customer-service/tree/main/data,synthetic_demo,false
DEMO-IMAGE-0592,bracelet,synthetic_demo,Synthetic demo metadata,https://github.com/wa52/ai-customer-service/tree/main/data,synthetic_demo,false
DEMO-IMAGE-0593,ring,synthetic_demo,Synthetic demo metadata,https://github.com/wa52/ai-customer-service/tree/main/data,synthetic_demo,false
DEMO-IMAGE-0594,necklace,synthetic_demo,Synthetic demo metadata,https://github.com/wa52/ai-customer-service/tree/main/data,synthetic_demo,false
DEMO-IMAGE-0595,earring,synthetic_demo,Synthetic demo metadata,https://github.com/wa52/ai-customer-service/tree/main/data,synthetic_demo,false
DEMO-IMAGE-0596,bracelet,synthetic_demo,Synthetic demo metadata,https://github.com/wa52/ai-customer-service/tree/main/data,synthetic_demo,false
DEMO-IMAGE-0597,ring,synthetic_demo,Synthetic demo metadata,https://github.com/wa52/ai-customer-service/tree/main/data,synthetic_demo,false
DEMO-IMAGE-0598,necklace,synthetic_demo,Synthetic demo metadata,https://github.com/wa52/ai-customer-service/tree/main/data,synthetic_demo,false
DEMO-IMAGE-0599,earring,synthetic_demo,Synthetic demo metadata,https://github.com/wa52/ai-customer-service/tree/main/data,synthetic_demo,false
DEMO-IMAGE-0600,bracelet,synthetic_demo,Synthetic demo metadata,https://github.com/wa52/ai-customer-service/tree/main/data,synthetic_demo,false
DEMO-IMAGE-0601,ring,synthetic_demo,Synthetic demo metadata,https://github.com/wa52/ai-customer-service/tree/main/data,synthetic_demo,false
DEMO-IMAGE-0602,necklace,synthetic_demo,Synthetic demo metadata,https://github.com/wa52/ai-customer-service/tree/main/data,synthetic_demo,false
DEMO-IMAGE-0603,earring,synthetic_demo,Synthetic demo metadata,https://github.com/wa52/ai-customer-service/tree/main/data,synthetic_demo,false
DEMO-IMAGE-0604,bracelet,synthetic_demo,Synthetic demo metadata,https://github.com/wa52/ai-customer-service/tree/main/data,synthetic_demo,false
DEMO-IMAGE-0605,ring,synthetic_demo,Synthetic demo metadata,https://github.com/wa52/ai-customer-service/tree/main/data,synthetic_demo,false
DEMO-IMAGE-0606,necklace,synthetic_demo,Synthetic demo metadata,https://github.com/wa52/ai-customer-service/tree/main/data,synthetic_demo,false
DEMO-IMAGE-0607,earring,synthetic_demo,Synthetic demo metadata,https://github.com/wa52/ai-customer-service/tree/main/data,synthetic_demo,false
DEMO-IMAGE-0608,bracelet,synthetic_demo,Synthetic demo metadata,https://github.com/wa52/ai-customer-service/tree/main/data,synthetic_demo,false
DEMO-IMAGE-0609,ring,synthetic_demo,Synthetic demo metadata,https://github.com/wa52/ai-customer-service/tree/main/data,synthetic_demo,false
DEMO-IMAGE-0610,necklace,synthetic_demo,Synthetic demo metadata,https://github.com/wa52/ai-customer-service/tree/main/data,synthetic_demo,false
DEMO-IMAGE-0611,earring,synthetic_demo,Synthetic demo metadata,https://github.com/wa52/ai-customer-service/tree/main/data,synthetic_demo,false
DEMO-IMAGE-0612,bracelet,synthetic_demo,Synthetic demo metadata,https://github.com/wa52/ai-customer-service/tree/main/data,synthetic_demo,false
DEMO-IMAGE-0613,ring,synthetic_demo,Synthetic demo metadata,https://github.com/wa52/ai-customer-service/tree/main/data,synthetic_demo,false
DEMO-IMAGE-0614,necklace,synthetic_demo,Synthetic demo metadata,https://github.com/wa52/ai-customer-service/tree/main/data,synthetic_demo,false
DEMO-IMAGE-0615,earring,synthetic_demo,Synthetic demo metadata,https://github.com/wa52/ai-customer-service/tree/main/data,synthetic_demo,false
DEMO-IMAGE-0616,bracelet,synthetic_demo,Synthetic demo metadata,https://github.com/wa52/ai-customer-service/tree/main/data,synthetic_demo,false
DEMO-IMAGE-0617,ring,synthetic_demo,Synthetic demo metadata,https://github.com/wa52/ai-customer-service/tree/main/data,synthetic_demo,false
DEMO-IMAGE-0618,necklace,synthetic_demo,Synthetic demo metadata,https://github.com/wa52/ai-customer-service/tree/main/data,synthetic_demo,false
DEMO-IMAGE-0619,earring,synthetic_demo,Synthetic demo metadata,https://github.com/wa52/ai-customer-service/tree/main/data,synthetic_demo,false
DEMO-IMAGE-0620,bracelet,synthetic_demo,Synthetic demo metadata,https://github.com/wa52/ai-customer-service/tree/main/data,synthetic_demo,false
DEMO-IMAGE-0621,ring,synthetic_demo,Synthetic demo metadata,https://github.com/wa52/ai-customer-service/tree/main/data,synthetic_demo,false
DEMO-IMAGE-0622,necklace,synthetic_demo,Synthetic demo metadata,https://github.com/wa52/ai-customer-service/tree/main/data,synthetic_demo,false
DEMO-IMAGE-0623,earring,synthetic_demo,Synthetic demo metadata,https://github.com/wa52/ai-customer-service/tree/main/data,synthetic_demo,false
DEMO-IMAGE-0624,bracelet,synthetic_demo,Synthetic demo metadata,https://github.com/wa52/ai-customer-service/tree/main/data,synthetic_demo,false
DEMO-IMAGE-0625,ring,synthetic_demo,Synthetic demo metadata,https://github.com/wa52/ai-customer-service/tree/main/data,synthetic_demo,false
DEMO-IMAGE-0626,necklace,synthetic_demo,Synthetic demo metadata,https://github.com/wa52/ai-customer-service/tree/main/data,synthetic_demo,false
DEMO-IMAGE-0627,earring,synthetic_demo,Synthetic demo metadata,https://github.com/wa52/ai-customer-service/tree/main/data,synthetic_demo,false
DEMO-IMAGE-0628,bracelet,synthetic_demo,Synthetic demo metadata,https://github.com/wa52/ai-customer-service/tree/main/data,synthetic_demo,false
DEMO-IMAGE-0629,ring,synthetic_demo,Synthetic demo metadata,https://github.com/wa52/ai-customer-service/tree/main/data,synthetic_demo,false
DEMO-IMAGE-0630,necklace,synthetic_demo,Synthetic demo metadata,https://github.com/wa52/ai-customer-service/tree/main/data,synthetic_demo,false
DEMO-IMAGE-0631,earring,synthetic_demo,Synthetic demo metadata,https://github.com/wa52/ai-customer-service/tree/main/data,synthetic_demo,false
DEMO-IMAGE-0632,bracelet,synthetic_demo,Synthetic demo metadata,https://github.com/wa52/ai-customer-service/tree/main/data,synthetic_demo,false
DEMO-IMAGE-0633,ring,synthetic_demo,Synthetic demo metadata,https://github.com/wa52/ai-customer-service/tree/main/data,synthetic_demo,false
DEMO-IMAGE-0634,necklace,synthetic_demo,Synthetic demo metadata,https://github.com/wa52/ai-customer-service/tree/main/data,synthetic_demo,false
DEMO-IMAGE-0635,earring,synthetic_demo,Synthetic demo metadata,https://github.com/wa52/ai-customer-service/tree/main/data,synthetic_demo,false
DEMO-IMAGE-0636,bracelet,synthetic_demo,Synthetic demo metadata,https://github.com/wa52/ai-customer-service/tree/main/data,synthetic_demo,false
DEMO-IMAGE-0637,ring,synthetic_demo,Synthetic demo metadata,https://github.com/wa52/ai-customer-service/tree/main/data,synthetic_demo,false
DEMO-IMAGE-0638,necklace,synthetic_demo,Synthetic demo metadata,https://github.com/wa52/ai-customer-service/tree/main/data,synthetic_demo,false
DEMO-IMAGE-0639,earring,synthetic_demo,Synthetic demo metadata,https://github.com/wa52/ai-customer-service/tree/main/data,synthetic_demo,false
DEMO-IMAGE-0640,bracelet,synthetic_demo,Synthetic demo metadata,https://github.com/wa52/ai-customer-service/tree/main/data,synthetic_demo,false
DEMO-IMAGE-0641,ring,synthetic_demo,Synthetic demo metadata,https://github.com/wa52/ai-customer-service/tree/main/data,synthetic_demo,false
DEMO-IMAGE-0642,necklace,synthetic_demo,Synthetic demo metadata,https://github.com/wa52/ai-customer-service/tree/main/data,synthetic_demo,false
DEMO-IMAGE-0643,earring,synthetic_demo,Synthetic demo metadata,https://github.com/wa52/ai-customer-service/tree/main/data,synthetic_demo,false
DEMO-IMAGE-0644,bracelet,synthetic_demo,Synthetic demo metadata,https://github.com/wa52/ai-customer-service/tree/main/data,synthetic_demo,false
DEMO-IMAGE-0645,ring,synthetic_demo,Synthetic demo metadata,https://github.com/wa52/ai-customer-service/tree/main/data,synthetic_demo,false
DEMO-IMAGE-0646,necklace,synthetic_demo,Synthetic demo metadata,https://github.com/wa52/ai-customer-service/tree/main/data,synthetic_demo,false
DEMO-IMAGE-0647,earring,synthetic_demo,Synthetic demo metadata,https://github.com/wa52/ai-customer-service/tree/main/data,synthetic_demo,false
DEMO-IMAGE-0648,bracelet,synthetic_demo,Synthetic demo metadata,https://github.com/wa52/ai-customer-service/tree/main/data,synthetic_demo,false
DEMO-IMAGE-0649,ring,synthetic_demo,Synthetic demo metadata,https://github.com/wa52/ai-customer-service/tree/main/data,synthetic_demo,false
DEMO-IMAGE-0650,necklace,synthetic_demo,Synthetic demo metadata,https://github.com/wa52/ai-customer-service/tree/main/data,synthetic_demo,false
DEMO-IMAGE-0651,earring,synthetic_demo,Synthetic demo metadata,https://github.com/wa52/ai-customer-service/tree/main/data,synthetic_demo,false
DEMO-IMAGE-0652,bracelet,synthetic_demo,Synthetic demo metadata,https://github.com/wa52/ai-customer-service/tree/main/data,synthetic_demo,false
DEMO-IMAGE-0653,ring,synthetic_demo,Synthetic demo metadata,https://github.com/wa52/ai-customer-service/tree/main/data,synthetic_demo,false
DEMO-IMAGE-0654,necklace,synthetic_demo,Synthetic demo metadata,https://github.com/wa52/ai-customer-service/tree/main/data,synthetic_demo,false
DEMO-IMAGE-0655,earring,synthetic_demo,Synthetic demo metadata,https://github.com/wa52/ai-customer-service/tree/main/data,synthetic_demo,false
DEMO-IMAGE-0656,bracelet,synthetic_demo,Synthetic demo metadata,https://github.com/wa52/ai-customer-service/tree/main/data,synthetic_demo,false
DEMO-IMAGE-0657,ring,synthetic_demo,Synthetic demo metadata,https://github.com/wa52/ai-customer-service/tree/main/data,synthetic_demo,false
DEMO-IMAGE-0658,necklace,synthetic_demo,Synthetic demo metadata,https://github.com/wa52/ai-customer-service/tree/main/data,synthetic_demo,false
DEMO-IMAGE-0659,earring,synthetic_demo,Synthetic demo metadata,https://github.com/wa52/ai-customer-service/tree/main/data,synthetic_demo,false
DEMO-IMAGE-0660,bracelet,synthetic_demo,Synthetic demo metadata,https://github.com/wa52/ai-customer-service/tree/main/data,synthetic_demo,false
DEMO-IMAGE-0661,ring,synthetic_demo,Synthetic demo metadata,https://github.com/wa52/ai-customer-service/tree/main/data,synthetic_demo,false
DEMO-IMAGE-0662,necklace,synthetic_demo,Synthetic demo metadata,https://github.com/wa52/ai-customer-service/tree/main/data,synthetic_demo,false
DEMO-IMAGE-0663,earring,synthetic_demo,Synthetic demo metadata,https://github.com/wa52/ai-customer-service/tree/main/data,synthetic_demo,false
DEMO-IMAGE-0664,bracelet,synthetic_demo,Synthetic demo metadata,https://github.com/wa52/ai-customer-service/tree/main/data,synthetic_demo,false
DEMO-IMAGE-0665,ring,synthetic_demo,Synthetic demo metadata,https://github.com/wa52/ai-customer-service/tree/main/data,synthetic_demo,false
DEMO-IMAGE-0666,necklace,synthetic_demo,Synthetic demo metadata,https://github.com/wa52/ai-customer-service/tree/main/data,synthetic_demo,false
DEMO-IMAGE-0667,earring,synthetic_demo,Synthetic demo metadata,https://github.com/wa52/ai-customer-service/tree/main/data,synthetic_demo,false
DEMO-IMAGE-0668,bracelet,synthetic_demo,Synthetic demo metadata,https://github.com/wa52/ai-customer-service/tree/main/data,synthetic_demo,false
DEMO-IMAGE-0669,ring,synthetic_demo,Synthetic demo metadata,https://github.com/wa52/ai-customer-service/tree/main/data,synthetic_demo,false
DEMO-IMAGE-0670,necklace,synthetic_demo,Synthetic demo metadata,https://github.com/wa52/ai-customer-service/tree/main/data,synthetic_demo,false
DEMO-IMAGE-0671,earring,synthetic_demo,Synthetic demo metadata,https://github.com/wa52/ai-customer-service/tree/main/data,synthetic_demo,false
DEMO-IMAGE-0672,bracelet,synthetic_demo,Synthetic demo metadata,https://github.com/wa52/ai-customer-service/tree/main/data,synthetic_demo,false
DEMO-IMAGE-0673,ring,synthetic_demo,Synthetic demo metadata,https://github.com/wa52/ai-customer-service/tree/main/data,synthetic_demo,false
DEMO-IMAGE-0674,necklace,synthetic_demo,Synthetic demo metadata,https://github.com/wa52/ai-customer-service/tree/main/data,synthetic_demo,false
DEMO-IMAGE-0675,earring,synthetic_demo,Synthetic demo metadata,https://github.com/wa52/ai-customer-service/tree/main/data,synthetic_demo,false
DEMO-IMAGE-0676,bracelet,synthetic_demo,Synthetic demo metadata,https://github.com/wa52/ai-customer-service/tree/main/data,synthetic_demo,false
DEMO-IMAGE-0677,ring,synthetic_demo,Synthetic demo metadata,https://github.com/wa52/ai-customer-service/tree/main/data,synthetic_demo,false
DEMO-IMAGE-0678,necklace,synthetic_demo,Synthetic demo metadata,https://github.com/wa52/ai-customer-service/tree/main/data,synthetic_demo,false
DEMO-IMAGE-0679,earring,synthetic_demo,Synthetic demo metadata,https://github.com/wa52/ai-customer-service/tree/main/data,synthetic_demo,false
DEMO-IMAGE-0680,bracelet,synthetic_demo,Synthetic demo metadata,https://github.com/wa52/ai-customer-service/tree/main/data,synthetic_demo,false
DEMO-IMAGE-0681,ring,synthetic_demo,Synthetic demo metadata,https://github.com/wa52/ai-customer-service/tree/main/data,synthetic_demo,false
DEMO-IMAGE-0682,necklace,synthetic_demo,Synthetic demo metadata,https://github.com/wa52/ai-customer-service/tree/main/data,synthetic_demo,false
DEMO-IMAGE-0683,earring,synthetic_demo,Synthetic demo metadata,https://github.com/wa52/ai-customer-service/tree/main/data,synthetic_demo,false
DEMO-IMAGE-0684,bracelet,synthetic_demo,Synthetic demo metadata,https://github.com/wa52/ai-customer-service/tree/main/data,synthetic_demo,false
DEMO-IMAGE-0685,ring,synthetic_demo,Synthetic demo metadata,https://github.com/wa52/ai-customer-service/tree/main/data,synthetic_demo,false
DEMO-IMAGE-0686,necklace,synthetic_demo,Synthetic demo metadata,https://github.com/wa52/ai-customer-service/tree/main/data,synthetic_demo,false
DEMO-IMAGE-0687,earring,synthetic_demo,Synthetic demo metadata,https://github.com/wa52/ai-customer-service/tree/main/data,synthetic_demo,false
DEMO-IMAGE-0688,bracelet,synthetic_demo,Synthetic demo metadata,https://github.com/wa52/ai-customer-service/tree/main/data,synthetic_demo,false
DEMO-IMAGE-0689,ring,synthetic_demo,Synthetic demo metadata,https://github.com/wa52/ai-customer-service/tree/main/data,synthetic_demo,false
DEMO-IMAGE-0690,necklace,synthetic_demo,Synthetic demo metadata,https://github.com/wa52/ai-customer-service/tree/main/data,synthetic_demo,false
DEMO-IMAGE-0691,earring,synthetic_demo,Synthetic demo metadata,https://github.com/wa52/ai-customer-service/tree/main/data,synthetic_demo,false
DEMO-IMAGE-0692,bracelet,synthetic_demo,Synthetic demo metadata,https://github.com/wa52/ai-customer-service/tree/main/data,synthetic_demo,false
DEMO-IMAGE-0693,ring,synthetic_demo,Synthetic demo metadata,https://github.com/wa52/ai-customer-service/tree/main/data,synthetic_demo,false
DEMO-IMAGE-0694,necklace,synthetic_demo,Synthetic demo metadata,https://github.com/wa52/ai-customer-service/tree/main/data,synthetic_demo,false
DEMO-IMAGE-0695,earring,synthetic_demo,Synthetic demo metadata,https://github.com/wa52/ai-customer-service/tree/main/data,synthetic_demo,false
DEMO-IMAGE-0696,bracelet,synthetic_demo,Synthetic demo metadata,https://github.com/wa52/ai-customer-service/tree/main/data,synthetic_demo,false
DEMO-IMAGE-0697,ring,synthetic_demo,Synthetic demo metadata,https://github.com/wa52/ai-customer-service/tree/main/data,synthetic_demo,false
DEMO-IMAGE-0698,necklace,synthetic_demo,Synthetic demo metadata,https://github.com/wa52/ai-customer-service/tree/main/data,synthetic_demo,false
DEMO-IMAGE-0699,earring,synthetic_demo,Synthetic demo metadata,https://github.com/wa52/ai-customer-service/tree/main/data,synthetic_demo,false
DEMO-IMAGE-0700,bracelet,synthetic_demo,Synthetic demo metadata,https://github.com/wa52/ai-customer-service/tree/main/data,synthetic_demo,false
DEMO-IMAGE-0701,ring,synthetic_demo,Synthetic demo metadata,https://github.com/wa52/ai-customer-service/tree/main/data,synthetic_demo,false
DEMO-IMAGE-0702,necklace,synthetic_demo,Synthetic demo metadata,https://github.com/wa52/ai-customer-service/tree/main/data,synthetic_demo,false
DEMO-IMAGE-0703,earring,synthetic_demo,Synthetic demo metadata,https://github.com/wa52/ai-customer-service/tree/main/data,synthetic_demo,false
DEMO-IMAGE-0704,bracelet,synthetic_demo,Synthetic demo metadata,https://github.com/wa52/ai-customer-service/tree/main/data,synthetic_demo,false
DEMO-IMAGE-0705,ring,synthetic_demo,Synthetic demo metadata,https://github.com/wa52/ai-customer-service/tree/main/data,synthetic_demo,false
DEMO-IMAGE-0706,necklace,synthetic_demo,Synthetic demo metadata,https://github.com/wa52/ai-customer-service/tree/main/data,synthetic_demo,false
DEMO-IMAGE-0707,earring,synthetic_demo,Synthetic demo metadata,https://github.com/wa52/ai-customer-service/tree/main/data,synthetic_demo,false
DEMO-IMAGE-0708,bracelet,synthetic_demo,Synthetic demo metadata,https://github.com/wa52/ai-customer-service/tree/main/data,synthetic_demo,false
DEMO-IMAGE-0709,ring,synthetic_demo,Synthetic demo metadata,https://github.com/wa52/ai-customer-service/tree/main/data,synthetic_demo,false
DEMO-IMAGE-0710,necklace,synthetic_demo,Synthetic demo metadata,https://github.com/wa52/ai-customer-service/tree/main/data,synthetic_demo,false
DEMO-IMAGE-0711,earring,synthetic_demo,Synthetic demo metadata,https://github.com/wa52/ai-customer-service/tree/main/data,synthetic_demo,false
DEMO-IMAGE-0712,bracelet,synthetic_demo,Synthetic demo metadata,https://github.com/wa52/ai-customer-service/tree/main/data,synthetic_demo,false
DEMO-IMAGE-0713,ring,synthetic_demo,Synthetic demo metadata,https://github.com/wa52/ai-customer-service/tree/main/data,synthetic_demo,false
DEMO-IMAGE-0714,necklace,synthetic_demo,Synthetic demo metadata,https://github.com/wa52/ai-customer-service/tree/main/data,synthetic_demo,false
DEMO-IMAGE-0715,earring,synthetic_demo,Synthetic demo metadata,https://github.com/wa52/ai-customer-service/tree/main/data,synthetic_demo,false
DEMO-IMAGE-0716,bracelet,synthetic_demo,Synthetic demo metadata,https://github.com/wa52/ai-customer-service/tree/main/data,synthetic_demo,false
DEMO-IMAGE-0717,ring,synthetic_demo,Synthetic demo metadata,https://github.com/wa52/ai-customer-service/tree/main/data,synthetic_demo,false
DEMO-IMAGE-0718,necklace,synthetic_demo,Synthetic demo metadata,https://github.com/wa52/ai-customer-service/tree/main/data,synthetic_demo,false
DEMO-IMAGE-0719,earring,synthetic_demo,Synthetic demo metadata,https://github.com/wa52/ai-customer-service/tree/main/data,synthetic_demo,false
DEMO-IMAGE-0720,bracelet,synthetic_demo,Synthetic demo metadata,https://github.com/wa52/ai-customer-service/tree/main/data,synthetic_demo,false
DEMO-IMAGE-0721,ring,synthetic_demo,Synthetic demo metadata,https://github.com/wa52/ai-customer-service/tree/main/data,synthetic_demo,false
DEMO-IMAGE-0722,necklace,synthetic_demo,Synthetic demo metadata,https://github.com/wa52/ai-customer-service/tree/main/data,synthetic_demo,false
DEMO-IMAGE-0723,earring,synthetic_demo,Synthetic demo metadata,https://github.com/wa52/ai-customer-service/tree/main/data,synthetic_demo,false
DEMO-IMAGE-0724,bracelet,synthetic_demo,Synthetic demo metadata,https://github.com/wa52/ai-customer-service/tree/main/data,synthetic_demo,false
DEMO-IMAGE-0725,ring,synthetic_demo,Synthetic demo metadata,https://github.com/wa52/ai-customer-service/tree/main/data,synthetic_demo,false
DEMO-IMAGE-0726,necklace,synthetic_demo,Synthetic demo metadata,https://github.com/wa52/ai-customer-service/tree/main/data,synthetic_demo,false
DEMO-IMAGE-0727,earring,synthetic_demo,Synthetic demo metadata,https://github.com/wa52/ai-customer-service/tree/main/data,synthetic_demo,false
DEMO-IMAGE-0728,bracelet,synthetic_demo,Synthetic demo metadata,https://github.com/wa52/ai-customer-service/tree/main/data,synthetic_demo,false
DEMO-IMAGE-0729,ring,synthetic_demo,Synthetic demo metadata,https://github.com/wa52/ai-customer-service/tree/main/data,synthetic_demo,false
DEMO-IMAGE-0730,necklace,synthetic_demo,Synthetic demo metadata,https://github.com/wa52/ai-customer-service/tree/main/data,synthetic_demo,false
DEMO-IMAGE-0731,earring,synthetic_demo,Synthetic demo metadata,https://github.com/wa52/ai-customer-service/tree/main/data,synthetic_demo,false
DEMO-IMAGE-0732,bracelet,synthetic_demo,Synthetic demo metadata,https://github.com/wa52/ai-customer-service/tree/main/data,synthetic_demo,false
DEMO-IMAGE-0733,ring,synthetic_demo,Synthetic demo metadata,https://github.com/wa52/ai-customer-service/tree/main/data,synthetic_demo,false
DEMO-IMAGE-0734,necklace,synthetic_demo,Synthetic demo metadata,https://github.com/wa52/ai-customer-service/tree/main/data,synthetic_demo,false
DEMO-IMAGE-0735,earring,synthetic_demo,Synthetic demo metadata,https://github.com/wa52/ai-customer-service/tree/main/data,synthetic_demo,false
DEMO-IMAGE-0736,bracelet,synthetic_demo,Synthetic demo metadata,https://github.com/wa52/ai-customer-service/tree/main/data,synthetic_demo,false
DEMO-IMAGE-0737,ring,synthetic_demo,Synthetic demo metadata,https://github.com/wa52/ai-customer-service/tree/main/data,synthetic_demo,false
DEMO-IMAGE-0738,necklace,synthetic_demo,Synthetic demo metadata,https://github.com/wa52/ai-customer-service/tree/main/data,synthetic_demo,false
DEMO-IMAGE-0739,earring,synthetic_demo,Synthetic demo metadata,https://github.com/wa52/ai-customer-service/tree/main/data,synthetic_demo,false
DEMO-IMAGE-0740,bracelet,synthetic_demo,Synthetic demo metadata,https://github.com/wa52/ai-customer-service/tree/main/data,synthetic_demo,false
DEMO-IMAGE-0741,ring,synthetic_demo,Synthetic demo metadata,https://github.com/wa52/ai-customer-service/tree/main/data,synthetic_demo,false
DEMO-IMAGE-0742,necklace,synthetic_demo,Synthetic demo metadata,https://github.com/wa52/ai-customer-service/tree/main/data,synthetic_demo,false
DEMO-IMAGE-0743,earring,synthetic_demo,Synthetic demo metadata,https://github.com/wa52/ai-customer-service/tree/main/data,synthetic_demo,false
DEMO-IMAGE-0744,bracelet,synthetic_demo,Synthetic demo metadata,https://github.com/wa52/ai-customer-service/tree/main/data,synthetic_demo,false
DEMO-IMAGE-0745,ring,synthetic_demo,Synthetic demo metadata,https://github.com/wa52/ai-customer-service/tree/main/data,synthetic_demo,false
DEMO-IMAGE-0746,necklace,synthetic_demo,Synthetic demo metadata,https://github.com/wa52/ai-customer-service/tree/main/data,synthetic_demo,false
DEMO-IMAGE-0747,earring,synthetic_demo,Synthetic demo metadata,https://github.com/wa52/ai-customer-service/tree/main/data,synthetic_demo,false
DEMO-IMAGE-0748,bracelet,synthetic_demo,Synthetic demo metadata,https://github.com/wa52/ai-customer-service/tree/main/data,synthetic_demo,false
DEMO-IMAGE-0749,ring,synthetic_demo,Synthetic demo metadata,https://github.com/wa52/ai-customer-service/tree/main/data,synthetic_demo,false
DEMO-IMAGE-0750,necklace,synthetic_demo,Synthetic demo metadata,https://github.com/wa52/ai-customer-service/tree/main/data,synthetic_demo,false
DEMO-IMAGE-0751,earring,synthetic_demo,Synthetic demo metadata,https://github.com/wa52/ai-customer-service/tree/main/data,synthetic_demo,false
DEMO-IMAGE-0752,bracelet,synthetic_demo,Synthetic demo metadata,https://github.com/wa52/ai-customer-service/tree/main/data,synthetic_demo,false
DEMO-IMAGE-0753,ring,synthetic_demo,Synthetic demo metadata,https://github.com/wa52/ai-customer-service/tree/main/data,synthetic_demo,false
DEMO-IMAGE-0754,necklace,synthetic_demo,Synthetic demo metadata,https://github.com/wa52/ai-customer-service/tree/main/data,synthetic_demo,false
DEMO-IMAGE-0755,earring,synthetic_demo,Synthetic demo metadata,https://github.com/wa52/ai-customer-service/tree/main/data,synthetic_demo,false
DEMO-IMAGE-0756,bracelet,synthetic_demo,Synthetic demo metadata,https://github.com/wa52/ai-customer-service/tree/main/data,synthetic_demo,false
DEMO-IMAGE-0757,ring,synthetic_demo,Synthetic demo metadata,https://github.com/wa52/ai-customer-service/tree/main/data,synthetic_demo,false
DEMO-IMAGE-0758,necklace,synthetic_demo,Synthetic demo metadata,https://github.com/wa52/ai-customer-service/tree/main/data,synthetic_demo,false
DEMO-IMAGE-0759,earring,synthetic_demo,Synthetic demo metadata,https://github.com/wa52/ai-customer-service/tree/main/data,synthetic_demo,false
DEMO-IMAGE-0760,bracelet,synthetic_demo,Synthetic demo metadata,https://github.com/wa52/ai-customer-service/tree/main/data,synthetic_demo,false
DEMO-IMAGE-0761,ring,synthetic_demo,Synthetic demo metadata,https://github.com/wa52/ai-customer-service/tree/main/data,synthetic_demo,false
DEMO-IMAGE-0762,necklace,synthetic_demo,Synthetic demo metadata,https://github.com/wa52/ai-customer-service/tree/main/data,synthetic_demo,false
DEMO-IMAGE-0763,earring,synthetic_demo,Synthetic demo metadata,https://github.com/wa52/ai-customer-service/tree/main/data,synthetic_demo,false
DEMO-IMAGE-0764,bracelet,synthetic_demo,Synthetic demo metadata,https://github.com/wa52/ai-customer-service/tree/main/data,synthetic_demo,false
DEMO-IMAGE-0765,ring,synthetic_demo,Synthetic demo metadata,https://github.com/wa52/ai-customer-service/tree/main/data,synthetic_demo,false
DEMO-IMAGE-0766,necklace,synthetic_demo,Synthetic demo metadata,https://github.com/wa52/ai-customer-service/tree/main/data,synthetic_demo,false
DEMO-IMAGE-0767,earring,synthetic_demo,Synthetic demo metadata,https://github.com/wa52/ai-customer-service/tree/main/data,synthetic_demo,false
DEMO-IMAGE-0768,bracelet,synthetic_demo,Synthetic demo metadata,https://github.com/wa52/ai-customer-service/tree/main/data,synthetic_demo,false
DEMO-IMAGE-0769,ring,synthetic_demo,Synthetic demo metadata,https://github.com/wa52/ai-customer-service/tree/main/data,synthetic_demo,false
DEMO-IMAGE-0770,necklace,synthetic_demo,Synthetic demo metadata,https://github.com/wa52/ai-customer-service/tree/main/data,synthetic_demo,false
DEMO-IMAGE-0771,earring,synthetic_demo,Synthetic demo metadata,https://github.com/wa52/ai-customer-service/tree/main/data,synthetic_demo,false
DEMO-IMAGE-0772,bracelet,synthetic_demo,Synthetic demo metadata,https://github.com/wa52/ai-customer-service/tree/main/data,synthetic_demo,false
DEMO-IMAGE-0773,ring,synthetic_demo,Synthetic demo metadata,https://github.com/wa52/ai-customer-service/tree/main/data,synthetic_demo,false
DEMO-IMAGE-0774,necklace,synthetic_demo,Synthetic demo metadata,https://github.com/wa52/ai-customer-service/tree/main/data,synthetic_demo,false
DEMO-IMAGE-0775,earring,synthetic_demo,Synthetic demo metadata,https://github.com/wa52/ai-customer-service/tree/main/data,synthetic_demo,false
DEMO-IMAGE-0776,bracelet,synthetic_demo,Synthetic demo metadata,https://github.com/wa52/ai-customer-service/tree/main/data,synthetic_demo,false
DEMO-IMAGE-0777,ring,synthetic_demo,Synthetic demo metadata,https://github.com/wa52/ai-customer-service/tree/main/data,synthetic_demo,false
DEMO-IMAGE-0778,necklace,synthetic_demo,Synthetic demo metadata,https://github.com/wa52/ai-customer-service/tree/main/data,synthetic_demo,false
DEMO-IMAGE-0779,earring,synthetic_demo,Synthetic demo metadata,https://github.com/wa52/ai-customer-service/tree/main/data,synthetic_demo,false
DEMO-IMAGE-0780,bracelet,synthetic_demo,Synthetic demo metadata,https://github.com/wa52/ai-customer-service/tree/main/data,synthetic_demo,false
DEMO-IMAGE-0781,ring,synthetic_demo,Synthetic demo metadata,https://github.com/wa52/ai-customer-service/tree/main/data,synthetic_demo,false
DEMO-IMAGE-0782,necklace,synthetic_demo,Synthetic demo metadata,https://github.com/wa52/ai-customer-service/tree/main/data,synthetic_demo,false
DEMO-IMAGE-0783,earring,synthetic_demo,Synthetic demo metadata,https://github.com/wa52/ai-customer-service/tree/main/data,synthetic_demo,false
DEMO-IMAGE-0784,bracelet,synthetic_demo,Synthetic demo metadata,https://github.com/wa52/ai-customer-service/tree/main/data,synthetic_demo,false
DEMO-IMAGE-0785,ring,synthetic_demo,Synthetic demo metadata,https://github.com/wa52/ai-customer-service/tree/main/data,synthetic_demo,false
DEMO-IMAGE-0786,necklace,synthetic_demo,Synthetic demo metadata,https://github.com/wa52/ai-customer-service/tree/main/data,synthetic_demo,false
DEMO-IMAGE-0787,earring,synthetic_demo,Synthetic demo metadata,https://github.com/wa52/ai-customer-service/tree/main/data,synthetic_demo,false
DEMO-IMAGE-0788,bracelet,synthetic_demo,Synthetic demo metadata,https://github.com/wa52/ai-customer-service/tree/main/data,synthetic_demo,false
DEMO-IMAGE-0789,ring,synthetic_demo,Synthetic demo metadata,https://github.com/wa52/ai-customer-service/tree/main/data,synthetic_demo,false
DEMO-IMAGE-0790,necklace,synthetic_demo,Synthetic demo metadata,https://github.com/wa52/ai-customer-service/tree/main/data,synthetic_demo,false
DEMO-IMAGE-0791,earring,synthetic_demo,Synthetic demo metadata,https://github.com/wa52/ai-customer-service/tree/main/data,synthetic_demo,false
DEMO-IMAGE-0792,bracelet,synthetic_demo,Synthetic demo metadata,https://github.com/wa52/ai-customer-service/tree/main/data,synthetic_demo,false
DEMO-IMAGE-0793,ring,synthetic_demo,Synthetic demo metadata,https://github.com/wa52/ai-customer-service/tree/main/data,synthetic_demo,false
DEMO-IMAGE-0794,necklace,synthetic_demo,Synthetic demo metadata,https://github.com/wa52/ai-customer-service/tree/main/data,synthetic_demo,false
DEMO-IMAGE-0795,earring,synthetic_demo,Synthetic demo metadata,https://github.com/wa52/ai-customer-service/tree/main/data,synthetic_demo,false
DEMO-IMAGE-0796,bracelet,synthetic_demo,Synthetic demo metadata,https://github.com/wa52/ai-customer-service/tree/main/data,synthetic_demo,false
DEMO-IMAGE-0797,ring,synthetic_demo,Synthetic demo metadata,https://github.com/wa52/ai-customer-service/tree/main/data,synthetic_demo,false
DEMO-IMAGE-0798,necklace,synthetic_demo,Synthetic demo metadata,https://github.com/wa52/ai-customer-service/tree/main/data,synthetic_demo,false
DEMO-IMAGE-0799,earring,synthetic_demo,Synthetic demo metadata,https://github.com/wa52/ai-customer-service/tree/main/data,synthetic_demo,false
DEMO-IMAGE-0800,bracelet,synthetic_demo,Synthetic demo metadata,https://github.com/wa52/ai-customer-service/tree/main/data,synthetic_demo,false
DEMO-IMAGE-0801,ring,synthetic_demo,Synthetic demo metadata,https://github.com/wa52/ai-customer-service/tree/main/data,synthetic_demo,false
DEMO-IMAGE-0802,necklace,synthetic_demo,Synthetic demo metadata,https://github.com/wa52/ai-customer-service/tree/main/data,synthetic_demo,false
DEMO-IMAGE-0803,earring,synthetic_demo,Synthetic demo metadata,https://github.com/wa52/ai-customer-service/tree/main/data,synthetic_demo,false
DEMO-IMAGE-0804,bracelet,synthetic_demo,Synthetic demo metadata,https://github.com/wa52/ai-customer-service/tree/main/data,synthetic_demo,false
DEMO-IMAGE-0805,ring,synthetic_demo,Synthetic demo metadata,https://github.com/wa52/ai-customer-service/tree/main/data,synthetic_demo,false
DEMO-IMAGE-0806,necklace,synthetic_demo,Synthetic demo metadata,https://github.com/wa52/ai-customer-service/tree/main/data,synthetic_demo,false
DEMO-IMAGE-0807,earring,synthetic_demo,Synthetic demo metadata,https://github.com/wa52/ai-customer-service/tree/main/data,synthetic_demo,false
DEMO-IMAGE-0808,bracelet,synthetic_demo,Synthetic demo metadata,https://github.com/wa52/ai-customer-service/tree/main/data,synthetic_demo,false
DEMO-IMAGE-0809,ring,synthetic_demo,Synthetic demo metadata,https://github.com/wa52/ai-customer-service/tree/main/data,synthetic_demo,false
DEMO-IMAGE-0810,necklace,synthetic_demo,Synthetic demo metadata,https://github.com/wa52/ai-customer-service/tree/main/data,synthetic_demo,false
DEMO-IMAGE-0811,earring,synthetic_demo,Synthetic demo metadata,https://github.com/wa52/ai-customer-service/tree/main/data,synthetic_demo,false
DEMO-IMAGE-0812,bracelet,synthetic_demo,Synthetic demo metadata,https://github.com/wa52/ai-customer-service/tree/main/data,synthetic_demo,false
DEMO-IMAGE-0813,ring,synthetic_demo,Synthetic demo metadata,https://github.com/wa52/ai-customer-service/tree/main/data,synthetic_demo,false
DEMO-IMAGE-0814,necklace,synthetic_demo,Synthetic demo metadata,https://github.com/wa52/ai-customer-service/tree/main/data,synthetic_demo,false
DEMO-IMAGE-0815,earring,synthetic_demo,Synthetic demo metadata,https://github.com/wa52/ai-customer-service/tree/main/data,synthetic_demo,false
DEMO-IMAGE-0816,bracelet,synthetic_demo,Synthetic demo metadata,https://github.com/wa52/ai-customer-service/tree/main/data,synthetic_demo,false
DEMO-IMAGE-0817,ring,synthetic_demo,Synthetic demo metadata,https://github.com/wa52/ai-customer-service/tree/main/data,synthetic_demo,false
DEMO-IMAGE-0818,necklace,synthetic_demo,Synthetic demo metadata,https://github.com/wa52/ai-customer-service/tree/main/data,synthetic_demo,false
DEMO-IMAGE-0819,earring,synthetic_demo,Synthetic demo metadata,https://github.com/wa52/ai-customer-service/tree/main/data,synthetic_demo,false
DEMO-IMAGE-0820,bracelet,synthetic_demo,Synthetic demo metadata,https://github.com/wa52/ai-customer-service/tree/main/data,synthetic_demo,false
DEMO-IMAGE-0821,ring,synthetic_demo,Synthetic demo metadata,https://github.com/wa52/ai-customer-service/tree/main/data,synthetic_demo,false
DEMO-IMAGE-0822,necklace,synthetic_demo,Synthetic demo metadata,https://github.com/wa52/ai-customer-service/tree/main/data,synthetic_demo,false
DEMO-IMAGE-0823,earring,synthetic_demo,Synthetic demo metadata,https://github.com/wa52/ai-customer-service/tree/main/data,synthetic_demo,false
DEMO-IMAGE-0824,bracelet,synthetic_demo,Synthetic demo metadata,https://github.com/wa52/ai-customer-service/tree/main/data,synthetic_demo,false
DEMO-IMAGE-0825,ring,synthetic_demo,Synthetic demo metadata,https://github.com/wa52/ai-customer-service/tree/main/data,synthetic_demo,false
DEMO-IMAGE-0826,necklace,synthetic_demo,Synthetic demo metadata,https://github.com/wa52/ai-customer-service/tree/main/data,synthetic_demo,false
DEMO-IMAGE-0827,earring,synthetic_demo,Synthetic demo metadata,https://github.com/wa52/ai-customer-service/tree/main/data,synthetic_demo,false
DEMO-IMAGE-0828,bracelet,synthetic_demo,Synthetic demo metadata,https://github.com/wa52/ai-customer-service/tree/main/data,synthetic_demo,false
DEMO-IMAGE-0829,ring,synthetic_demo,Synthetic demo metadata,https://github.com/wa52/ai-customer-service/tree/main/data,synthetic_demo,false
DEMO-IMAGE-0830,necklace,synthetic_demo,Synthetic demo metadata,https://github.com/wa52/ai-customer-service/tree/main/data,synthetic_demo,false
DEMO-IMAGE-0831,earring,synthetic_demo,Synthetic demo metadata,https://github.com/wa52/ai-customer-service/tree/main/data,synthetic_demo,false
DEMO-IMAGE-0832,bracelet,synthetic_demo,Synthetic demo metadata,https://github.com/wa52/ai-customer-service/tree/main/data,synthetic_demo,false
DEMO-IMAGE-0833,ring,synthetic_demo,Synthetic demo metadata,https://github.com/wa52/ai-customer-service/tree/main/data,synthetic_demo,false
DEMO-IMAGE-0834,necklace,synthetic_demo,Synthetic demo metadata,https://github.com/wa52/ai-customer-service/tree/main/data,synthetic_demo,false
DEMO-IMAGE-0835,earring,synthetic_demo,Synthetic demo metadata,https://github.com/wa52/ai-customer-service/tree/main/data,synthetic_demo,false
DEMO-IMAGE-0836,bracelet,synthetic_demo,Synthetic demo metadata,https://github.com/wa52/ai-customer-service/tree/main/data,synthetic_demo,false
DEMO-IMAGE-0837,ring,synthetic_demo,Synthetic demo metadata,https://github.com/wa52/ai-customer-service/tree/main/data,synthetic_demo,false
DEMO-IMAGE-0838,necklace,synthetic_demo,Synthetic demo metadata,https://github.com/wa52/ai-customer-service/tree/main/data,synthetic_demo,false
DEMO-IMAGE-0839,earring,synthetic_demo,Synthetic demo metadata,https://github.com/wa52/ai-customer-service/tree/main/data,synthetic_demo,false
DEMO-IMAGE-0840,bracelet,synthetic_demo,Synthetic demo metadata,https://github.com/wa52/ai-customer-service/tree/main/data,synthetic_demo,false
DEMO-IMAGE-0841,ring,synthetic_demo,Synthetic demo metadata,https://github.com/wa52/ai-customer-service/tree/main/data,synthetic_demo,false
DEMO-IMAGE-0842,necklace,synthetic_demo,Synthetic demo metadata,https://github.com/wa52/ai-customer-service/tree/main/data,synthetic_demo,false
DEMO-IMAGE-0843,earring,synthetic_demo,Synthetic demo metadata,https://github.com/wa52/ai-customer-service/tree/main/data,synthetic_demo,false
DEMO-IMAGE-0844,bracelet,synthetic_demo,Synthetic demo metadata,https://github.com/wa52/ai-customer-service/tree/main/data,synthetic_demo,false
DEMO-IMAGE-0845,ring,synthetic_demo,Synthetic demo metadata,https://github.com/wa52/ai-customer-service/tree/main/data,synthetic_demo,false
DEMO-IMAGE-0846,necklace,synthetic_demo,Synthetic demo metadata,https://github.com/wa52/ai-customer-service/tree/main/data,synthetic_demo,false
DEMO-IMAGE-0847,earring,synthetic_demo,Synthetic demo metadata,https://github.com/wa52/ai-customer-service/tree/main/data,synthetic_demo,false
DEMO-IMAGE-0848,bracelet,synthetic_demo,Synthetic demo metadata,https://github.com/wa52/ai-customer-service/tree/main/data,synthetic_demo,false
DEMO-IMAGE-0849,ring,synthetic_demo,Synthetic demo metadata,https://github.com/wa52/ai-customer-service/tree/main/data,synthetic_demo,false
DEMO-IMAGE-0850,necklace,synthetic_demo,Synthetic demo metadata,https://github.com/wa52/ai-customer-service/tree/main/data,synthetic_demo,false
DEMO-IMAGE-0851,earring,synthetic_demo,Synthetic demo metadata,https://github.com/wa52/ai-customer-service/tree/main/data,synthetic_demo,false
DEMO-IMAGE-0852,bracelet,synthetic_demo,Synthetic demo metadata,https://github.com/wa52/ai-customer-service/tree/main/data,synthetic_demo,false
DEMO-IMAGE-0853,ring,synthetic_demo,Synthetic demo metadata,https://github.com/wa52/ai-customer-service/tree/main/data,synthetic_demo,false
DEMO-IMAGE-0854,necklace,synthetic_demo,Synthetic demo metadata,https://github.com/wa52/ai-customer-service/tree/main/data,synthetic_demo,false
DEMO-IMAGE-0855,earring,synthetic_demo,Synthetic demo metadata,https://github.com/wa52/ai-customer-service/tree/main/data,synthetic_demo,false
DEMO-IMAGE-0856,bracelet,synthetic_demo,Synthetic demo metadata,https://github.com/wa52/ai-customer-service/tree/main/data,synthetic_demo,false
DEMO-IMAGE-0857,ring,synthetic_demo,Synthetic demo metadata,https://github.com/wa52/ai-customer-service/tree/main/data,synthetic_demo,false
DEMO-IMAGE-0858,necklace,synthetic_demo,Synthetic demo metadata,https://github.com/wa52/ai-customer-service/tree/main/data,synthetic_demo,false
DEMO-IMAGE-0859,earring,synthetic_demo,Synthetic demo metadata,https://github.com/wa52/ai-customer-service/tree/main/data,synthetic_demo,false
DEMO-IMAGE-0860,bracelet,synthetic_demo,Synthetic demo metadata,https://github.com/wa52/ai-customer-service/tree/main/data,synthetic_demo,false
DEMO-IMAGE-0861,ring,synthetic_demo,Synthetic demo metadata,https://github.com/wa52/ai-customer-service/tree/main/data,synthetic_demo,false
DEMO-IMAGE-0862,necklace,synthetic_demo,Synthetic demo metadata,https://github.com/wa52/ai-customer-service/tree/main/data,synthetic_demo,false
DEMO-IMAGE-0863,earring,synthetic_demo,Synthetic demo metadata,https://github.com/wa52/ai-customer-service/tree/main/data,synthetic_demo,false
DEMO-IMAGE-0864,bracelet,synthetic_demo,Synthetic demo metadata,https://github.com/wa52/ai-customer-service/tree/main/data,synthetic_demo,false
DEMO-IMAGE-0865,ring,synthetic_demo,Synthetic demo metadata,https://github.com/wa52/ai-customer-service/tree/main/data,synthetic_demo,false
DEMO-IMAGE-0866,necklace,synthetic_demo,Synthetic demo metadata,https://github.com/wa52/ai-customer-service/tree/main/data,synthetic_demo,false
DEMO-IMAGE-0867,earring,synthetic_demo,Synthetic demo metadata,https://github.com/wa52/ai-customer-service/tree/main/data,synthetic_demo,false
DEMO-IMAGE-0868,bracelet,synthetic_demo,Synthetic demo metadata,https://github.com/wa52/ai-customer-service/tree/main/data,synthetic_demo,false
DEMO-IMAGE-0869,ring,synthetic_demo,Synthetic demo metadata,https://github.com/wa52/ai-customer-service/tree/main/data,synthetic_demo,false
DEMO-IMAGE-0870,necklace,synthetic_demo,Synthetic demo metadata,https://github.com/wa52/ai-customer-service/tree/main/data,synthetic_demo,false
DEMO-IMAGE-0871,earring,synthetic_demo,Synthetic demo metadata,https://github.com/wa52/ai-customer-service/tree/main/data,synthetic_demo,false
DEMO-IMAGE-0872,bracelet,synthetic_demo,Synthetic demo metadata,https://github.com/wa52/ai-customer-service/tree/main/data,synthetic_demo,false
DEMO-IMAGE-0873,ring,synthetic_demo,Synthetic demo metadata,https://github.com/wa52/ai-customer-service/tree/main/data,synthetic_demo,false
DEMO-IMAGE-0874,necklace,synthetic_demo,Synthetic demo metadata,https://github.com/wa52/ai-customer-service/tree/main/data,synthetic_demo,false
DEMO-IMAGE-0875,earring,synthetic_demo,Synthetic demo metadata,https://github.com/wa52/ai-customer-service/tree/main/data,synthetic_demo,false
DEMO-IMAGE-0876,bracelet,synthetic_demo,Synthetic demo metadata,https://github.com/wa52/ai-customer-service/tree/main/data,synthetic_demo,false
DEMO-IMAGE-0877,ring,synthetic_demo,Synthetic demo metadata,https://github.com/wa52/ai-customer-service/tree/main/data,synthetic_demo,false
DEMO-IMAGE-0878,necklace,synthetic_demo,Synthetic demo metadata,https://github.com/wa52/ai-customer-service/tree/main/data,synthetic_demo,false
DEMO-IMAGE-0879,earring,synthetic_demo,Synthetic demo metadata,https://github.com/wa52/ai-customer-service/tree/main/data,synthetic_demo,false
DEMO-IMAGE-0880,bracelet,synthetic_demo,Synthetic demo metadata,https://github.com/wa52/ai-customer-service/tree/main/data,synthetic_demo,false
DEMO-IMAGE-0881,ring,synthetic_demo,Synthetic demo metadata,https://github.com/wa52/ai-customer-service/tree/main/data,synthetic_demo,false
DEMO-IMAGE-0882,necklace,synthetic_demo,Synthetic demo metadata,https://github.com/wa52/ai-customer-service/tree/main/data,synthetic_demo,false
DEMO-IMAGE-0883,earring,synthetic_demo,Synthetic demo metadata,https://github.com/wa52/ai-customer-service/tree/main/data,synthetic_demo,false
DEMO-IMAGE-0884,bracelet,synthetic_demo,Synthetic demo metadata,https://github.com/wa52/ai-customer-service/tree/main/data,synthetic_demo,false
DEMO-IMAGE-0885,ring,synthetic_demo,Synthetic demo metadata,https://github.com/wa52/ai-customer-service/tree/main/data,synthetic_demo,false
DEMO-IMAGE-0886,necklace,synthetic_demo,Synthetic demo metadata,https://github.com/wa52/ai-customer-service/tree/main/data,synthetic_demo,false
DEMO-IMAGE-0887,earring,synthetic_demo,Synthetic demo metadata,https://github.com/wa52/ai-customer-service/tree/main/data,synthetic_demo,false
DEMO-IMAGE-0888,bracelet,synthetic_demo,Synthetic demo metadata,https://github.com/wa52/ai-customer-service/tree/main/data,synthetic_demo,false
DEMO-IMAGE-0889,ring,synthetic_demo,Synthetic demo metadata,https://github.com/wa52/ai-customer-service/tree/main/data,synthetic_demo,false
DEMO-IMAGE-0890,necklace,synthetic_demo,Synthetic demo metadata,https://github.com/wa52/ai-customer-service/tree/main/data,synthetic_demo,false
DEMO-IMAGE-0891,earring,synthetic_demo,Synthetic demo metadata,https://github.com/wa52/ai-customer-service/tree/main/data,synthetic_demo,false
DEMO-IMAGE-0892,bracelet,synthetic_demo,Synthetic demo metadata,https://github.com/wa52/ai-customer-service/tree/main/data,synthetic_demo,false
DEMO-IMAGE-0893,ring,synthetic_demo,Synthetic demo metadata,https://github.com/wa52/ai-customer-service/tree/main/data,synthetic_demo,false
DEMO-IMAGE-0894,necklace,synthetic_demo,Synthetic demo metadata,https://github.com/wa52/ai-customer-service/tree/main/data,synthetic_demo,false
DEMO-IMAGE-0895,earring,synthetic_demo,Synthetic demo metadata,https://github.com/wa52/ai-customer-service/tree/main/data,synthetic_demo,false
DEMO-IMAGE-0896,bracelet,synthetic_demo,Synthetic demo metadata,https://github.com/wa52/ai-customer-service/tree/main/data,synthetic_demo,false
DEMO-IMAGE-0897,ring,synthetic_demo,Synthetic demo metadata,https://github.com/wa52/ai-customer-service/tree/main/data,synthetic_demo,false
DEMO-IMAGE-0898,necklace,synthetic_demo,Synthetic demo metadata,https://github.com/wa52/ai-customer-service/tree/main/data,synthetic_demo,false
DEMO-IMAGE-0899,earring,synthetic_demo,Synthetic demo metadata,https://github.com/wa52/ai-customer-service/tree/main/data,synthetic_demo,false
DEMO-IMAGE-0900,bracelet,synthetic_demo,Synthetic demo metadata,https://github.com/wa52/ai-customer-service/tree/main/data,synthetic_demo,false
DEMO-IMAGE-0901,ring,synthetic_demo,Synthetic demo metadata,https://github.com/wa52/ai-customer-service/tree/main/data,synthetic_demo,false
DEMO-IMAGE-0902,necklace,synthetic_demo,Synthetic demo metadata,https://github.com/wa52/ai-customer-service/tree/main/data,synthetic_demo,false
DEMO-IMAGE-0903,earring,synthetic_demo,Synthetic demo metadata,https://github.com/wa52/ai-customer-service/tree/main/data,synthetic_demo,false
DEMO-IMAGE-0904,bracelet,synthetic_demo,Synthetic demo metadata,https://github.com/wa52/ai-customer-service/tree/main/data,synthetic_demo,false
DEMO-IMAGE-0905,ring,synthetic_demo,Synthetic demo metadata,https://github.com/wa52/ai-customer-service/tree/main/data,synthetic_demo,false
DEMO-IMAGE-0906,necklace,synthetic_demo,Synthetic demo metadata,https://github.com/wa52/ai-customer-service/tree/main/data,synthetic_demo,false
DEMO-IMAGE-0907,earring,synthetic_demo,Synthetic demo metadata,https://github.com/wa52/ai-customer-service/tree/main/data,synthetic_demo,false
DEMO-IMAGE-0908,bracelet,synthetic_demo,Synthetic demo metadata,https://github.com/wa52/ai-customer-service/tree/main/data,synthetic_demo,false
DEMO-IMAGE-0909,ring,synthetic_demo,Synthetic demo metadata,https://github.com/wa52/ai-customer-service/tree/main/data,synthetic_demo,false
DEMO-IMAGE-0910,necklace,synthetic_demo,Synthetic demo metadata,https://github.com/wa52/ai-customer-service/tree/main/data,synthetic_demo,false
DEMO-IMAGE-0911,earring,synthetic_demo,Synthetic demo metadata,https://github.com/wa52/ai-customer-service/tree/main/data,synthetic_demo,false
DEMO-IMAGE-0912,bracelet,synthetic_demo,Synthetic demo metadata,https://github.com/wa52/ai-customer-service/tree/main/data,synthetic_demo,false
DEMO-IMAGE-0913,ring,synthetic_demo,Synthetic demo metadata,https://github.com/wa52/ai-customer-service/tree/main/data,synthetic_demo,false
DEMO-IMAGE-0914,necklace,synthetic_demo,Synthetic demo metadata,https://github.com/wa52/ai-customer-service/tree/main/data,synthetic_demo,false
DEMO-IMAGE-0915,earring,synthetic_demo,Synthetic demo metadata,https://github.com/wa52/ai-customer-service/tree/main/data,synthetic_demo,false
DEMO-IMAGE-0916,bracelet,synthetic_demo,Synthetic demo metadata,https://github.com/wa52/ai-customer-service/tree/main/data,synthetic_demo,false
DEMO-IMAGE-0917,ring,synthetic_demo,Synthetic demo metadata,https://github.com/wa52/ai-customer-service/tree/main/data,synthetic_demo,false
DEMO-IMAGE-0918,necklace,synthetic_demo,Synthetic demo metadata,https://github.com/wa52/ai-customer-service/tree/main/data,synthetic_demo,false
DEMO-IMAGE-0919,earring,synthetic_demo,Synthetic demo metadata,https://github.com/wa52/ai-customer-service/tree/main/data,synthetic_demo,false
DEMO-IMAGE-0920,bracelet,synthetic_demo,Synthetic demo metadata,https://github.com/wa52/ai-customer-service/tree/main/data,synthetic_demo,false
DEMO-IMAGE-0921,ring,synthetic_demo,Synthetic demo metadata,https://github.com/wa52/ai-customer-service/tree/main/data,synthetic_demo,false
DEMO-IMAGE-0922,necklace,synthetic_demo,Synthetic demo metadata,https://github.com/wa52/ai-customer-service/tree/main/data,synthetic_demo,false
DEMO-IMAGE-0923,earring,synthetic_demo,Synthetic demo metadata,https://github.com/wa52/ai-customer-service/tree/main/data,synthetic_demo,false
DEMO-IMAGE-0924,bracelet,synthetic_demo,Synthetic demo metadata,https://github.com/wa52/ai-customer-service/tree/main/data,synthetic_demo,false
DEMO-IMAGE-0925,ring,synthetic_demo,Synthetic demo metadata,https://github.com/wa52/ai-customer-service/tree/main/data,synthetic_demo,false
DEMO-IMAGE-0926,necklace,synthetic_demo,Synthetic demo metadata,https://github.com/wa52/ai-customer-service/tree/main/data,synthetic_demo,false
DEMO-IMAGE-0927,earring,synthetic_demo,Synthetic demo metadata,https://github.com/wa52/ai-customer-service/tree/main/data,synthetic_demo,false
DEMO-IMAGE-0928,bracelet,synthetic_demo,Synthetic demo metadata,https://github.com/wa52/ai-customer-service/tree/main/data,synthetic_demo,false
DEMO-IMAGE-0929,ring,synthetic_demo,Synthetic demo metadata,https://github.com/wa52/ai-customer-service/tree/main/data,synthetic_demo,false
DEMO-IMAGE-0930,necklace,synthetic_demo,Synthetic demo metadata,https://github.com/wa52/ai-customer-service/tree/main/data,synthetic_demo,false
DEMO-IMAGE-0931,earring,synthetic_demo,Synthetic demo metadata,https://github.com/wa52/ai-customer-service/tree/main/data,synthetic_demo,false
DEMO-IMAGE-0932,bracelet,synthetic_demo,Synthetic demo metadata,https://github.com/wa52/ai-customer-service/tree/main/data,synthetic_demo,false
DEMO-IMAGE-0933,ring,synthetic_demo,Synthetic demo metadata,https://github.com/wa52/ai-customer-service/tree/main/data,synthetic_demo,false
DEMO-IMAGE-0934,necklace,synthetic_demo,Synthetic demo metadata,https://github.com/wa52/ai-customer-service/tree/main/data,synthetic_demo,false
DEMO-IMAGE-0935,earring,synthetic_demo,Synthetic demo metadata,https://github.com/wa52/ai-customer-service/tree/main/data,synthetic_demo,false
DEMO-IMAGE-0936,bracelet,synthetic_demo,Synthetic demo metadata,https://github.com/wa52/ai-customer-service/tree/main/data,synthetic_demo,false
DEMO-IMAGE-0937,ring,synthetic_demo,Synthetic demo metadata,https://github.com/wa52/ai-customer-service/tree/main/data,synthetic_demo,false
DEMO-IMAGE-0938,necklace,synthetic_demo,Synthetic demo metadata,https://github.com/wa52/ai-customer-service/tree/main/data,synthetic_demo,false
DEMO-IMAGE-0939,earring,synthetic_demo,Synthetic demo metadata,https://github.com/wa52/ai-customer-service/tree/main/data,synthetic_demo,false
DEMO-IMAGE-0940,bracelet,synthetic_demo,Synthetic demo metadata,https://github.com/wa52/ai-customer-service/tree/main/data,synthetic_demo,false
DEMO-IMAGE-0941,ring,synthetic_demo,Synthetic demo metadata,https://github.com/wa52/ai-customer-service/tree/main/data,synthetic_demo,false
DEMO-IMAGE-0942,necklace,synthetic_demo,Synthetic demo metadata,https://github.com/wa52/ai-customer-service/tree/main/data,synthetic_demo,false
DEMO-IMAGE-0943,earring,synthetic_demo,Synthetic demo metadata,https://github.com/wa52/ai-customer-service/tree/main/data,synthetic_demo,false
DEMO-IMAGE-0944,bracelet,synthetic_demo,Synthetic demo metadata,https://github.com/wa52/ai-customer-service/tree/main/data,synthetic_demo,false
DEMO-IMAGE-0945,ring,synthetic_demo,Synthetic demo metadata,https://github.com/wa52/ai-customer-service/tree/main/data,synthetic_demo,false
DEMO-IMAGE-0946,necklace,synthetic_demo,Synthetic demo metadata,https://github.com/wa52/ai-customer-service/tree/main/data,synthetic_demo,false
DEMO-IMAGE-0947,earring,synthetic_demo,Synthetic demo metadata,https://github.com/wa52/ai-customer-service/tree/main/data,synthetic_demo,false
DEMO-IMAGE-0948,bracelet,synthetic_demo,Synthetic demo metadata,https://github.com/wa52/ai-customer-service/tree/main/data,synthetic_demo,false
DEMO-IMAGE-0949,ring,synthetic_demo,Synthetic demo metadata,https://github.com/wa52/ai-customer-service/tree/main/data,synthetic_demo,false
DEMO-IMAGE-0950,necklace,synthetic_demo,Synthetic demo metadata,https://github.com/wa52/ai-customer-service/tree/main/data,synthetic_demo,false
DEMO-IMAGE-0951,earring,synthetic_demo,Synthetic demo metadata,https://github.com/wa52/ai-customer-service/tree/main/data,synthetic_demo,false
DEMO-IMAGE-0952,bracelet,synthetic_demo,Synthetic demo metadata,https://github.com/wa52/ai-customer-service/tree/main/data,synthetic_demo,false
DEMO-IMAGE-0953,ring,synthetic_demo,Synthetic demo metadata,https://github.com/wa52/ai-customer-service/tree/main/data,synthetic_demo,false
DEMO-IMAGE-0954,necklace,synthetic_demo,Synthetic demo metadata,https://github.com/wa52/ai-customer-service/tree/main/data,synthetic_demo,false
DEMO-IMAGE-0955,earring,synthetic_demo,Synthetic demo metadata,https://github.com/wa52/ai-customer-service/tree/main/data,synthetic_demo,false
DEMO-IMAGE-0956,bracelet,synthetic_demo,Synthetic demo metadata,https://github.com/wa52/ai-customer-service/tree/main/data,synthetic_demo,false
DEMO-IMAGE-0957,ring,synthetic_demo,Synthetic demo metadata,https://github.com/wa52/ai-customer-service/tree/main/data,synthetic_demo,false
DEMO-IMAGE-0958,necklace,synthetic_demo,Synthetic demo metadata,https://github.com/wa52/ai-customer-service/tree/main/data,synthetic_demo,false
DEMO-IMAGE-0959,earring,synthetic_demo,Synthetic demo metadata,https://github.com/wa52/ai-customer-service/tree/main/data,synthetic_demo,false
DEMO-IMAGE-0960,bracelet,synthetic_demo,Synthetic demo metadata,https://github.com/wa52/ai-customer-service/tree/main/data,synthetic_demo,false
DEMO-IMAGE-0961,ring,synthetic_demo,Synthetic demo metadata,https://github.com/wa52/ai-customer-service/tree/main/data,synthetic_demo,false
DEMO-IMAGE-0962,necklace,synthetic_demo,Synthetic demo metadata,https://github.com/wa52/ai-customer-service/tree/main/data,synthetic_demo,false
DEMO-IMAGE-0963,earring,synthetic_demo,Synthetic demo metadata,https://github.com/wa52/ai-customer-service/tree/main/data,synthetic_demo,false
DEMO-IMAGE-0964,bracelet,synthetic_demo,Synthetic demo metadata,https://github.com/wa52/ai-customer-service/tree/main/data,synthetic_demo,false
DEMO-IMAGE-0965,ring,synthetic_demo,Synthetic demo metadata,https://github.com/wa52/ai-customer-service/tree/main/data,synthetic_demo,false
DEMO-IMAGE-0966,necklace,synthetic_demo,Synthetic demo metadata,https://github.com/wa52/ai-customer-service/tree/main/data,synthetic_demo,false
DEMO-IMAGE-0967,earring,synthetic_demo,Synthetic demo metadata,https://github.com/wa52/ai-customer-service/tree/main/data,synthetic_demo,false
DEMO-IMAGE-0968,bracelet,synthetic_demo,Synthetic demo metadata,https://github.com/wa52/ai-customer-service/tree/main/data,synthetic_demo,false
DEMO-IMAGE-0969,ring,synthetic_demo,Synthetic demo metadata,https://github.com/wa52/ai-customer-service/tree/main/data,synthetic_demo,false
DEMO-IMAGE-0970,necklace,synthetic_demo,Synthetic demo metadata,https://github.com/wa52/ai-customer-service/tree/main/data,synthetic_demo,false
DEMO-IMAGE-0971,earring,synthetic_demo,Synthetic demo metadata,https://github.com/wa52/ai-customer-service/tree/main/data,synthetic_demo,false
DEMO-IMAGE-0972,bracelet,synthetic_demo,Synthetic demo metadata,https://github.com/wa52/ai-customer-service/tree/main/data,synthetic_demo,false
DEMO-IMAGE-0973,ring,synthetic_demo,Synthetic demo metadata,https://github.com/wa52/ai-customer-service/tree/main/data,synthetic_demo,false
DEMO-IMAGE-0974,necklace,synthetic_demo,Synthetic demo metadata,https://github.com/wa52/ai-customer-service/tree/main/data,synthetic_demo,false
DEMO-IMAGE-0975,earring,synthetic_demo,Synthetic demo metadata,https://github.com/wa52/ai-customer-service/tree/main/data,synthetic_demo,false
DEMO-IMAGE-0976,bracelet,synthetic_demo,Synthetic demo metadata,https://github.com/wa52/ai-customer-service/tree/main/data,synthetic_demo,false
DEMO-IMAGE-0977,ring,synthetic_demo,Synthetic demo metadata,https://github.com/wa52/ai-customer-service/tree/main/data,synthetic_demo,false
DEMO-IMAGE-0978,necklace,synthetic_demo,Synthetic demo metadata,https://github.com/wa52/ai-customer-service/tree/main/data,synthetic_demo,false
DEMO-IMAGE-0979,earring,synthetic_demo,Synthetic demo metadata,https://github.com/wa52/ai-customer-service/tree/main/data,synthetic_demo,false
DEMO-IMAGE-0980,bracelet,synthetic_demo,Synthetic demo metadata,https://github.com/wa52/ai-customer-service/tree/main/data,synthetic_demo,false
DEMO-IMAGE-0981,ring,synthetic_demo,Synthetic demo metadata,https://github.com/wa52/ai-customer-service/tree/main/data,synthetic_demo,false
DEMO-IMAGE-0982,necklace,synthetic_demo,Synthetic demo metadata,https://github.com/wa52/ai-customer-service/tree/main/data,synthetic_demo,false
DEMO-IMAGE-0983,earring,synthetic_demo,Synthetic demo metadata,https://github.com/wa52/ai-customer-service/tree/main/data,synthetic_demo,false
DEMO-IMAGE-0984,bracelet,synthetic_demo,Synthetic demo metadata,https://github.com/wa52/ai-customer-service/tree/main/data,synthetic_demo,false
DEMO-IMAGE-0985,ring,synthetic_demo,Synthetic demo metadata,https://github.com/wa52/ai-customer-service/tree/main/data,synthetic_demo,false
DEMO-IMAGE-0986,necklace,synthetic_demo,Synthetic demo metadata,https://github.com/wa52/ai-customer-service/tree/main/data,synthetic_demo,false
DEMO-IMAGE-0987,earring,synthetic_demo,Synthetic demo metadata,https://github.com/wa52/ai-customer-service/tree/main/data,synthetic_demo,false
DEMO-IMAGE-0988,bracelet,synthetic_demo,Synthetic demo metadata,https://github.com/wa52/ai-customer-service/tree/main/data,synthetic_demo,false
DEMO-IMAGE-0989,ring,synthetic_demo,Synthetic demo metadata,https://github.com/wa52/ai-customer-service/tree/main/data,synthetic_demo,false
DEMO-IMAGE-0990,necklace,synthetic_demo,Synthetic demo metadata,https://github.com/wa52/ai-customer-service/tree/main/data,synthetic_demo,false
DEMO-IMAGE-0991,earring,synthetic_demo,Synthetic demo metadata,https://github.com/wa52/ai-customer-service/tree/main/data,synthetic_demo,false
DEMO-IMAGE-0992,bracelet,synthetic_demo,Synthetic demo metadata,https://github.com/wa52/ai-customer-service/tree/main/data,synthetic_demo,false
DEMO-IMAGE-0993,ring,synthetic_demo,Synthetic demo metadata,https://github.com/wa52/ai-customer-service/tree/main/data,synthetic_demo,false
DEMO-IMAGE-0994,necklace,synthetic_demo,Synthetic demo metadata,https://github.com/wa52/ai-customer-service/tree/main/data,synthetic_demo,false
DEMO-IMAGE-0995,earring,synthetic_demo,Synthetic demo metadata,https://github.com/wa52/ai-customer-service/tree/main/data,synthetic_demo,false
DEMO-IMAGE-0996,bracelet,synthetic_demo,Synthetic demo metadata,https://github.com/wa52/ai-customer-service/tree/main/data,synthetic_demo,false
DEMO-IMAGE-0997,ring,synthetic_demo,Synthetic demo metadata,https://github.com/wa52/ai-customer-service/tree/main/data,synthetic_demo,false
DEMO-IMAGE-0998,necklace,synthetic_demo,Synthetic demo metadata,https://github.com/wa52/ai-customer-service/tree/main/data,synthetic_demo,false
DEMO-IMAGE-0999,earring,synthetic_demo,Synthetic demo metadata,https://github.com/wa52/ai-customer-service/tree/main/data,synthetic_demo,false
DEMO-IMAGE-1000,bracelet,synthetic_demo,Synthetic demo metadata,https://github.com/wa52/ai-customer-service/tree/main/data,synthetic_demo,false
DEMO-IMAGE-1001,ring,synthetic_demo,Synthetic demo metadata,https://github.com/wa52/ai-customer-service/tree/main/data,synthetic_demo,false
DEMO-IMAGE-1002,necklace,synthetic_demo,Synthetic demo metadata,https://github.com/wa52/ai-customer-service/tree/main/data,synthetic_demo,false
DEMO-IMAGE-1003,earring,synthetic_demo,Synthetic demo metadata,https://github.com/wa52/ai-customer-service/tree/main/data,synthetic_demo,false
DEMO-IMAGE-1004,bracelet,synthetic_demo,Synthetic demo metadata,https://github.com/wa52/ai-customer-service/tree/main/data,synthetic_demo,false
DEMO-IMAGE-1005,ring,synthetic_demo,Synthetic demo metadata,https://github.com/wa52/ai-customer-service/tree/main/data,synthetic_demo,false
DEMO-IMAGE-1006,necklace,synthetic_demo,Synthetic demo metadata,https://github.com/wa52/ai-customer-service/tree/main/data,synthetic_demo,false
DEMO-IMAGE-1007,earring,synthetic_demo,Synthetic demo metadata,https://github.com/wa52/ai-customer-service/tree/main/data,synthetic_demo,false
DEMO-IMAGE-1008,bracelet,synthetic_demo,Synthetic demo metadata,https://github.com/wa52/ai-customer-service/tree/main/data,synthetic_demo,false
DEMO-IMAGE-1009,ring,synthetic_demo,Synthetic demo metadata,https://github.com/wa52/ai-customer-service/tree/main/data,synthetic_demo,false
DEMO-IMAGE-1010,necklace,synthetic_demo,Synthetic demo metadata,https://github.com/wa52/ai-customer-service/tree/main/data,synthetic_demo,false
DEMO-IMAGE-1011,earring,synthetic_demo,Synthetic demo metadata,https://github.com/wa52/ai-customer-service/tree/main/data,synthetic_demo,false
DEMO-IMAGE-1012,bracelet,synthetic_demo,Synthetic demo metadata,https://github.com/wa52/ai-customer-service/tree/main/data,synthetic_demo,false
DEMO-IMAGE-1013,ring,synthetic_demo,Synthetic demo metadata,https://github.com/wa52/ai-customer-service/tree/main/data,synthetic_demo,false
DEMO-IMAGE-1014,necklace,synthetic_demo,Synthetic demo metadata,https://github.com/wa52/ai-customer-service/tree/main/data,synthetic_demo,false
DEMO-IMAGE-1015,earring,synthetic_demo,Synthetic demo metadata,https://github.com/wa52/ai-customer-service/tree/main/data,synthetic_demo,false
DEMO-IMAGE-1016,bracelet,synthetic_demo,Synthetic demo metadata,https://github.com/wa52/ai-customer-service/tree/main/data,synthetic_demo,false
DEMO-IMAGE-1017,ring,synthetic_demo,Synthetic demo metadata,https://github.com/wa52/ai-customer-service/tree/main/data,synthetic_demo,false
DEMO-IMAGE-1018,necklace,synthetic_demo,Synthetic demo metadata,https://github.com/wa52/ai-customer-service/tree/main/data,synthetic_demo,false
DEMO-IMAGE-1019,earring,synthetic_demo,Synthetic demo metadata,https://github.com/wa52/ai-customer-service/tree/main/data,synthetic_demo,false
DEMO-IMAGE-1020,bracelet,synthetic_demo,Synthetic demo metadata,https://github.com/wa52/ai-customer-service/tree/main/data,synthetic_demo,false
DEMO-IMAGE-1021,ring,synthetic_demo,Synthetic demo metadata,https://github.com/wa52/ai-customer-service/tree/main/data,synthetic_demo,false
DEMO-IMAGE-1022,necklace,synthetic_demo,Synthetic demo metadata,https://github.com/wa52/ai-customer-service/tree/main/data,synthetic_demo,false
DEMO-IMAGE-1023,earring,synthetic_demo,Synthetic demo metadata,https://github.com/wa52/ai-customer-service/tree/main/data,synthetic_demo,false
DEMO-IMAGE-1024,bracelet,synthetic_demo,Synthetic demo metadata,https://github.com/wa52/ai-customer-service/tree/main/data,synthetic_demo,false
DEMO-IMAGE-1025,ring,synthetic_demo,Synthetic demo metadata,https://github.com/wa52/ai-customer-service/tree/main/data,synthetic_demo,false
DEMO-IMAGE-1026,necklace,synthetic_demo,Synthetic demo metadata,https://github.com/wa52/ai-customer-service/tree/main/data,synthetic_demo,false
DEMO-IMAGE-1027,earring,synthetic_demo,Synthetic demo metadata,https://github.com/wa52/ai-customer-service/tree/main/data,synthetic_demo,false
DEMO-IMAGE-1028,bracelet,synthetic_demo,Synthetic demo metadata,https://github.com/wa52/ai-customer-service/tree/main/data,synthetic_demo,false
DEMO-IMAGE-1029,ring,synthetic_demo,Synthetic demo metadata,https://github.com/wa52/ai-customer-service/tree/main/data,synthetic_demo,false
DEMO-IMAGE-1030,necklace,synthetic_demo,Synthetic demo metadata,https://github.com/wa52/ai-customer-service/tree/main/data,synthetic_demo,false
DEMO-IMAGE-1031,earring,synthetic_demo,Synthetic demo metadata,https://github.com/wa52/ai-customer-service/tree/main/data,synthetic_demo,false
DEMO-IMAGE-1032,bracelet,synthetic_demo,Synthetic demo metadata,https://github.com/wa52/ai-customer-service/tree/main/data,synthetic_demo,false
DEMO-IMAGE-1033,ring,synthetic_demo,Synthetic demo metadata,https://github.com/wa52/ai-customer-service/tree/main/data,synthetic_demo,false
DEMO-IMAGE-1034,necklace,synthetic_demo,Synthetic demo metadata,https://github.com/wa52/ai-customer-service/tree/main/data,synthetic_demo,false
DEMO-IMAGE-1035,earring,synthetic_demo,Synthetic demo metadata,https://github.com/wa52/ai-customer-service/tree/main/data,synthetic_demo,false
DEMO-IMAGE-1036,bracelet,synthetic_demo,Synthetic demo metadata,https://github.com/wa52/ai-customer-service/tree/main/data,synthetic_demo,false
DEMO-IMAGE-1037,ring,synthetic_demo,Synthetic demo metadata,https://github.com/wa52/ai-customer-service/tree/main/data,synthetic_demo,false
DEMO-IMAGE-1038,necklace,synthetic_demo,Synthetic demo metadata,https://github.com/wa52/ai-customer-service/tree/main/data,synthetic_demo,false
DEMO-IMAGE-1039,earring,synthetic_demo,Synthetic demo metadata,https://github.com/wa52/ai-customer-service/tree/main/data,synthetic_demo,false
DEMO-IMAGE-1040,bracelet,synthetic_demo,Synthetic demo metadata,https://github.com/wa52/ai-customer-service/tree/main/data,synthetic_demo,false
DEMO-IMAGE-1041,ring,synthetic_demo,Synthetic demo metadata,https://github.com/wa52/ai-customer-service/tree/main/data,synthetic_demo,false
DEMO-IMAGE-1042,necklace,synthetic_demo,Synthetic demo metadata,https://github.com/wa52/ai-customer-service/tree/main/data,synthetic_demo,false
DEMO-IMAGE-1043,earring,synthetic_demo,Synthetic demo metadata,https://github.com/wa52/ai-customer-service/tree/main/data,synthetic_demo,false
DEMO-IMAGE-1044,bracelet,synthetic_demo,Synthetic demo metadata,https://github.com/wa52/ai-customer-service/tree/main/data,synthetic_demo,false
DEMO-IMAGE-1045,ring,synthetic_demo,Synthetic demo metadata,https://github.com/wa52/ai-customer-service/tree/main/data,synthetic_demo,false
DEMO-IMAGE-1046,necklace,synthetic_demo,Synthetic demo metadata,https://github.com/wa52/ai-customer-service/tree/main/data,synthetic_demo,false
DEMO-IMAGE-1047,earring,synthetic_demo,Synthetic demo metadata,https://github.com/wa52/ai-customer-service/tree/main/data,synthetic_demo,false
DEMO-IMAGE-1048,bracelet,synthetic_demo,Synthetic demo metadata,https://github.com/wa52/ai-customer-service/tree/main/data,synthetic_demo,false
DEMO-IMAGE-1049,ring,synthetic_demo,Synthetic demo metadata,https://github.com/wa52/ai-customer-service/tree/main/data,synthetic_demo,false
DEMO-IMAGE-1050,necklace,synthetic_demo,Synthetic demo metadata,https://github.com/wa52/ai-customer-service/tree/main/data,synthetic_demo,false
DEMO-IMAGE-1051,earring,synthetic_demo,Synthetic demo metadata,https://github.com/wa52/ai-customer-service/tree/main/data,synthetic_demo,false
DEMO-IMAGE-1052,bracelet,synthetic_demo,Synthetic demo metadata,https://github.com/wa52/ai-customer-service/tree/main/data,synthetic_demo,false
DEMO-IMAGE-1053,ring,synthetic_demo,Synthetic demo metadata,https://github.com/wa52/ai-customer-service/tree/main/data,synthetic_demo,false
DEMO-IMAGE-1054,necklace,synthetic_demo,Synthetic demo metadata,https://github.com/wa52/ai-customer-service/tree/main/data,synthetic_demo,false
DEMO-IMAGE-1055,earring,synthetic_demo,Synthetic demo metadata,https://github.com/wa52/ai-customer-service/tree/main/data,synthetic_demo,false
DEMO-IMAGE-1056,bracelet,synthetic_demo,Synthetic demo metadata,https://github.com/wa52/ai-customer-service/tree/main/data,synthetic_demo,false
DEMO-IMAGE-1057,ring,synthetic_demo,Synthetic demo metadata,https://github.com/wa52/ai-customer-service/tree/main/data,synthetic_demo,false
DEMO-IMAGE-1058,necklace,synthetic_demo,Synthetic demo metadata,https://github.com/wa52/ai-customer-service/tree/main/data,synthetic_demo,false
DEMO-IMAGE-1059,earring,synthetic_demo,Synthetic demo metadata,https://github.com/wa52/ai-customer-service/tree/main/data,synthetic_demo,false
DEMO-IMAGE-1060,bracelet,synthetic_demo,Synthetic demo metadata,https://github.com/wa52/ai-customer-service/tree/main/data,synthetic_demo,false
DEMO-IMAGE-1061,ring,synthetic_demo,Synthetic demo metadata,https://github.com/wa52/ai-customer-service/tree/main/data,synthetic_demo,false
DEMO-IMAGE-1062,necklace,synthetic_demo,Synthetic demo metadata,https://github.com/wa52/ai-customer-service/tree/main/data,synthetic_demo,false
DEMO-IMAGE-1063,earring,synthetic_demo,Synthetic demo metadata,https://github.com/wa52/ai-customer-service/tree/main/data,synthetic_demo,false
DEMO-IMAGE-1064,bracelet,synthetic_demo,Synthetic demo metadata,https://github.com/wa52/ai-customer-service/tree/main/data,synthetic_demo,false
DEMO-IMAGE-1065,ring,synthetic_demo,Synthetic demo metadata,https://github.com/wa52/ai-customer-service/tree/main/data,synthetic_demo,false
DEMO-IMAGE-1066,necklace,synthetic_demo,Synthetic demo metadata,https://github.com/wa52/ai-customer-service/tree/main/data,synthetic_demo,false
DEMO-IMAGE-1067,earring,synthetic_demo,Synthetic demo metadata,https://github.com/wa52/ai-customer-service/tree/main/data,synthetic_demo,false
DEMO-IMAGE-1068,bracelet,synthetic_demo,Synthetic demo metadata,https://github.com/wa52/ai-customer-service/tree/main/data,synthetic_demo,false
DEMO-IMAGE-1069,ring,synthetic_demo,Synthetic demo metadata,https://github.com/wa52/ai-customer-service/tree/main/data,synthetic_demo,false
DEMO-IMAGE-1070,necklace,synthetic_demo,Synthetic demo metadata,https://github.com/wa52/ai-customer-service/tree/main/data,synthetic_demo,false
DEMO-IMAGE-1071,earring,synthetic_demo,Synthetic demo metadata,https://github.com/wa52/ai-customer-service/tree/main/data,synthetic_demo,false
DEMO-IMAGE-1072,bracelet,synthetic_demo,Synthetic demo metadata,https://github.com/wa52/ai-customer-service/tree/main/data,synthetic_demo,false
DEMO-IMAGE-1073,ring,synthetic_demo,Synthetic demo metadata,https://github.com/wa52/ai-customer-service/tree/main/data,synthetic_demo,false
DEMO-IMAGE-1074,necklace,synthetic_demo,Synthetic demo metadata,https://github.com/wa52/ai-customer-service/tree/main/data,synthetic_demo,false
DEMO-IMAGE-1075,earring,synthetic_demo,Synthetic demo metadata,https://github.com/wa52/ai-customer-service/tree/main/data,synthetic_demo,false
DEMO-IMAGE-1076,bracelet,synthetic_demo,Synthetic demo metadata,https://github.com/wa52/ai-customer-service/tree/main/data,synthetic_demo,false
DEMO-IMAGE-1077,ring,synthetic_demo,Synthetic demo metadata,https://github.com/wa52/ai-customer-service/tree/main/data,synthetic_demo,false
DEMO-IMAGE-1078,necklace,synthetic_demo,Synthetic demo metadata,https://github.com/wa52/ai-customer-service/tree/main/data,synthetic_demo,false
DEMO-IMAGE-1079,earring,synthetic_demo,Synthetic demo metadata,https://github.com/wa52/ai-customer-service/tree/main/data,synthetic_demo,false
DEMO-IMAGE-1080,bracelet,synthetic_demo,Synthetic demo metadata,https://github.com/wa52/ai-customer-service/tree/main/data,synthetic_demo,false
DEMO-IMAGE-1081,ring,synthetic_demo,Synthetic demo metadata,https://github.com/wa52/ai-customer-service/tree/main/data,synthetic_demo,false
DEMO-IMAGE-1082,necklace,synthetic_demo,Synthetic demo metadata,https://github.com/wa52/ai-customer-service/tree/main/data,synthetic_demo,false
DEMO-IMAGE-1083,earring,synthetic_demo,Synthetic demo metadata,https://github.com/wa52/ai-customer-service/tree/main/data,synthetic_demo,false
DEMO-IMAGE-1084,bracelet,synthetic_demo,Synthetic demo metadata,https://github.com/wa52/ai-customer-service/tree/main/data,synthetic_demo,false
DEMO-IMAGE-1085,ring,synthetic_demo,Synthetic demo metadata,https://github.com/wa52/ai-customer-service/tree/main/data,synthetic_demo,false
DEMO-IMAGE-1086,necklace,synthetic_demo,Synthetic demo metadata,https://github.com/wa52/ai-customer-service/tree/main/data,synthetic_demo,false
DEMO-IMAGE-1087,earring,synthetic_demo,Synthetic demo metadata,https://github.com/wa52/ai-customer-service/tree/main/data,synthetic_demo,false
DEMO-IMAGE-1088,bracelet,synthetic_demo,Synthetic demo metadata,https://github.com/wa52/ai-customer-service/tree/main/data,synthetic_demo,false
DEMO-IMAGE-1089,ring,synthetic_demo,Synthetic demo metadata,https://github.com/wa52/ai-customer-service/tree/main/data,synthetic_demo,false
DEMO-IMAGE-1090,necklace,synthetic_demo,Synthetic demo metadata,https://github.com/wa52/ai-customer-service/tree/main/data,synthetic_demo,false
DEMO-IMAGE-1091,earring,synthetic_demo,Synthetic demo metadata,https://github.com/wa52/ai-customer-service/tree/main/data,synthetic_demo,false
DEMO-IMAGE-1092,bracelet,synthetic_demo,Synthetic demo metadata,https://github.com/wa52/ai-customer-service/tree/main/data,synthetic_demo,false
DEMO-IMAGE-1093,ring,synthetic_demo,Synthetic demo metadata,https://github.com/wa52/ai-customer-service/tree/main/data,synthetic_demo,false
DEMO-IMAGE-1094,necklace,synthetic_demo,Synthetic demo metadata,https://github.com/wa52/ai-customer-service/tree/main/data,synthetic_demo,false
DEMO-IMAGE-1095,earring,synthetic_demo,Synthetic demo metadata,https://github.com/wa52/ai-customer-service/tree/main/data,synthetic_demo,false
DEMO-IMAGE-1096,bracelet,synthetic_demo,Synthetic demo metadata,https://github.com/wa52/ai-customer-service/tree/main/data,synthetic_demo,false
DEMO-IMAGE-1097,ring,synthetic_demo,Synthetic demo metadata,https://github.com/wa52/ai-customer-service/tree/main/data,synthetic_demo,false
DEMO-IMAGE-1098,necklace,synthetic_demo,Synthetic demo metadata,https://github.com/wa52/ai-customer-service/tree/main/data,synthetic_demo,false
DEMO-IMAGE-1099,earring,synthetic_demo,Synthetic demo metadata,https://github.com/wa52/ai-customer-service/tree/main/data,synthetic_demo,false
DEMO-IMAGE-1100,bracelet,synthetic_demo,Synthetic demo metadata,https://github.com/wa52/ai-customer-service/tree/main/data,synthetic_demo,false
DEMO-IMAGE-1101,ring,synthetic_demo,Synthetic demo metadata,https://github.com/wa52/ai-customer-service/tree/main/data,synthetic_demo,false
DEMO-IMAGE-1102,necklace,synthetic_demo,Synthetic demo metadata,https://github.com/wa52/ai-customer-service/tree/main/data,synthetic_demo,false
DEMO-IMAGE-1103,earring,synthetic_demo,Synthetic demo metadata,https://github.com/wa52/ai-customer-service/tree/main/data,synthetic_demo,false
DEMO-IMAGE-1104,bracelet,synthetic_demo,Synthetic demo metadata,https://github.com/wa52/ai-customer-service/tree/main/data,synthetic_demo,false
DEMO-IMAGE-1105,ring,synthetic_demo,Synthetic demo metadata,https://github.com/wa52/ai-customer-service/tree/main/data,synthetic_demo,false
DEMO-IMAGE-1106,necklace,synthetic_demo,Synthetic demo metadata,https://github.com/wa52/ai-customer-service/tree/main/data,synthetic_demo,false
DEMO-IMAGE-1107,earring,synthetic_demo,Synthetic demo metadata,https://github.com/wa52/ai-customer-service/tree/main/data,synthetic_demo,false
DEMO-IMAGE-1108,bracelet,synthetic_demo,Synthetic demo metadata,https://github.com/wa52/ai-customer-service/tree/main/data,synthetic_demo,false
DEMO-IMAGE-1109,ring,synthetic_demo,Synthetic demo metadata,https://github.com/wa52/ai-customer-service/tree/main/data,synthetic_demo,false
DEMO-IMAGE-1110,necklace,synthetic_demo,Synthetic demo metadata,https://github.com/wa52/ai-customer-service/tree/main/data,synthetic_demo,false
DEMO-IMAGE-1111,earring,synthetic_demo,Synthetic demo metadata,https://github.com/wa52/ai-customer-service/tree/main/data,synthetic_demo,false
DEMO-IMAGE-1112,bracelet,synthetic_demo,Synthetic demo metadata,https://github.com/wa52/ai-customer-service/tree/main/data,synthetic_demo,false
DEMO-IMAGE-1113,ring,synthetic_demo,Synthetic demo metadata,https://github.com/wa52/ai-customer-service/tree/main/data,synthetic_demo,false
DEMO-IMAGE-1114,necklace,synthetic_demo,Synthetic demo metadata,https://github.com/wa52/ai-customer-service/tree/main/data,synthetic_demo,false
DEMO-IMAGE-1115,earring,synthetic_demo,Synthetic demo metadata,https://github.com/wa52/ai-customer-service/tree/main/data,synthetic_demo,false
DEMO-IMAGE-1116,bracelet,synthetic_demo,Synthetic demo metadata,https://github.com/wa52/ai-customer-service/tree/main/data,synthetic_demo,false
DEMO-IMAGE-1117,ring,synthetic_demo,Synthetic demo metadata,https://github.com/wa52/ai-customer-service/tree/main/data,synthetic_demo,false
DEMO-IMAGE-1118,necklace,synthetic_demo,Synthetic demo metadata,https://github.com/wa52/ai-customer-service/tree/main/data,synthetic_demo,false
DEMO-IMAGE-1119,earring,synthetic_demo,Synthetic demo metadata,https://github.com/wa52/ai-customer-service/tree/main/data,synthetic_demo,false
DEMO-IMAGE-1120,bracelet,synthetic_demo,Synthetic demo metadata,https://github.com/wa52/ai-customer-service/tree/main/data,synthetic_demo,false
DEMO-IMAGE-1121,ring,synthetic_demo,Synthetic demo metadata,https://github.com/wa52/ai-customer-service/tree/main/data,synthetic_demo,false
DEMO-IMAGE-1122,necklace,synthetic_demo,Synthetic demo metadata,https://github.com/wa52/ai-customer-service/tree/main/data,synthetic_demo,false
DEMO-IMAGE-1123,earring,synthetic_demo,Synthetic demo metadata,https://github.com/wa52/ai-customer-service/tree/main/data,synthetic_demo,false
DEMO-IMAGE-1124,bracelet,synthetic_demo,Synthetic demo metadata,https://github.com/wa52/ai-customer-service/tree/main/data,synthetic_demo,false
DEMO-IMAGE-1125,ring,synthetic_demo,Synthetic demo metadata,https://github.com/wa52/ai-customer-service/tree/main/data,synthetic_demo,false
DEMO-IMAGE-1126,necklace,synthetic_demo,Synthetic demo metadata,https://github.com/wa52/ai-customer-service/tree/main/data,synthetic_demo,false
DEMO-IMAGE-1127,earring,synthetic_demo,Synthetic demo metadata,https://github.com/wa52/ai-customer-service/tree/main/data,synthetic_demo,false
DEMO-IMAGE-1128,bracelet,synthetic_demo,Synthetic demo metadata,https://github.com/wa52/ai-customer-service/tree/main/data,synthetic_demo,false
DEMO-IMAGE-1129,ring,synthetic_demo,Synthetic demo metadata,https://github.com/wa52/ai-customer-service/tree/main/data,synthetic_demo,false
DEMO-IMAGE-1130,necklace,synthetic_demo,Synthetic demo metadata,https://github.com/wa52/ai-customer-service/tree/main/data,synthetic_demo,false
DEMO-IMAGE-1131,earring,synthetic_demo,Synthetic demo metadata,https://github.com/wa52/ai-customer-service/tree/main/data,synthetic_demo,false
DEMO-IMAGE-1132,bracelet,synthetic_demo,Synthetic demo metadata,https://github.com/wa52/ai-customer-service/tree/main/data,synthetic_demo,false
DEMO-IMAGE-1133,ring,synthetic_demo,Synthetic demo metadata,https://github.com/wa52/ai-customer-service/tree/main/data,synthetic_demo,false
DEMO-IMAGE-1134,necklace,synthetic_demo,Synthetic demo metadata,https://github.com/wa52/ai-customer-service/tree/main/data,synthetic_demo,false
DEMO-IMAGE-1135,earring,synthetic_demo,Synthetic demo metadata,https://github.com/wa52/ai-customer-service/tree/main/data,synthetic_demo,false
DEMO-IMAGE-1136,bracelet,synthetic_demo,Synthetic demo metadata,https://github.com/wa52/ai-customer-service/tree/main/data,synthetic_demo,false
DEMO-IMAGE-1137,ring,synthetic_demo,Synthetic demo metadata,https://github.com/wa52/ai-customer-service/tree/main/data,synthetic_demo,false
DEMO-IMAGE-1138,necklace,synthetic_demo,Synthetic demo metadata,https://github.com/wa52/ai-customer-service/tree/main/data,synthetic_demo,false
DEMO-IMAGE-1139,earring,synthetic_demo,Synthetic demo metadata,https://github.com/wa52/ai-customer-service/tree/main/data,synthetic_demo,false
DEMO-IMAGE-1140,bracelet,synthetic_demo,Synthetic demo metadata,https://github.com/wa52/ai-customer-service/tree/main/data,synthetic_demo,false
DEMO-IMAGE-1141,ring,synthetic_demo,Synthetic demo metadata,https://github.com/wa52/ai-customer-service/tree/main/data,synthetic_demo,false
DEMO-IMAGE-1142,necklace,synthetic_demo,Synthetic demo metadata,https://github.com/wa52/ai-customer-service/tree/main/data,synthetic_demo,false
DEMO-IMAGE-1143,earring,synthetic_demo,Synthetic demo metadata,https://github.com/wa52/ai-customer-service/tree/main/data,synthetic_demo,false
DEMO-IMAGE-1144,bracelet,synthetic_demo,Synthetic demo metadata,https://github.com/wa52/ai-customer-service/tree/main/data,synthetic_demo,false
DEMO-IMAGE-1145,ring,synthetic_demo,Synthetic demo metadata,https://github.com/wa52/ai-customer-service/tree/main/data,synthetic_demo,false
DEMO-IMAGE-1146,necklace,synthetic_demo,Synthetic demo metadata,https://github.com/wa52/ai-customer-service/tree/main/data,synthetic_demo,false
DEMO-IMAGE-1147,earring,synthetic_demo,Synthetic demo metadata,https://github.com/wa52/ai-customer-service/tree/main/data,synthetic_demo,false
DEMO-IMAGE-1148,bracelet,synthetic_demo,Synthetic demo metadata,https://github.com/wa52/ai-customer-service/tree/main/data,synthetic_demo,false
DEMO-IMAGE-1149,ring,synthetic_demo,Synthetic demo metadata,https://github.com/wa52/ai-customer-service/tree/main/data,synthetic_demo,false
DEMO-IMAGE-1150,necklace,synthetic_demo,Synthetic demo metadata,https://github.com/wa52/ai-customer-service/tree/main/data,synthetic_demo,false
DEMO-IMAGE-1151,earring,synthetic_demo,Synthetic demo metadata,https://github.com/wa52/ai-customer-service/tree/main/data,synthetic_demo,false
DEMO-IMAGE-1152,bracelet,synthetic_demo,Synthetic demo metadata,https://github.com/wa52/ai-customer-service/tree/main/data,synthetic_demo,false
DEMO-IMAGE-1153,ring,synthetic_demo,Synthetic demo metadata,https://github.com/wa52/ai-customer-service/tree/main/data,synthetic_demo,false
DEMO-IMAGE-1154,necklace,synthetic_demo,Synthetic demo metadata,https://github.com/wa52/ai-customer-service/tree/main/data,synthetic_demo,false
DEMO-IMAGE-1155,earring,synthetic_demo,Synthetic demo metadata,https://github.com/wa52/ai-customer-service/tree/main/data,synthetic_demo,false
DEMO-IMAGE-1156,bracelet,synthetic_demo,Synthetic demo metadata,https://github.com/wa52/ai-customer-service/tree/main/data,synthetic_demo,false
DEMO-IMAGE-1157,ring,synthetic_demo,Synthetic demo metadata,https://github.com/wa52/ai-customer-service/tree/main/data,synthetic_demo,false
DEMO-IMAGE-1158,necklace,synthetic_demo,Synthetic demo metadata,https://github.com/wa52/ai-customer-service/tree/main/data,synthetic_demo,false
DEMO-IMAGE-1159,earring,synthetic_demo,Synthetic demo metadata,https://github.com/wa52/ai-customer-service/tree/main/data,synthetic_demo,false
DEMO-IMAGE-1160,bracelet,synthetic_demo,Synthetic demo metadata,https://github.com/wa52/ai-customer-service/tree/main/data,synthetic_demo,false
DEMO-IMAGE-1161,ring,synthetic_demo,Synthetic demo metadata,https://github.com/wa52/ai-customer-service/tree/main/data,synthetic_demo,false
DEMO-IMAGE-1162,necklace,synthetic_demo,Synthetic demo metadata,https://github.com/wa52/ai-customer-service/tree/main/data,synthetic_demo,false
DEMO-IMAGE-1163,earring,synthetic_demo,Synthetic demo metadata,https://github.com/wa52/ai-customer-service/tree/main/data,synthetic_demo,false
DEMO-IMAGE-1164,bracelet,synthetic_demo,Synthetic demo metadata,https://github.com/wa52/ai-customer-service/tree/main/data,synthetic_demo,false
DEMO-IMAGE-1165,ring,synthetic_demo,Synthetic demo metadata,https://github.com/wa52/ai-customer-service/tree/main/data,synthetic_demo,false
DEMO-IMAGE-1166,necklace,synthetic_demo,Synthetic demo metadata,https://github.com/wa52/ai-customer-service/tree/main/data,synthetic_demo,false
DEMO-IMAGE-1167,earring,synthetic_demo,Synthetic demo metadata,https://github.com/wa52/ai-customer-service/tree/main/data,synthetic_demo,false
DEMO-IMAGE-1168,bracelet,synthetic_demo,Synthetic demo metadata,https://github.com/wa52/ai-customer-service/tree/main/data,synthetic_demo,false
DEMO-IMAGE-1169,ring,synthetic_demo,Synthetic demo metadata,https://github.com/wa52/ai-customer-service/tree/main/data,synthetic_demo,false
DEMO-IMAGE-1170,necklace,synthetic_demo,Synthetic demo metadata,https://github.com/wa52/ai-customer-service/tree/main/data,synthetic_demo,false
DEMO-IMAGE-1171,earring,synthetic_demo,Synthetic demo metadata,https://github.com/wa52/ai-customer-service/tree/main/data,synthetic_demo,false
DEMO-IMAGE-1172,bracelet,synthetic_demo,Synthetic demo metadata,https://github.com/wa52/ai-customer-service/tree/main/data,synthetic_demo,false
DEMO-IMAGE-1173,ring,synthetic_demo,Synthetic demo metadata,https://github.com/wa52/ai-customer-service/tree/main/data,synthetic_demo,false
DEMO-IMAGE-1174,necklace,synthetic_demo,Synthetic demo metadata,https://github.com/wa52/ai-customer-service/tree/main/data,synthetic_demo,false
DEMO-IMAGE-1175,earring,synthetic_demo,Synthetic demo metadata,https://github.com/wa52/ai-customer-service/tree/main/data,synthetic_demo,false
DEMO-IMAGE-1176,bracelet,synthetic_demo,Synthetic demo metadata,https://github.com/wa52/ai-customer-service/tree/main/data,synthetic_demo,false
DEMO-IMAGE-1177,ring,synthetic_demo,Synthetic demo metadata,https://github.com/wa52/ai-customer-service/tree/main/data,synthetic_demo,false
DEMO-IMAGE-1178,necklace,synthetic_demo,Synthetic demo metadata,https://github.com/wa52/ai-customer-service/tree/main/data,synthetic_demo,false
DEMO-IMAGE-1179,earring,synthetic_demo,Synthetic demo metadata,https://github.com/wa52/ai-customer-service/tree/main/data,synthetic_demo,false
DEMO-IMAGE-1180,bracelet,synthetic_demo,Synthetic demo metadata,https://github.com/wa52/ai-customer-service/tree/main/data,synthetic_demo,false
DEMO-IMAGE-1181,ring,synthetic_demo,Synthetic demo metadata,https://github.com/wa52/ai-customer-service/tree/main/data,synthetic_demo,false
DEMO-IMAGE-1182,necklace,synthetic_demo,Synthetic demo metadata,https://github.com/wa52/ai-customer-service/tree/main/data,synthetic_demo,false
DEMO-IMAGE-1183,earring,synthetic_demo,Synthetic demo metadata,https://github.com/wa52/ai-customer-service/tree/main/data,synthetic_demo,false
DEMO-IMAGE-1184,bracelet,synthetic_demo,Synthetic demo metadata,https://github.com/wa52/ai-customer-service/tree/main/data,synthetic_demo,false
DEMO-IMAGE-1185,ring,synthetic_demo,Synthetic demo metadata,https://github.com/wa52/ai-customer-service/tree/main/data,synthetic_demo,false
DEMO-IMAGE-1186,necklace,synthetic_demo,Synthetic demo metadata,https://github.com/wa52/ai-customer-service/tree/main/data,synthetic_demo,false
DEMO-IMAGE-1187,earring,synthetic_demo,Synthetic demo metadata,https://github.com/wa52/ai-customer-service/tree/main/data,synthetic_demo,false
DEMO-IMAGE-1188,bracelet,synthetic_demo,Synthetic demo metadata,https://github.com/wa52/ai-customer-service/tree/main/data,synthetic_demo,false
DEMO-IMAGE-1189,ring,synthetic_demo,Synthetic demo metadata,https://github.com/wa52/ai-customer-service/tree/main/data,synthetic_demo,false
DEMO-IMAGE-1190,necklace,synthetic_demo,Synthetic demo metadata,https://github.com/wa52/ai-customer-service/tree/main/data,synthetic_demo,false
DEMO-IMAGE-1191,earring,synthetic_demo,Synthetic demo metadata,https://github.com/wa52/ai-customer-service/tree/main/data,synthetic_demo,false
DEMO-IMAGE-1192,bracelet,synthetic_demo,Synthetic demo metadata,https://github.com/wa52/ai-customer-service/tree/main/data,synthetic_demo,false
DEMO-IMAGE-1193,ring,synthetic_demo,Synthetic demo metadata,https://github.com/wa52/ai-customer-service/tree/main/data,synthetic_demo,false
DEMO-IMAGE-1194,necklace,synthetic_demo,Synthetic demo metadata,https://github.com/wa52/ai-customer-service/tree/main/data,synthetic_demo,false
DEMO-IMAGE-1195,earring,synthetic_demo,Synthetic demo metadata,https://github.com/wa52/ai-customer-service/tree/main/data,synthetic_demo,false
DEMO-IMAGE-1196,bracelet,synthetic_demo,Synthetic demo metadata,https://github.com/wa52/ai-customer-service/tree/main/data,synthetic_demo,false
DEMO-IMAGE-1197,ring,synthetic_demo,Synthetic demo metadata,https://github.com/wa52/ai-customer-service/tree/main/data,synthetic_demo,false
DEMO-IMAGE-1198,necklace,synthetic_demo,Synthetic demo metadata,https://github.com/wa52/ai-customer-service/tree/main/data,synthetic_demo,false
DEMO-IMAGE-1199,earring,synthetic_demo,Synthetic demo metadata,https://github.com/wa52/ai-customer-service/tree/main/data,synthetic_demo,false
DEMO-IMAGE-1200,bracelet,synthetic_demo,Synthetic demo metadata,https://github.com/wa52/ai-customer-service/tree/main/data,synthetic_demo,false
DEMO-IMAGE-1201,ring,synthetic_demo,Synthetic demo metadata,https://github.com/wa52/ai-customer-service/tree/main/data,synthetic_demo,false
DEMO-IMAGE-1202,necklace,synthetic_demo,Synthetic demo metadata,https://github.com/wa52/ai-customer-service/tree/main/data,synthetic_demo,false
DEMO-IMAGE-1203,earring,synthetic_demo,Synthetic demo metadata,https://github.com/wa52/ai-customer-service/tree/main/data,synthetic_demo,false
DEMO-IMAGE-1204,bracelet,synthetic_demo,Synthetic demo metadata,https://github.com/wa52/ai-customer-service/tree/main/data,synthetic_demo,false
DEMO-IMAGE-1205,ring,synthetic_demo,Synthetic demo metadata,https://github.com/wa52/ai-customer-service/tree/main/data,synthetic_demo,false
DEMO-IMAGE-1206,necklace,synthetic_demo,Synthetic demo metadata,https://github.com/wa52/ai-customer-service/tree/main/data,synthetic_demo,false
DEMO-IMAGE-1207,earring,synthetic_demo,Synthetic demo metadata,https://github.com/wa52/ai-customer-service/tree/main/data,synthetic_demo,false
DEMO-IMAGE-1208,bracelet,synthetic_demo,Synthetic demo metadata,https://github.com/wa52/ai-customer-service/tree/main/data,synthetic_demo,false
DEMO-IMAGE-1209,ring,synthetic_demo,Synthetic demo metadata,https://github.com/wa52/ai-customer-service/tree/main/data,synthetic_demo,false
DEMO-IMAGE-1210,necklace,synthetic_demo,Synthetic demo metadata,https://github.com/wa52/ai-customer-service/tree/main/data,synthetic_demo,false
DEMO-IMAGE-1211,earring,synthetic_demo,Synthetic demo metadata,https://github.com/wa52/ai-customer-service/tree/main/data,synthetic_demo,false
DEMO-IMAGE-1212,bracelet,synthetic_demo,Synthetic demo metadata,https://github.com/wa52/ai-customer-service/tree/main/data,synthetic_demo,false
DEMO-IMAGE-1213,ring,synthetic_demo,Synthetic demo metadata,https://github.com/wa52/ai-customer-service/tree/main/data,synthetic_demo,false
DEMO-IMAGE-1214,necklace,synthetic_demo,Synthetic demo metadata,https://github.com/wa52/ai-customer-service/tree/main/data,synthetic_demo,false
DEMO-IMAGE-1215,earring,synthetic_demo,Synthetic demo metadata,https://github.com/wa52/ai-customer-service/tree/main/data,synthetic_demo,false
DEMO-IMAGE-1216,bracelet,synthetic_demo,Synthetic demo metadata,https://github.com/wa52/ai-customer-service/tree/main/data,synthetic_demo,false
DEMO-IMAGE-1217,ring,synthetic_demo,Synthetic demo metadata,https://github.com/wa52/ai-customer-service/tree/main/data,synthetic_demo,false
DEMO-IMAGE-1218,necklace,synthetic_demo,Synthetic demo metadata,https://github.com/wa52/ai-customer-service/tree/main/data,synthetic_demo,false
DEMO-IMAGE-1219,earring,synthetic_demo,Synthetic demo metadata,https://github.com/wa52/ai-customer-service/tree/main/data,synthetic_demo,false
DEMO-IMAGE-1220,bracelet,synthetic_demo,Synthetic demo metadata,https://github.com/wa52/ai-customer-service/tree/main/data,synthetic_demo,false
DEMO-IMAGE-1221,ring,synthetic_demo,Synthetic demo metadata,https://github.com/wa52/ai-customer-service/tree/main/data,synthetic_demo,false
DEMO-IMAGE-1222,necklace,synthetic_demo,Synthetic demo metadata,https://github.com/wa52/ai-customer-service/tree/main/data,synthetic_demo,false
DEMO-IMAGE-1223,earring,synthetic_demo,Synthetic demo metadata,https://github.com/wa52/ai-customer-service/tree/main/data,synthetic_demo,false
DEMO-IMAGE-1224,bracelet,synthetic_demo,Synthetic demo metadata,https://github.com/wa52/ai-customer-service/tree/main/data,synthetic_demo,false
DEMO-IMAGE-1225,ring,synthetic_demo,Synthetic demo metadata,https://github.com/wa52/ai-customer-service/tree/main/data,synthetic_demo,false
DEMO-IMAGE-1226,necklace,synthetic_demo,Synthetic demo metadata,https://github.com/wa52/ai-customer-service/tree/main/data,synthetic_demo,false
DEMO-IMAGE-1227,earring,synthetic_demo,Synthetic demo metadata,https://github.com/wa52/ai-customer-service/tree/main/data,synthetic_demo,false
DEMO-IMAGE-1228,bracelet,synthetic_demo,Synthetic demo metadata,https://github.com/wa52/ai-customer-service/tree/main/data,synthetic_demo,false
DEMO-IMAGE-1229,ring,synthetic_demo,Synthetic demo metadata,https://github.com/wa52/ai-customer-service/tree/main/data,synthetic_demo,false
DEMO-IMAGE-1230,necklace,synthetic_demo,Synthetic demo metadata,https://github.com/wa52/ai-customer-service/tree/main/data,synthetic_demo,false
DEMO-IMAGE-1231,earring,synthetic_demo,Synthetic demo metadata,https://github.com/wa52/ai-customer-service/tree/main/data,synthetic_demo,false
DEMO-IMAGE-1232,bracelet,synthetic_demo,Synthetic demo metadata,https://github.com/wa52/ai-customer-service/tree/main/data,synthetic_demo,false
DEMO-IMAGE-1233,ring,synthetic_demo,Synthetic demo metadata,https://github.com/wa52/ai-customer-service/tree/main/data,synthetic_demo,false
DEMO-IMAGE-1234,necklace,synthetic_demo,Synthetic demo metadata,https://github.com/wa52/ai-customer-service/tree/main/data,synthetic_demo,false
DEMO-IMAGE-1235,earring,synthetic_demo,Synthetic demo metadata,https://github.com/wa52/ai-customer-service/tree/main/data,synthetic_demo,false
DEMO-IMAGE-1236,bracelet,synthetic_demo,Synthetic demo metadata,https://github.com/wa52/ai-customer-service/tree/main/data,synthetic_demo,false
DEMO-IMAGE-1237,ring,synthetic_demo,Synthetic demo metadata,https://github.com/wa52/ai-customer-service/tree/main/data,synthetic_demo,false
DEMO-IMAGE-1238,necklace,synthetic_demo,Synthetic demo metadata,https://github.com/wa52/ai-customer-service/tree/main/data,synthetic_demo,false
DEMO-IMAGE-1239,earring,synthetic_demo,Synthetic demo metadata,https://github.com/wa52/ai-customer-service/tree/main/data,synthetic_demo,false
DEMO-IMAGE-1240,bracelet,synthetic_demo,Synthetic demo metadata,https://github.com/wa52/ai-customer-service/tree/main/data,synthetic_demo,false
DEMO-IMAGE-1241,ring,synthetic_demo,Synthetic demo metadata,https://github.com/wa52/ai-customer-service/tree/main/data,synthetic_demo,false
DEMO-IMAGE-1242,necklace,synthetic_demo,Synthetic demo metadata,https://github.com/wa52/ai-customer-service/tree/main/data,synthetic_demo,false
DEMO-IMAGE-1243,earring,synthetic_demo,Synthetic demo metadata,https://github.com/wa52/ai-customer-service/tree/main/data,synthetic_demo,false
DEMO-IMAGE-1244,bracelet,synthetic_demo,Synthetic demo metadata,https://github.com/wa52/ai-customer-service/tree/main/data,synthetic_demo,false
DEMO-IMAGE-1245,ring,synthetic_demo,Synthetic demo metadata,https://github.com/wa52/ai-customer-service/tree/main/data,synthetic_demo,false
DEMO-IMAGE-1246,necklace,synthetic_demo,Synthetic demo metadata,https://github.com/wa52/ai-customer-service/tree/main/data,synthetic_demo,false
DEMO-IMAGE-1247,earring,synthetic_demo,Synthetic demo metadata,https://github.com/wa52/ai-customer-service/tree/main/data,synthetic_demo,false
DEMO-IMAGE-1248,bracelet,synthetic_demo,Synthetic demo metadata,https://github.com/wa52/ai-customer-service/tree/main/data,synthetic_demo,false
DEMO-IMAGE-1249,ring,synthetic_demo,Synthetic demo metadata,https://github.com/wa52/ai-customer-service/tree/main/data,synthetic_demo,false
DEMO-IMAGE-1250,necklace,synthetic_demo,Synthetic demo metadata,https://github.com/wa52/ai-customer-service/tree/main/data,synthetic_demo,false
DEMO-IMAGE-1251,earring,synthetic_demo,Synthetic demo metadata,https://github.com/wa52/ai-customer-service/tree/main/data,synthetic_demo,false
DEMO-IMAGE-1252,bracelet,synthetic_demo,Synthetic demo metadata,https://github.com/wa52/ai-customer-service/tree/main/data,synthetic_demo,false
DEMO-IMAGE-1253,ring,synthetic_demo,Synthetic demo metadata,https://github.com/wa52/ai-customer-service/tree/main/data,synthetic_demo,false
DEMO-IMAGE-1254,necklace,synthetic_demo,Synthetic demo metadata,https://github.com/wa52/ai-customer-service/tree/main/data,synthetic_demo,false
DEMO-IMAGE-1255,earring,synthetic_demo,Synthetic demo metadata,https://github.com/wa52/ai-customer-service/tree/main/data,synthetic_demo,false
DEMO-IMAGE-1256,bracelet,synthetic_demo,Synthetic demo metadata,https://github.com/wa52/ai-customer-service/tree/main/data,synthetic_demo,false
DEMO-IMAGE-1257,ring,synthetic_demo,Synthetic demo metadata,https://github.com/wa52/ai-customer-service/tree/main/data,synthetic_demo,false
DEMO-IMAGE-1258,necklace,synthetic_demo,Synthetic demo metadata,https://github.com/wa52/ai-customer-service/tree/main/data,synthetic_demo,false
DEMO-IMAGE-1259,earring,synthetic_demo,Synthetic demo metadata,https://github.com/wa52/ai-customer-service/tree/main/data,synthetic_demo,false
DEMO-IMAGE-1260,bracelet,synthetic_demo,Synthetic demo metadata,https://github.com/wa52/ai-customer-service/tree/main/data,synthetic_demo,false
DEMO-IMAGE-1261,ring,synthetic_demo,Synthetic demo metadata,https://github.com/wa52/ai-customer-service/tree/main/data,synthetic_demo,false
DEMO-IMAGE-1262,necklace,synthetic_demo,Synthetic demo metadata,https://github.com/wa52/ai-customer-service/tree/main/data,synthetic_demo,false
DEMO-IMAGE-1263,earring,synthetic_demo,Synthetic demo metadata,https://github.com/wa52/ai-customer-service/tree/main/data,synthetic_demo,false
DEMO-IMAGE-1264,bracelet,synthetic_demo,Synthetic demo metadata,https://github.com/wa52/ai-customer-service/tree/main/data,synthetic_demo,false
DEMO-IMAGE-1265,ring,synthetic_demo,Synthetic demo metadata,https://github.com/wa52/ai-customer-service/tree/main/data,synthetic_demo,false
DEMO-IMAGE-1266,necklace,synthetic_demo,Synthetic demo metadata,https://github.com/wa52/ai-customer-service/tree/main/data,synthetic_demo,false
DEMO-IMAGE-1267,earring,synthetic_demo,Synthetic demo metadata,https://github.com/wa52/ai-customer-service/tree/main/data,synthetic_demo,false
DEMO-IMAGE-1268,bracelet,synthetic_demo,Synthetic demo metadata,https://github.com/wa52/ai-customer-service/tree/main/data,synthetic_demo,false
DEMO-IMAGE-1269,ring,synthetic_demo,Synthetic demo metadata,https://github.com/wa52/ai-customer-service/tree/main/data,synthetic_demo,false
DEMO-IMAGE-1270,necklace,synthetic_demo,Synthetic demo metadata,https://github.com/wa52/ai-customer-service/tree/main/data,synthetic_demo,false
DEMO-IMAGE-1271,earring,synthetic_demo,Synthetic demo metadata,https://github.com/wa52/ai-customer-service/tree/main/data,synthetic_demo,false
DEMO-IMAGE-1272,bracelet,synthetic_demo,Synthetic demo metadata,https://github.com/wa52/ai-customer-service/tree/main/data,synthetic_demo,false
DEMO-IMAGE-1273,ring,synthetic_demo,Synthetic demo metadata,https://github.com/wa52/ai-customer-service/tree/main/data,synthetic_demo,false
DEMO-IMAGE-1274,necklace,synthetic_demo,Synthetic demo metadata,https://github.com/wa52/ai-customer-service/tree/main/data,synthetic_demo,false
DEMO-IMAGE-1275,earring,synthetic_demo,Synthetic demo metadata,https://github.com/wa52/ai-customer-service/tree/main/data,synthetic_demo,false
DEMO-IMAGE-1276,bracelet,synthetic_demo,Synthetic demo metadata,https://github.com/wa52/ai-customer-service/tree/main/data,synthetic_demo,false
DEMO-IMAGE-1277,ring,synthetic_demo,Synthetic demo metadata,https://github.com/wa52/ai-customer-service/tree/main/data,synthetic_demo,false
DEMO-IMAGE-1278,necklace,synthetic_demo,Synthetic demo metadata,https://github.com/wa52/ai-customer-service/tree/main/data,synthetic_demo,false
DEMO-IMAGE-1279,earring,synthetic_demo,Synthetic demo metadata,https://github.com/wa52/ai-customer-service/tree/main/data,synthetic_demo,false
DEMO-IMAGE-1280,bracelet,synthetic_demo,Synthetic demo metadata,https://github.com/wa52/ai-customer-service/tree/main/data,synthetic_demo,false
DEMO-IMAGE-1281,ring,synthetic_demo,Synthetic demo metadata,https://github.com/wa52/ai-customer-service/tree/main/data,synthetic_demo,false
DEMO-IMAGE-1282,necklace,synthetic_demo,Synthetic demo metadata,https://github.com/wa52/ai-customer-service/tree/main/data,synthetic_demo,false
DEMO-IMAGE-1283,earring,synthetic_demo,Synthetic demo metadata,https://github.com/wa52/ai-customer-service/tree/main/data,synthetic_demo,false
DEMO-IMAGE-1284,bracelet,synthetic_demo,Synthetic demo metadata,https://github.com/wa52/ai-customer-service/tree/main/data,synthetic_demo,false
DEMO-IMAGE-1285,ring,synthetic_demo,Synthetic demo metadata,https://github.com/wa52/ai-customer-service/tree/main/data,synthetic_demo,false
DEMO-IMAGE-1286,necklace,synthetic_demo,Synthetic demo metadata,https://github.com/wa52/ai-customer-service/tree/main/data,synthetic_demo,false
DEMO-IMAGE-1287,earring,synthetic_demo,Synthetic demo metadata,https://github.com/wa52/ai-customer-service/tree/main/data,synthetic_demo,false
DEMO-IMAGE-1288,bracelet,synthetic_demo,Synthetic demo metadata,https://github.com/wa52/ai-customer-service/tree/main/data,synthetic_demo,false
DEMO-IMAGE-1289,ring,synthetic_demo,Synthetic demo metadata,https://github.com/wa52/ai-customer-service/tree/main/data,synthetic_demo,false
DEMO-IMAGE-1290,necklace,synthetic_demo,Synthetic demo metadata,https://github.com/wa52/ai-customer-service/tree/main/data,synthetic_demo,false
DEMO-IMAGE-1291,earring,synthetic_demo,Synthetic demo metadata,https://github.com/wa52/ai-customer-service/tree/main/data,synthetic_demo,false
DEMO-IMAGE-1292,bracelet,synthetic_demo,Synthetic demo metadata,https://github.com/wa52/ai-customer-service/tree/main/data,synthetic_demo,false
DEMO-IMAGE-1293,ring,synthetic_demo,Synthetic demo metadata,https://github.com/wa52/ai-customer-service/tree/main/data,synthetic_demo,false
DEMO-IMAGE-1294,necklace,synthetic_demo,Synthetic demo metadata,https://github.com/wa52/ai-customer-service/tree/main/data,synthetic_demo,false
DEMO-IMAGE-1295,earring,synthetic_demo,Synthetic demo metadata,https://github.com/wa52/ai-customer-service/tree/main/data,synthetic_demo,false
DEMO-IMAGE-1296,bracelet,synthetic_demo,Synthetic demo metadata,https://github.com/wa52/ai-customer-service/tree/main/data,synthetic_demo,false
DEMO-IMAGE-1297,ring,synthetic_demo,Synthetic demo metadata,https://github.com/wa52/ai-customer-service/tree/main/data,synthetic_demo,false
DEMO-IMAGE-1298,necklace,synthetic_demo,Synthetic demo metadata,https://github.com/wa52/ai-customer-service/tree/main/data,synthetic_demo,false
DEMO-IMAGE-1299,earring,synthetic_demo,Synthetic demo metadata,https://github.com/wa52/ai-customer-service/tree/main/data,synthetic_demo,false
DEMO-IMAGE-1300,bracelet,synthetic_demo,Synthetic demo metadata,https://github.com/wa52/ai-customer-service/tree/main/data,synthetic_demo,false
DEMO-IMAGE-1301,ring,synthetic_demo,Synthetic demo metadata,https://github.com/wa52/ai-customer-service/tree/main/data,synthetic_demo,false
DEMO-IMAGE-1302,necklace,synthetic_demo,Synthetic demo metadata,https://github.com/wa52/ai-customer-service/tree/main/data,synthetic_demo,false
DEMO-IMAGE-1303,earring,synthetic_demo,Synthetic demo metadata,https://github.com/wa52/ai-customer-service/tree/main/data,synthetic_demo,false
DEMO-IMAGE-1304,bracelet,synthetic_demo,Synthetic demo metadata,https://github.com/wa52/ai-customer-service/tree/main/data,synthetic_demo,false
DEMO-IMAGE-1305,ring,synthetic_demo,Synthetic demo metadata,https://github.com/wa52/ai-customer-service/tree/main/data,synthetic_demo,false
DEMO-IMAGE-1306,necklace,synthetic_demo,Synthetic demo metadata,https://github.com/wa52/ai-customer-service/tree/main/data,synthetic_demo,false
DEMO-IMAGE-1307,earring,synthetic_demo,Synthetic demo metadata,https://github.com/wa52/ai-customer-service/tree/main/data,synthetic_demo,false
DEMO-IMAGE-1308,bracelet,synthetic_demo,Synthetic demo metadata,https://github.com/wa52/ai-customer-service/tree/main/data,synthetic_demo,false
DEMO-IMAGE-1309,ring,synthetic_demo,Synthetic demo metadata,https://github.com/wa52/ai-customer-service/tree/main/data,synthetic_demo,false
DEMO-IMAGE-1310,necklace,synthetic_demo,Synthetic demo metadata,https://github.com/wa52/ai-customer-service/tree/main/data,synthetic_demo,false
DEMO-IMAGE-1311,earring,synthetic_demo,Synthetic demo metadata,https://github.com/wa52/ai-customer-service/tree/main/data,synthetic_demo,false
DEMO-IMAGE-1312,bracelet,synthetic_demo,Synthetic demo metadata,https://github.com/wa52/ai-customer-service/tree/main/data,synthetic_demo,false
DEMO-IMAGE-1313,ring,synthetic_demo,Synthetic demo metadata,https://github.com/wa52/ai-customer-service/tree/main/data,synthetic_demo,false
DEMO-IMAGE-1314,necklace,synthetic_demo,Synthetic demo metadata,https://github.com/wa52/ai-customer-service/tree/main/data,synthetic_demo,false
DEMO-IMAGE-1315,earring,synthetic_demo,Synthetic demo metadata,https://github.com/wa52/ai-customer-service/tree/main/data,synthetic_demo,false
DEMO-IMAGE-1316,bracelet,synthetic_demo,Synthetic demo metadata,https://github.com/wa52/ai-customer-service/tree/main/data,synthetic_demo,false
DEMO-IMAGE-1317,ring,synthetic_demo,Synthetic demo metadata,https://github.com/wa52/ai-customer-service/tree/main/data,synthetic_demo,false
DEMO-IMAGE-1318,necklace,synthetic_demo,Synthetic demo metadata,https://github.com/wa52/ai-customer-service/tree/main/data,synthetic_demo,false
DEMO-IMAGE-1319,earring,synthetic_demo,Synthetic demo metadata,https://github.com/wa52/ai-customer-service/tree/main/data,synthetic_demo,false
DEMO-IMAGE-1320,bracelet,synthetic_demo,Synthetic demo metadata,https://github.com/wa52/ai-customer-service/tree/main/data,synthetic_demo,false
DEMO-IMAGE-1321,ring,synthetic_demo,Synthetic demo metadata,https://github.com/wa52/ai-customer-service/tree/main/data,synthetic_demo,false
DEMO-IMAGE-1322,necklace,synthetic_demo,Synthetic demo metadata,https://github.com/wa52/ai-customer-service/tree/main/data,synthetic_demo,false
DEMO-IMAGE-1323,earring,synthetic_demo,Synthetic demo metadata,https://github.com/wa52/ai-customer-service/tree/main/data,synthetic_demo,false
DEMO-IMAGE-1324,bracelet,synthetic_demo,Synthetic demo metadata,https://github.com/wa52/ai-customer-service/tree/main/data,synthetic_demo,false
DEMO-IMAGE-1325,ring,synthetic_demo,Synthetic demo metadata,https://github.com/wa52/ai-customer-service/tree/main/data,synthetic_demo,false
DEMO-IMAGE-1326,necklace,synthetic_demo,Synthetic demo metadata,https://github.com/wa52/ai-customer-service/tree/main/data,synthetic_demo,false
DEMO-IMAGE-1327,earring,synthetic_demo,Synthetic demo metadata,https://github.com/wa52/ai-customer-service/tree/main/data,synthetic_demo,false
DEMO-IMAGE-1328,bracelet,synthetic_demo,Synthetic demo metadata,https://github.com/wa52/ai-customer-service/tree/main/data,synthetic_demo,false
DEMO-IMAGE-1329,ring,synthetic_demo,Synthetic demo metadata,https://github.com/wa52/ai-customer-service/tree/main/data,synthetic_demo,false
DEMO-IMAGE-1330,necklace,synthetic_demo,Synthetic demo metadata,https://github.com/wa52/ai-customer-service/tree/main/data,synthetic_demo,false
DEMO-IMAGE-1331,earring,synthetic_demo,Synthetic demo metadata,https://github.com/wa52/ai-customer-service/tree/main/data,synthetic_demo,false
DEMO-IMAGE-1332,bracelet,synthetic_demo,Synthetic demo metadata,https://github.com/wa52/ai-customer-service/tree/main/data,synthetic_demo,false
DEMO-IMAGE-1333,ring,synthetic_demo,Synthetic demo metadata,https://github.com/wa52/ai-customer-service/tree/main/data,synthetic_demo,false
DEMO-IMAGE-1334,necklace,synthetic_demo,Synthetic demo metadata,https://github.com/wa52/ai-customer-service/tree/main/data,synthetic_demo,false
DEMO-IMAGE-1335,earring,synthetic_demo,Synthetic demo metadata,https://github.com/wa52/ai-customer-service/tree/main/data,synthetic_demo,false
DEMO-IMAGE-1336,bracelet,synthetic_demo,Synthetic demo metadata,https://github.com/wa52/ai-customer-service/tree/main/data,synthetic_demo,false
DEMO-IMAGE-1337,ring,synthetic_demo,Synthetic demo metadata,https://github.com/wa52/ai-customer-service/tree/main/data,synthetic_demo,false
DEMO-IMAGE-1338,necklace,synthetic_demo,Synthetic demo metadata,https://github.com/wa52/ai-customer-service/tree/main/data,synthetic_demo,false
DEMO-IMAGE-1339,earring,synthetic_demo,Synthetic demo metadata,https://github.com/wa52/ai-customer-service/tree/main/data,synthetic_demo,false
DEMO-IMAGE-1340,bracelet,synthetic_demo,Synthetic demo metadata,https://github.com/wa52/ai-customer-service/tree/main/data,synthetic_demo,false
DEMO-IMAGE-1341,ring,synthetic_demo,Synthetic demo metadata,https://github.com/wa52/ai-customer-service/tree/main/data,synthetic_demo,false
DEMO-IMAGE-1342,necklace,synthetic_demo,Synthetic demo metadata,https://github.com/wa52/ai-customer-service/tree/main/data,synthetic_demo,false
DEMO-IMAGE-1343,earring,synthetic_demo,Synthetic demo metadata,https://github.com/wa52/ai-customer-service/tree/main/data,synthetic_demo,false
DEMO-IMAGE-1344,bracelet,synthetic_demo,Synthetic demo metadata,https://github.com/wa52/ai-customer-service/tree/main/data,synthetic_demo,false
DEMO-IMAGE-1345,ring,synthetic_demo,Synthetic demo metadata,https://github.com/wa52/ai-customer-service/tree/main/data,synthetic_demo,false
DEMO-IMAGE-1346,necklace,synthetic_demo,Synthetic demo metadata,https://github.com/wa52/ai-customer-service/tree/main/data,synthetic_demo,false
DEMO-IMAGE-1347,earring,synthetic_demo,Synthetic demo metadata,https://github.com/wa52/ai-customer-service/tree/main/data,synthetic_demo,false
DEMO-IMAGE-1348,bracelet,synthetic_demo,Synthetic demo metadata,https://github.com/wa52/ai-customer-service/tree/main/data,synthetic_demo,false
DEMO-IMAGE-1349,ring,synthetic_demo,Synthetic demo metadata,https://github.com/wa52/ai-customer-service/tree/main/data,synthetic_demo,false
DEMO-IMAGE-1350,necklace,synthetic_demo,Synthetic demo metadata,https://github.com/wa52/ai-customer-service/tree/main/data,synthetic_demo,false
DEMO-IMAGE-1351,earring,synthetic_demo,Synthetic demo metadata,https://github.com/wa52/ai-customer-service/tree/main/data,synthetic_demo,false
DEMO-IMAGE-1352,bracelet,synthetic_demo,Synthetic demo metadata,https://github.com/wa52/ai-customer-service/tree/main/data,synthetic_demo,false
DEMO-IMAGE-1353,ring,synthetic_demo,Synthetic demo metadata,https://github.com/wa52/ai-customer-service/tree/main/data,synthetic_demo,false
DEMO-IMAGE-1354,necklace,synthetic_demo,Synthetic demo metadata,https://github.com/wa52/ai-customer-service/tree/main/data,synthetic_demo,false
DEMO-IMAGE-1355,earring,synthetic_demo,Synthetic demo metadata,https://github.com/wa52/ai-customer-service/tree/main/data,synthetic_demo,false
DEMO-IMAGE-1356,bracelet,synthetic_demo,Synthetic demo metadata,https://github.com/wa52/ai-customer-service/tree/main/data,synthetic_demo,false
DEMO-IMAGE-1357,ring,synthetic_demo,Synthetic demo metadata,https://github.com/wa52/ai-customer-service/tree/main/data,synthetic_demo,false
DEMO-IMAGE-1358,necklace,synthetic_demo,Synthetic demo metadata,https://github.com/wa52/ai-customer-service/tree/main/data,synthetic_demo,false
DEMO-IMAGE-1359,earring,synthetic_demo,Synthetic demo metadata,https://github.com/wa52/ai-customer-service/tree/main/data,synthetic_demo,false
DEMO-IMAGE-1360,bracelet,synthetic_demo,Synthetic demo metadata,https://github.com/wa52/ai-customer-service/tree/main/data,synthetic_demo,false
DEMO-IMAGE-1361,ring,synthetic_demo,Synthetic demo metadata,https://github.com/wa52/ai-customer-service/tree/main/data,synthetic_demo,false
DEMO-IMAGE-1362,necklace,synthetic_demo,Synthetic demo metadata,https://github.com/wa52/ai-customer-service/tree/main/data,synthetic_demo,false
DEMO-IMAGE-1363,earring,synthetic_demo,Synthetic demo metadata,https://github.com/wa52/ai-customer-service/tree/main/data,synthetic_demo,false
DEMO-IMAGE-1364,bracelet,synthetic_demo,Synthetic demo metadata,https://github.com/wa52/ai-customer-service/tree/main/data,synthetic_demo,false
DEMO-IMAGE-1365,ring,synthetic_demo,Synthetic demo metadata,https://github.com/wa52/ai-customer-service/tree/main/data,synthetic_demo,false
DEMO-IMAGE-1366,necklace,synthetic_demo,Synthetic demo metadata,https://github.com/wa52/ai-customer-service/tree/main/data,synthetic_demo,false
DEMO-IMAGE-1367,earring,synthetic_demo,Synthetic demo metadata,https://github.com/wa52/ai-customer-service/tree/main/data,synthetic_demo,false
DEMO-IMAGE-1368,bracelet,synthetic_demo,Synthetic demo metadata,https://github.com/wa52/ai-customer-service/tree/main/data,synthetic_demo,false
DEMO-IMAGE-1369,ring,synthetic_demo,Synthetic demo metadata,https://github.com/wa52/ai-customer-service/tree/main/data,synthetic_demo,false
DEMO-IMAGE-1370,necklace,synthetic_demo,Synthetic demo metadata,https://github.com/wa52/ai-customer-service/tree/main/data,synthetic_demo,false
DEMO-IMAGE-1371,earring,synthetic_demo,Synthetic demo metadata,https://github.com/wa52/ai-customer-service/tree/main/data,synthetic_demo,false
DEMO-IMAGE-1372,bracelet,synthetic_demo,Synthetic demo metadata,https://github.com/wa52/ai-customer-service/tree/main/data,synthetic_demo,false
DEMO-IMAGE-1373,ring,synthetic_demo,Synthetic demo metadata,https://github.com/wa52/ai-customer-service/tree/main/data,synthetic_demo,false
DEMO-IMAGE-1374,necklace,synthetic_demo,Synthetic demo metadata,https://github.com/wa52/ai-customer-service/tree/main/data,synthetic_demo,false
DEMO-IMAGE-1375,earring,synthetic_demo,Synthetic demo metadata,https://github.com/wa52/ai-customer-service/tree/main/data,synthetic_demo,false
DEMO-IMAGE-1376,bracelet,synthetic_demo,Synthetic demo metadata,https://github.com/wa52/ai-customer-service/tree/main/data,synthetic_demo,false
DEMO-IMAGE-1377,ring,synthetic_demo,Synthetic demo metadata,https://github.com/wa52/ai-customer-service/tree/main/data,synthetic_demo,false
DEMO-IMAGE-1378,necklace,synthetic_demo,Synthetic demo metadata,https://github.com/wa52/ai-customer-service/tree/main/data,synthetic_demo,false
DEMO-IMAGE-1379,earring,synthetic_demo,Synthetic demo metadata,https://github.com/wa52/ai-customer-service/tree/main/data,synthetic_demo,false
DEMO-IMAGE-1380,bracelet,synthetic_demo,Synthetic demo metadata,https://github.com/wa52/ai-customer-service/tree/main/data,synthetic_demo,false
DEMO-IMAGE-1381,ring,synthetic_demo,Synthetic demo metadata,https://github.com/wa52/ai-customer-service/tree/main/data,synthetic_demo,false
DEMO-IMAGE-1382,necklace,synthetic_demo,Synthetic demo metadata,https://github.com/wa52/ai-customer-service/tree/main/data,synthetic_demo,false
DEMO-IMAGE-1383,earring,synthetic_demo,Synthetic demo metadata,https://github.com/wa52/ai-customer-service/tree/main/data,synthetic_demo,false
DEMO-IMAGE-1384,bracelet,synthetic_demo,Synthetic demo metadata,https://github.com/wa52/ai-customer-service/tree/main/data,synthetic_demo,false
DEMO-IMAGE-1385,ring,synthetic_demo,Synthetic demo metadata,https://github.com/wa52/ai-customer-service/tree/main/data,synthetic_demo,false
DEMO-IMAGE-1386,necklace,synthetic_demo,Synthetic demo metadata,https://github.com/wa52/ai-customer-service/tree/main/data,synthetic_demo,false
DEMO-IMAGE-1387,earring,synthetic_demo,Synthetic demo metadata,https://github.com/wa52/ai-customer-service/tree/main/data,synthetic_demo,false
DEMO-IMAGE-1388,bracelet,synthetic_demo,Synthetic demo metadata,https://github.com/wa52/ai-customer-service/tree/main/data,synthetic_demo,false
DEMO-IMAGE-1389,ring,synthetic_demo,Synthetic demo metadata,https://github.com/wa52/ai-customer-service/tree/main/data,synthetic_demo,false
DEMO-IMAGE-1390,necklace,synthetic_demo,Synthetic demo metadata,https://github.com/wa52/ai-customer-service/tree/main/data,synthetic_demo,false
DEMO-IMAGE-1391,earring,synthetic_demo,Synthetic demo metadata,https://github.com/wa52/ai-customer-service/tree/main/data,synthetic_demo,false
DEMO-IMAGE-1392,bracelet,synthetic_demo,Synthetic demo metadata,https://github.com/wa52/ai-customer-service/tree/main/data,synthetic_demo,false
DEMO-IMAGE-1393,ring,synthetic_demo,Synthetic demo metadata,https://github.com/wa52/ai-customer-service/tree/main/data,synthetic_demo,false
DEMO-IMAGE-1394,necklace,synthetic_demo,Synthetic demo metadata,https://github.com/wa52/ai-customer-service/tree/main/data,synthetic_demo,false
DEMO-IMAGE-1395,earring,synthetic_demo,Synthetic demo metadata,https://github.com/wa52/ai-customer-service/tree/main/data,synthetic_demo,false
DEMO-IMAGE-1396,bracelet,synthetic_demo,Synthetic demo metadata,https://github.com/wa52/ai-customer-service/tree/main/data,synthetic_demo,false
DEMO-IMAGE-1397,ring,synthetic_demo,Synthetic demo metadata,https://github.com/wa52/ai-customer-service/tree/main/data,synthetic_demo,false
DEMO-IMAGE-1398,necklace,synthetic_demo,Synthetic demo metadata,https://github.com/wa52/ai-customer-service/tree/main/data,synthetic_demo,false
DEMO-IMAGE-1399,earring,synthetic_demo,Synthetic demo metadata,https://github.com/wa52/ai-customer-service/tree/main/data,synthetic_demo,false
DEMO-IMAGE-1400,bracelet,synthetic_demo,Synthetic demo metadata,https://github.com/wa52/ai-customer-service/tree/main/data,synthetic_demo,false
DEMO-IMAGE-1401,ring,synthetic_demo,Synthetic demo metadata,https://github.com/wa52/ai-customer-service/tree/main/data,synthetic_demo,false
DEMO-IMAGE-1402,necklace,synthetic_demo,Synthetic demo metadata,https://github.com/wa52/ai-customer-service/tree/main/data,synthetic_demo,false
DEMO-IMAGE-1403,earring,synthetic_demo,Synthetic demo metadata,https://github.com/wa52/ai-customer-service/tree/main/data,synthetic_demo,false
DEMO-IMAGE-1404,bracelet,synthetic_demo,Synthetic demo metadata,https://github.com/wa52/ai-customer-service/tree/main/data,synthetic_demo,false
DEMO-IMAGE-1405,ring,synthetic_demo,Synthetic demo metadata,https://github.com/wa52/ai-customer-service/tree/main/data,synthetic_demo,false
DEMO-IMAGE-1406,necklace,synthetic_demo,Synthetic demo metadata,https://github.com/wa52/ai-customer-service/tree/main/data,synthetic_demo,false
DEMO-IMAGE-1407,earring,synthetic_demo,Synthetic demo metadata,https://github.com/wa52/ai-customer-service/tree/main/data,synthetic_demo,false
DEMO-IMAGE-1408,bracelet,synthetic_demo,Synthetic demo metadata,https://github.com/wa52/ai-customer-service/tree/main/data,synthetic_demo,false
DEMO-IMAGE-1409,ring,synthetic_demo,Synthetic demo metadata,https://github.com/wa52/ai-customer-service/tree/main/data,synthetic_demo,false
DEMO-IMAGE-1410,necklace,synthetic_demo,Synthetic demo metadata,https://github.com/wa52/ai-customer-service/tree/main/data,synthetic_demo,false
DEMO-IMAGE-1411,earring,synthetic_demo,Synthetic demo metadata,https://github.com/wa52/ai-customer-service/tree/main/data,synthetic_demo,false
DEMO-IMAGE-1412,bracelet,synthetic_demo,Synthetic demo metadata,https://github.com/wa52/ai-customer-service/tree/main/data,synthetic_demo,false
DEMO-IMAGE-1413,ring,synthetic_demo,Synthetic demo metadata,https://github.com/wa52/ai-customer-service/tree/main/data,synthetic_demo,false
DEMO-IMAGE-1414,necklace,synthetic_demo,Synthetic demo metadata,https://github.com/wa52/ai-customer-service/tree/main/data,synthetic_demo,false
DEMO-IMAGE-1415,earring,synthetic_demo,Synthetic demo metadata,https://github.com/wa52/ai-customer-service/tree/main/data,synthetic_demo,false
DEMO-IMAGE-1416,bracelet,synthetic_demo,Synthetic demo metadata,https://github.com/wa52/ai-customer-service/tree/main/data,synthetic_demo,false
DEMO-IMAGE-1417,ring,synthetic_demo,Synthetic demo metadata,https://github.com/wa52/ai-customer-service/tree/main/data,synthetic_demo,false
DEMO-IMAGE-1418,necklace,synthetic_demo,Synthetic demo metadata,https://github.com/wa52/ai-customer-service/tree/main/data,synthetic_demo,false
DEMO-IMAGE-1419,earring,synthetic_demo,Synthetic demo metadata,https://github.com/wa52/ai-customer-service/tree/main/data,synthetic_demo,false
DEMO-IMAGE-1420,bracelet,synthetic_demo,Synthetic demo metadata,https://github.com/wa52/ai-customer-service/tree/main/data,synthetic_demo,false
DEMO-IMAGE-1421,ring,synthetic_demo,Synthetic demo metadata,https://github.com/wa52/ai-customer-service/tree/main/data,synthetic_demo,false
DEMO-IMAGE-1422,necklace,synthetic_demo,Synthetic demo metadata,https://github.com/wa52/ai-customer-service/tree/main/data,synthetic_demo,false
DEMO-IMAGE-1423,earring,synthetic_demo,Synthetic demo metadata,https://github.com/wa52/ai-customer-service/tree/main/data,synthetic_demo,false
DEMO-IMAGE-1424,bracelet,synthetic_demo,Synthetic demo metadata,https://github.com/wa52/ai-customer-service/tree/main/data,synthetic_demo,false
DEMO-IMAGE-1425,ring,synthetic_demo,Synthetic demo metadata,https://github.com/wa52/ai-customer-service/tree/main/data,synthetic_demo,false
DEMO-IMAGE-1426,necklace,synthetic_demo,Synthetic demo metadata,https://github.com/wa52/ai-customer-service/tree/main/data,synthetic_demo,false
DEMO-IMAGE-1427,earring,synthetic_demo,Synthetic demo metadata,https://github.com/wa52/ai-customer-service/tree/main/data,synthetic_demo,false
DEMO-IMAGE-1428,bracelet,synthetic_demo,Synthetic demo metadata,https://github.com/wa52/ai-customer-service/tree/main/data,synthetic_demo,false
DEMO-IMAGE-1429,ring,synthetic_demo,Synthetic demo metadata,https://github.com/wa52/ai-customer-service/tree/main/data,synthetic_demo,false
DEMO-IMAGE-1430,necklace,synthetic_demo,Synthetic demo metadata,https://github.com/wa52/ai-customer-service/tree/main/data,synthetic_demo,false
DEMO-IMAGE-1431,earring,synthetic_demo,Synthetic demo metadata,https://github.com/wa52/ai-customer-service/tree/main/data,synthetic_demo,false
DEMO-IMAGE-1432,bracelet,synthetic_demo,Synthetic demo metadata,https://github.com/wa52/ai-customer-service/tree/main/data,synthetic_demo,false
DEMO-IMAGE-1433,ring,synthetic_demo,Synthetic demo metadata,https://github.com/wa52/ai-customer-service/tree/main/data,synthetic_demo,false
DEMO-IMAGE-1434,necklace,synthetic_demo,Synthetic demo metadata,https://github.com/wa52/ai-customer-service/tree/main/data,synthetic_demo,false
DEMO-IMAGE-1435,earring,synthetic_demo,Synthetic demo metadata,https://github.com/wa52/ai-customer-service/tree/main/data,synthetic_demo,false
DEMO-IMAGE-1436,bracelet,synthetic_demo,Synthetic demo metadata,https://github.com/wa52/ai-customer-service/tree/main/data,synthetic_demo,false
DEMO-IMAGE-1437,ring,synthetic_demo,Synthetic demo metadata,https://github.com/wa52/ai-customer-service/tree/main/data,synthetic_demo,false
DEMO-IMAGE-1438,necklace,synthetic_demo,Synthetic demo metadata,https://github.com/wa52/ai-customer-service/tree/main/data,synthetic_demo,false
DEMO-IMAGE-1439,earring,synthetic_demo,Synthetic demo metadata,https://github.com/wa52/ai-customer-service/tree/main/data,synthetic_demo,false
DEMO-IMAGE-1440,bracelet,synthetic_demo,Synthetic demo metadata,https://github.com/wa52/ai-customer-service/tree/main/data,synthetic_demo,false
DEMO-IMAGE-1441,ring,synthetic_demo,Synthetic demo metadata,https://github.com/wa52/ai-customer-service/tree/main/data,synthetic_demo,false
DEMO-IMAGE-1442,necklace,synthetic_demo,Synthetic demo metadata,https://github.com/wa52/ai-customer-service/tree/main/data,synthetic_demo,false
DEMO-IMAGE-1443,earring,synthetic_demo,Synthetic demo metadata,https://github.com/wa52/ai-customer-service/tree/main/data,synthetic_demo,false
DEMO-IMAGE-1444,bracelet,synthetic_demo,Synthetic demo metadata,https://github.com/wa52/ai-customer-service/tree/main/data,synthetic_demo,false
DEMO-IMAGE-1445,ring,synthetic_demo,Synthetic demo metadata,https://github.com/wa52/ai-customer-service/tree/main/data,synthetic_demo,false
DEMO-IMAGE-1446,necklace,synthetic_demo,Synthetic demo metadata,https://github.com/wa52/ai-customer-service/tree/main/data,synthetic_demo,false
DEMO-IMAGE-1447,earring,synthetic_demo,Synthetic demo metadata,https://github.com/wa52/ai-customer-service/tree/main/data,synthetic_demo,false
DEMO-IMAGE-1448,bracelet,synthetic_demo,Synthetic demo metadata,https://github.com/wa52/ai-customer-service/tree/main/data,synthetic_demo,false
DEMO-IMAGE-1449,ring,synthetic_demo,Synthetic demo metadata,https://github.com/wa52/ai-customer-service/tree/main/data,synthetic_demo,false
DEMO-IMAGE-1450,necklace,synthetic_demo,Synthetic demo metadata,https://github.com/wa52/ai-customer-service/tree/main/data,synthetic_demo,false
DEMO-IMAGE-1451,earring,synthetic_demo,Synthetic demo metadata,https://github.com/wa52/ai-customer-service/tree/main/data,synthetic_demo,false
DEMO-IMAGE-1452,bracelet,synthetic_demo,Synthetic demo metadata,https://github.com/wa52/ai-customer-service/tree/main/data,synthetic_demo,false
DEMO-IMAGE-1453,ring,synthetic_demo,Synthetic demo metadata,https://github.com/wa52/ai-customer-service/tree/main/data,synthetic_demo,false
DEMO-IMAGE-1454,necklace,synthetic_demo,Synthetic demo metadata,https://github.com/wa52/ai-customer-service/tree/main/data,synthetic_demo,false
DEMO-IMAGE-1455,earring,synthetic_demo,Synthetic demo metadata,https://github.com/wa52/ai-customer-service/tree/main/data,synthetic_demo,false
DEMO-IMAGE-1456,bracelet,synthetic_demo,Synthetic demo metadata,https://github.com/wa52/ai-customer-service/tree/main/data,synthetic_demo,false
DEMO-IMAGE-1457,ring,synthetic_demo,Synthetic demo metadata,https://github.com/wa52/ai-customer-service/tree/main/data,synthetic_demo,false
DEMO-IMAGE-1458,necklace,synthetic_demo,Synthetic demo metadata,https://github.com/wa52/ai-customer-service/tree/main/data,synthetic_demo,false
DEMO-IMAGE-1459,earring,synthetic_demo,Synthetic demo metadata,https://github.com/wa52/ai-customer-service/tree/main/data,synthetic_demo,false
DEMO-IMAGE-1460,bracelet,synthetic_demo,Synthetic demo metadata,https://github.com/wa52/ai-customer-service/tree/main/data,synthetic_demo,false
DEMO-IMAGE-1461,ring,synthetic_demo,Synthetic demo metadata,https://github.com/wa52/ai-customer-service/tree/main/data,synthetic_demo,false
DEMO-IMAGE-1462,necklace,synthetic_demo,Synthetic demo metadata,https://github.com/wa52/ai-customer-service/tree/main/data,synthetic_demo,false
DEMO-IMAGE-1463,earring,synthetic_demo,Synthetic demo metadata,https://github.com/wa52/ai-customer-service/tree/main/data,synthetic_demo,false
DEMO-IMAGE-1464,bracelet,synthetic_demo,Synthetic demo metadata,https://github.com/wa52/ai-customer-service/tree/main/data,synthetic_demo,false
DEMO-IMAGE-1465,ring,synthetic_demo,Synthetic demo metadata,https://github.com/wa52/ai-customer-service/tree/main/data,synthetic_demo,false
DEMO-IMAGE-1466,necklace,synthetic_demo,Synthetic demo metadata,https://github.com/wa52/ai-customer-service/tree/main/data,synthetic_demo,false
DEMO-IMAGE-1467,earring,synthetic_demo,Synthetic demo metadata,https://github.com/wa52/ai-customer-service/tree/main/data,synthetic_demo,false
DEMO-IMAGE-1468,bracelet,synthetic_demo,Synthetic demo metadata,https://github.com/wa52/ai-customer-service/tree/main/data,synthetic_demo,false
DEMO-IMAGE-1469,ring,synthetic_demo,Synthetic demo metadata,https://github.com/wa52/ai-customer-service/tree/main/data,synthetic_demo,false
DEMO-IMAGE-1470,necklace,synthetic_demo,Synthetic demo metadata,https://github.com/wa52/ai-customer-service/tree/main/data,synthetic_demo,false
DEMO-IMAGE-1471,earring,synthetic_demo,Synthetic demo metadata,https://github.com/wa52/ai-customer-service/tree/main/data,synthetic_demo,false
DEMO-IMAGE-1472,bracelet,synthetic_demo,Synthetic demo metadata,https://github.com/wa52/ai-customer-service/tree/main/data,synthetic_demo,false
DEMO-IMAGE-1473,ring,synthetic_demo,Synthetic demo metadata,https://github.com/wa52/ai-customer-service/tree/main/data,synthetic_demo,false
DEMO-IMAGE-1474,necklace,synthetic_demo,Synthetic demo metadata,https://github.com/wa52/ai-customer-service/tree/main/data,synthetic_demo,false
DEMO-IMAGE-1475,earring,synthetic_demo,Synthetic demo metadata,https://github.com/wa52/ai-customer-service/tree/main/data,synthetic_demo,false
DEMO-IMAGE-1476,bracelet,synthetic_demo,Synthetic demo metadata,https://github.com/wa52/ai-customer-service/tree/main/data,synthetic_demo,false
DEMO-IMAGE-1477,ring,synthetic_demo,Synthetic demo metadata,https://github.com/wa52/ai-customer-service/tree/main/data,synthetic_demo,false
DEMO-IMAGE-1478,necklace,synthetic_demo,Synthetic demo metadata,https://github.com/wa52/ai-customer-service/tree/main/data,synthetic_demo,false
DEMO-IMAGE-1479,earring,synthetic_demo,Synthetic demo metadata,https://github.com/wa52/ai-customer-service/tree/main/data,synthetic_demo,false
DEMO-IMAGE-1480,bracelet,synthetic_demo,Synthetic demo metadata,https://github.com/wa52/ai-customer-service/tree/main/data,synthetic_demo,false
DEMO-IMAGE-1481,ring,synthetic_demo,Synthetic demo metadata,https://github.com/wa52/ai-customer-service/tree/main/data,synthetic_demo,false
DEMO-IMAGE-1482,necklace,synthetic_demo,Synthetic demo metadata,https://github.com/wa52/ai-customer-service/tree/main/data,synthetic_demo,false
DEMO-IMAGE-1483,earring,synthetic_demo,Synthetic demo metadata,https://github.com/wa52/ai-customer-service/tree/main/data,synthetic_demo,false
DEMO-IMAGE-1484,bracelet,synthetic_demo,Synthetic demo metadata,https://github.com/wa52/ai-customer-service/tree/main/data,synthetic_demo,false
DEMO-IMAGE-1485,ring,synthetic_demo,Synthetic demo metadata,https://github.com/wa52/ai-customer-service/tree/main/data,synthetic_demo,false
DEMO-IMAGE-1486,necklace,synthetic_demo,Synthetic demo metadata,https://github.com/wa52/ai-customer-service/tree/main/data,synthetic_demo,false
DEMO-IMAGE-1487,earring,synthetic_demo,Synthetic demo metadata,https://github.com/wa52/ai-customer-service/tree/main/data,synthetic_demo,false
DEMO-IMAGE-1488,bracelet,synthetic_demo,Synthetic demo metadata,https://github.com/wa52/ai-customer-service/tree/main/data,synthetic_demo,false
DEMO-IMAGE-1489,ring,synthetic_demo,Synthetic demo metadata,https://github.com/wa52/ai-customer-service/tree/main/data,synthetic_demo,false
DEMO-IMAGE-1490,necklace,synthetic_demo,Synthetic demo metadata,https://github.com/wa52/ai-customer-service/tree/main/data,synthetic_demo,false
DEMO-IMAGE-1491,earring,synthetic_demo,Synthetic demo metadata,https://github.com/wa52/ai-customer-service/tree/main/data,synthetic_demo,false
DEMO-IMAGE-1492,bracelet,synthetic_demo,Synthetic demo metadata,https://github.com/wa52/ai-customer-service/tree/main/data,synthetic_demo,false
DEMO-IMAGE-1493,ring,synthetic_demo,Synthetic demo metadata,https://github.com/wa52/ai-customer-service/tree/main/data,synthetic_demo,false
DEMO-IMAGE-1494,necklace,synthetic_demo,Synthetic demo metadata,https://github.com/wa52/ai-customer-service/tree/main/data,synthetic_demo,false
DEMO-IMAGE-1495,earring,synthetic_demo,Synthetic demo metadata,https://github.com/wa52/ai-customer-service/tree/main/data,synthetic_demo,false
DEMO-IMAGE-1496,bracelet,synthetic_demo,Synthetic demo metadata,https://github.com/wa52/ai-customer-service/tree/main/data,synthetic_demo,false
DEMO-IMAGE-1497,ring,synthetic_demo,Synthetic demo metadata,https://github.com/wa52/ai-customer-service/tree/main/data,synthetic_demo,false
DEMO-IMAGE-1498,necklace,synthetic_demo,Synthetic demo metadata,https://github.com/wa52/ai-customer-service/tree/main/data,synthetic_demo,false
DEMO-IMAGE-1499,earring,synthetic_demo,Synthetic demo metadata,https://github.com/wa52/ai-customer-service/tree/main/data,synthetic_demo,false
DEMO-IMAGE-1500,bracelet,synthetic_demo,Synthetic demo metadata,https://github.com/wa52/ai-customer-service/tree/main/data,synthetic_demo,false
DEMO-IMAGE-1501,ring,synthetic_demo,Synthetic demo metadata,https://github.com/wa52/ai-customer-service/tree/main/data,synthetic_demo,false
DEMO-IMAGE-1502,necklace,synthetic_demo,Synthetic demo metadata,https://github.com/wa52/ai-customer-service/tree/main/data,synthetic_demo,false
DEMO-IMAGE-1503,earring,synthetic_demo,Synthetic demo metadata,https://github.com/wa52/ai-customer-service/tree/main/data,synthetic_demo,false
DEMO-IMAGE-1504,bracelet,synthetic_demo,Synthetic demo metadata,https://github.com/wa52/ai-customer-service/tree/main/data,synthetic_demo,false
DEMO-IMAGE-1505,ring,synthetic_demo,Synthetic demo metadata,https://github.com/wa52/ai-customer-service/tree/main/data,synthetic_demo,false
DEMO-IMAGE-1506,necklace,synthetic_demo,Synthetic demo metadata,https://github.com/wa52/ai-customer-service/tree/main/data,synthetic_demo,false
DEMO-IMAGE-1507,earring,synthetic_demo,Synthetic demo metadata,https://github.com/wa52/ai-customer-service/tree/main/data,synthetic_demo,false
DEMO-IMAGE-1508,bracelet,synthetic_demo,Synthetic demo metadata,https://github.com/wa52/ai-customer-service/tree/main/data,synthetic_demo,false
DEMO-IMAGE-1509,ring,synthetic_demo,Synthetic demo metadata,https://github.com/wa52/ai-customer-service/tree/main/data,synthetic_demo,false
DEMO-IMAGE-1510,necklace,synthetic_demo,Synthetic demo metadata,https://github.com/wa52/ai-customer-service/tree/main/data,synthetic_demo,false
DEMO-IMAGE-1511,earring,synthetic_demo,Synthetic demo metadata,https://github.com/wa52/ai-customer-service/tree/main/data,synthetic_demo,false
DEMO-IMAGE-1512,bracelet,synthetic_demo,Synthetic demo metadata,https://github.com/wa52/ai-customer-service/tree/main/data,synthetic_demo,false
DEMO-IMAGE-1513,ring,synthetic_demo,Synthetic demo metadata,https://github.com/wa52/ai-customer-service/tree/main/data,synthetic_demo,false
DEMO-IMAGE-1514,necklace,synthetic_demo,Synthetic demo metadata,https://github.com/wa52/ai-customer-service/tree/main/data,synthetic_demo,false
DEMO-IMAGE-1515,earring,synthetic_demo,Synthetic demo metadata,https://github.com/wa52/ai-customer-service/tree/main/data,synthetic_demo,false
DEMO-IMAGE-1516,bracelet,synthetic_demo,Synthetic demo metadata,https://github.com/wa52/ai-customer-service/tree/main/data,synthetic_demo,false
DEMO-IMAGE-1517,ring,synthetic_demo,Synthetic demo metadata,https://github.com/wa52/ai-customer-service/tree/main/data,synthetic_demo,false
DEMO-IMAGE-1518,necklace,synthetic_demo,Synthetic demo metadata,https://github.com/wa52/ai-customer-service/tree/main/data,synthetic_demo,false
DEMO-IMAGE-1519,earring,synthetic_demo,Synthetic demo metadata,https://github.com/wa52/ai-customer-service/tree/main/data,synthetic_demo,false
DEMO-IMAGE-1520,bracelet,synthetic_demo,Synthetic demo metadata,https://github.com/wa52/ai-customer-service/tree/main/data,synthetic_demo,false
DEMO-IMAGE-1521,ring,synthetic_demo,Synthetic demo metadata,https://github.com/wa52/ai-customer-service/tree/main/data,synthetic_demo,false
DEMO-IMAGE-1522,necklace,synthetic_demo,Synthetic demo metadata,https://github.com/wa52/ai-customer-service/tree/main/data,synthetic_demo,false
DEMO-IMAGE-1523,earring,synthetic_demo,Synthetic demo metadata,https://github.com/wa52/ai-customer-service/tree/main/data,synthetic_demo,false
DEMO-IMAGE-1524,bracelet,synthetic_demo,Synthetic demo metadata,https://github.com/wa52/ai-customer-service/tree/main/data,synthetic_demo,false
DEMO-IMAGE-1525,ring,synthetic_demo,Synthetic demo metadata,https://github.com/wa52/ai-customer-service/tree/main/data,synthetic_demo,false
DEMO-IMAGE-1526,necklace,synthetic_demo,Synthetic demo metadata,https://github.com/wa52/ai-customer-service/tree/main/data,synthetic_demo,false
DEMO-IMAGE-1527,earring,synthetic_demo,Synthetic demo metadata,https://github.com/wa52/ai-customer-service/tree/main/data,synthetic_demo,false
DEMO-IMAGE-1528,bracelet,synthetic_demo,Synthetic demo metadata,https://github.com/wa52/ai-customer-service/tree/main/data,synthetic_demo,false
DEMO-IMAGE-1529,ring,synthetic_demo,Synthetic demo metadata,https://github.com/wa52/ai-customer-service/tree/main/data,synthetic_demo,false
DEMO-IMAGE-1530,necklace,synthetic_demo,Synthetic demo metadata,https://github.com/wa52/ai-customer-service/tree/main/data,synthetic_demo,false
DEMO-IMAGE-1531,earring,synthetic_demo,Synthetic demo metadata,https://github.com/wa52/ai-customer-service/tree/main/data,synthetic_demo,false
DEMO-IMAGE-1532,bracelet,synthetic_demo,Synthetic demo metadata,https://github.com/wa52/ai-customer-service/tree/main/data,synthetic_demo,false
DEMO-IMAGE-1533,ring,synthetic_demo,Synthetic demo metadata,https://github.com/wa52/ai-customer-service/tree/main/data,synthetic_demo,false
DEMO-IMAGE-1534,necklace,synthetic_demo,Synthetic demo metadata,https://github.com/wa52/ai-customer-service/tree/main/data,synthetic_demo,false
DEMO-IMAGE-1535,earring,synthetic_demo,Synthetic demo metadata,https://github.com/wa52/ai-customer-service/tree/main/data,synthetic_demo,false
DEMO-IMAGE-1536,bracelet,synthetic_demo,Synthetic demo metadata,https://github.com/wa52/ai-customer-service/tree/main/data,synthetic_demo,false
DEMO-IMAGE-1537,ring,synthetic_demo,Synthetic demo metadata,https://github.com/wa52/ai-customer-service/tree/main/data,synthetic_demo,false
DEMO-IMAGE-1538,necklace,synthetic_demo,Synthetic demo metadata,https://github.com/wa52/ai-customer-service/tree/main/data,synthetic_demo,false
DEMO-IMAGE-1539,earring,synthetic_demo,Synthetic demo metadata,https://github.com/wa52/ai-customer-service/tree/main/data,synthetic_demo,false
DEMO-IMAGE-1540,bracelet,synthetic_demo,Synthetic demo metadata,https://github.com/wa52/ai-customer-service/tree/main/data,synthetic_demo,false
DEMO-IMAGE-1541,ring,synthetic_demo,Synthetic demo metadata,https://github.com/wa52/ai-customer-service/tree/main/data,synthetic_demo,false
DEMO-IMAGE-1542,necklace,synthetic_demo,Synthetic demo metadata,https://github.com/wa52/ai-customer-service/tree/main/data,synthetic_demo,false
DEMO-IMAGE-1543,earring,synthetic_demo,Synthetic demo metadata,https://github.com/wa52/ai-customer-service/tree/main/data,synthetic_demo,false
DEMO-IMAGE-1544,bracelet,synthetic_demo,Synthetic demo metadata,https://github.com/wa52/ai-customer-service/tree/main/data,synthetic_demo,false
DEMO-IMAGE-1545,ring,synthetic_demo,Synthetic demo metadata,https://github.com/wa52/ai-customer-service/tree/main/data,synthetic_demo,false
DEMO-IMAGE-1546,necklace,synthetic_demo,Synthetic demo metadata,https://github.com/wa52/ai-customer-service/tree/main/data,synthetic_demo,false
DEMO-IMAGE-1547,earring,synthetic_demo,Synthetic demo metadata,https://github.com/wa52/ai-customer-service/tree/main/data,synthetic_demo,false
DEMO-IMAGE-1548,bracelet,synthetic_demo,Synthetic demo metadata,https://github.com/wa52/ai-customer-service/tree/main/data,synthetic_demo,false
DEMO-IMAGE-1549,ring,synthetic_demo,Synthetic demo metadata,https://github.com/wa52/ai-customer-service/tree/main/data,synthetic_demo,false
DEMO-IMAGE-1550,necklace,synthetic_demo,Synthetic demo metadata,https://github.com/wa52/ai-customer-service/tree/main/data,synthetic_demo,false
DEMO-IMAGE-1551,earring,synthetic_demo,Synthetic demo metadata,https://github.com/wa52/ai-customer-service/tree/main/data,synthetic_demo,false
DEMO-IMAGE-1552,bracelet,synthetic_demo,Synthetic demo metadata,https://github.com/wa52/ai-customer-service/tree/main/data,synthetic_demo,false
DEMO-IMAGE-1553,ring,synthetic_demo,Synthetic demo metadata,https://github.com/wa52/ai-customer-service/tree/main/data,synthetic_demo,false
DEMO-IMAGE-1554,necklace,synthetic_demo,Synthetic demo metadata,https://github.com/wa52/ai-customer-service/tree/main/data,synthetic_demo,false
DEMO-IMAGE-1555,earring,synthetic_demo,Synthetic demo metadata,https://github.com/wa52/ai-customer-service/tree/main/data,synthetic_demo,false
DEMO-IMAGE-1556,bracelet,synthetic_demo,Synthetic demo metadata,https://github.com/wa52/ai-customer-service/tree/main/data,synthetic_demo,false
DEMO-IMAGE-1557,ring,synthetic_demo,Synthetic demo metadata,https://github.com/wa52/ai-customer-service/tree/main/data,synthetic_demo,false
DEMO-IMAGE-1558,necklace,synthetic_demo,Synthetic demo metadata,https://github.com/wa52/ai-customer-service/tree/main/data,synthetic_demo,false
DEMO-IMAGE-1559,earring,synthetic_demo,Synthetic demo metadata,https://github.com/wa52/ai-customer-service/tree/main/data,synthetic_demo,false
DEMO-IMAGE-1560,bracelet,synthetic_demo,Synthetic demo metadata,https://github.com/wa52/ai-customer-service/tree/main/data,synthetic_demo,false
DEMO-IMAGE-1561,ring,synthetic_demo,Synthetic demo metadata,https://github.com/wa52/ai-customer-service/tree/main/data,synthetic_demo,false
DEMO-IMAGE-1562,necklace,synthetic_demo,Synthetic demo metadata,https://github.com/wa52/ai-customer-service/tree/main/data,synthetic_demo,false
DEMO-IMAGE-1563,earring,synthetic_demo,Synthetic demo metadata,https://github.com/wa52/ai-customer-service/tree/main/data,synthetic_demo,false
DEMO-IMAGE-1564,bracelet,synthetic_demo,Synthetic demo metadata,https://github.com/wa52/ai-customer-service/tree/main/data,synthetic_demo,false
DEMO-IMAGE-1565,ring,synthetic_demo,Synthetic demo metadata,https://github.com/wa52/ai-customer-service/tree/main/data,synthetic_demo,false
DEMO-IMAGE-1566,necklace,synthetic_demo,Synthetic demo metadata,https://github.com/wa52/ai-customer-service/tree/main/data,synthetic_demo,false
DEMO-IMAGE-1567,earring,synthetic_demo,Synthetic demo metadata,https://github.com/wa52/ai-customer-service/tree/main/data,synthetic_demo,false
DEMO-IMAGE-1568,bracelet,synthetic_demo,Synthetic demo metadata,https://github.com/wa52/ai-customer-service/tree/main/data,synthetic_demo,false
DEMO-IMAGE-1569,ring,synthetic_demo,Synthetic demo metadata,https://github.com/wa52/ai-customer-service/tree/main/data,synthetic_demo,false
DEMO-IMAGE-1570,necklace,synthetic_demo,Synthetic demo metadata,https://github.com/wa52/ai-customer-service/tree/main/data,synthetic_demo,false
DEMO-IMAGE-1571,earring,synthetic_demo,Synthetic demo metadata,https://github.com/wa52/ai-customer-service/tree/main/data,synthetic_demo,false
DEMO-IMAGE-1572,bracelet,synthetic_demo,Synthetic demo metadata,https://github.com/wa52/ai-customer-service/tree/main/data,synthetic_demo,false
DEMO-IMAGE-1573,ring,synthetic_demo,Synthetic demo metadata,https://github.com/wa52/ai-customer-service/tree/main/data,synthetic_demo,false
DEMO-IMAGE-1574,necklace,synthetic_demo,Synthetic demo metadata,https://github.com/wa52/ai-customer-service/tree/main/data,synthetic_demo,false
DEMO-IMAGE-1575,earring,synthetic_demo,Synthetic demo metadata,https://github.com/wa52/ai-customer-service/tree/main/data,synthetic_demo,false
DEMO-IMAGE-1576,bracelet,synthetic_demo,Synthetic demo metadata,https://github.com/wa52/ai-customer-service/tree/main/data,synthetic_demo,false
DEMO-IMAGE-1577,ring,synthetic_demo,Synthetic demo metadata,https://github.com/wa52/ai-customer-service/tree/main/data,synthetic_demo,false
DEMO-IMAGE-1578,necklace,synthetic_demo,Synthetic demo metadata,https://github.com/wa52/ai-customer-service/tree/main/data,synthetic_demo,false
DEMO-IMAGE-1579,earring,synthetic_demo,Synthetic demo metadata,https://github.com/wa52/ai-customer-service/tree/main/data,synthetic_demo,false
DEMO-IMAGE-1580,bracelet,synthetic_demo,Synthetic demo metadata,https://github.com/wa52/ai-customer-service/tree/main/data,synthetic_demo,false
DEMO-IMAGE-1581,ring,synthetic_demo,Synthetic demo metadata,https://github.com/wa52/ai-customer-service/tree/main/data,synthetic_demo,false
DEMO-IMAGE-1582,necklace,synthetic_demo,Synthetic demo metadata,https://github.com/wa52/ai-customer-service/tree/main/data,synthetic_demo,false
DEMO-IMAGE-1583,earring,synthetic_demo,Synthetic demo metadata,https://github.com/wa52/ai-customer-service/tree/main/data,synthetic_demo,false
DEMO-IMAGE-1584,bracelet,synthetic_demo,Synthetic demo metadata,https://github.com/wa52/ai-customer-service/tree/main/data,synthetic_demo,false
DEMO-IMAGE-1585,ring,synthetic_demo,Synthetic demo metadata,https://github.com/wa52/ai-customer-service/tree/main/data,synthetic_demo,false
DEMO-IMAGE-1586,necklace,synthetic_demo,Synthetic demo metadata,https://github.com/wa52/ai-customer-service/tree/main/data,synthetic_demo,false
DEMO-IMAGE-1587,earring,synthetic_demo,Synthetic demo metadata,https://github.com/wa52/ai-customer-service/tree/main/data,synthetic_demo,false
DEMO-IMAGE-1588,bracelet,synthetic_demo,Synthetic demo metadata,https://github.com/wa52/ai-customer-service/tree/main/data,synthetic_demo,false
DEMO-IMAGE-1589,ring,synthetic_demo,Synthetic demo metadata,https://github.com/wa52/ai-customer-service/tree/main/data,synthetic_demo,false
DEMO-IMAGE-1590,necklace,synthetic_demo,Synthetic demo metadata,https://github.com/wa52/ai-customer-service/tree/main/data,synthetic_demo,false
DEMO-IMAGE-1591,earring,synthetic_demo,Synthetic demo metadata,https://github.com/wa52/ai-customer-service/tree/main/data,synthetic_demo,false
DEMO-IMAGE-1592,bracelet,synthetic_demo,Synthetic demo metadata,https://github.com/wa52/ai-customer-service/tree/main/data,synthetic_demo,false
DEMO-IMAGE-1593,ring,synthetic_demo,Synthetic demo metadata,https://github.com/wa52/ai-customer-service/tree/main/data,synthetic_demo,false
DEMO-IMAGE-1594,necklace,synthetic_demo,Synthetic demo metadata,https://github.com/wa52/ai-customer-service/tree/main/data,synthetic_demo,false
DEMO-IMAGE-1595,earring,synthetic_demo,Synthetic demo metadata,https://github.com/wa52/ai-customer-service/tree/main/data,synthetic_demo,false
DEMO-IMAGE-1596,bracelet,synthetic_demo,Synthetic demo metadata,https://github.com/wa52/ai-customer-service/tree/main/data,synthetic_demo,false
DEMO-IMAGE-1597,ring,synthetic_demo,Synthetic demo metadata,https://github.com/wa52/ai-customer-service/tree/main/data,synthetic_demo,false
DEMO-IMAGE-1598,necklace,synthetic_demo,Synthetic demo metadata,https://github.com/wa52/ai-customer-service/tree/main/data,synthetic_demo,false
DEMO-IMAGE-1599,earring,synthetic_demo,Synthetic demo metadata,https://github.com/wa52/ai-customer-service/tree/main/data,synthetic_demo,false
DEMO-IMAGE-1600,bracelet,synthetic_demo,Synthetic demo metadata,https://github.com/wa52/ai-customer-service/tree/main/data,synthetic_demo,false
DEMO-IMAGE-1601,ring,synthetic_demo,Synthetic demo metadata,https://github.com/wa52/ai-customer-service/tree/main/data,synthetic_demo,false
DEMO-IMAGE-1602,necklace,synthetic_demo,Synthetic demo metadata,https://github.com/wa52/ai-customer-service/tree/main/data,synthetic_demo,false
DEMO-IMAGE-1603,earring,synthetic_demo,Synthetic demo metadata,https://github.com/wa52/ai-customer-service/tree/main/data,synthetic_demo,false
DEMO-IMAGE-1604,bracelet,synthetic_demo,Synthetic demo metadata,https://github.com/wa52/ai-customer-service/tree/main/data,synthetic_demo,false
DEMO-IMAGE-1605,ring,synthetic_demo,Synthetic demo metadata,https://github.com/wa52/ai-customer-service/tree/main/data,synthetic_demo,false
DEMO-IMAGE-1606,necklace,synthetic_demo,Synthetic demo metadata,https://github.com/wa52/ai-customer-service/tree/main/data,synthetic_demo,false
DEMO-IMAGE-1607,earring,synthetic_demo,Synthetic demo metadata,https://github.com/wa52/ai-customer-service/tree/main/data,synthetic_demo,false
DEMO-IMAGE-1608,bracelet,synthetic_demo,Synthetic demo metadata,https://github.com/wa52/ai-customer-service/tree/main/data,synthetic_demo,false
DEMO-IMAGE-1609,ring,synthetic_demo,Synthetic demo metadata,https://github.com/wa52/ai-customer-service/tree/main/data,synthetic_demo,false
DEMO-IMAGE-1610,necklace,synthetic_demo,Synthetic demo metadata,https://github.com/wa52/ai-customer-service/tree/main/data,synthetic_demo,false
DEMO-IMAGE-1611,earring,synthetic_demo,Synthetic demo metadata,https://github.com/wa52/ai-customer-service/tree/main/data,synthetic_demo,false
DEMO-IMAGE-1612,bracelet,synthetic_demo,Synthetic demo metadata,https://github.com/wa52/ai-customer-service/tree/main/data,synthetic_demo,false
DEMO-IMAGE-1613,ring,synthetic_demo,Synthetic demo metadata,https://github.com/wa52/ai-customer-service/tree/main/data,synthetic_demo,false
DEMO-IMAGE-1614,necklace,synthetic_demo,Synthetic demo metadata,https://github.com/wa52/ai-customer-service/tree/main/data,synthetic_demo,false
DEMO-IMAGE-1615,earring,synthetic_demo,Synthetic demo metadata,https://github.com/wa52/ai-customer-service/tree/main/data,synthetic_demo,false
DEMO-IMAGE-1616,bracelet,synthetic_demo,Synthetic demo metadata,https://github.com/wa52/ai-customer-service/tree/main/data,synthetic_demo,false
DEMO-IMAGE-1617,ring,synthetic_demo,Synthetic demo metadata,https://github.com/wa52/ai-customer-service/tree/main/data,synthetic_demo,false
DEMO-IMAGE-1618,necklace,synthetic_demo,Synthetic demo metadata,https://github.com/wa52/ai-customer-service/tree/main/data,synthetic_demo,false
DEMO-IMAGE-1619,earring,synthetic_demo,Synthetic demo metadata,https://github.com/wa52/ai-customer-service/tree/main/data,synthetic_demo,false
DEMO-IMAGE-1620,bracelet,synthetic_demo,Synthetic demo metadata,https://github.com/wa52/ai-customer-service/tree/main/data,synthetic_demo,false
DEMO-IMAGE-1621,ring,synthetic_demo,Synthetic demo metadata,https://github.com/wa52/ai-customer-service/tree/main/data,synthetic_demo,false
DEMO-IMAGE-1622,necklace,synthetic_demo,Synthetic demo metadata,https://github.com/wa52/ai-customer-service/tree/main/data,synthetic_demo,false
DEMO-IMAGE-1623,earring,synthetic_demo,Synthetic demo metadata,https://github.com/wa52/ai-customer-service/tree/main/data,synthetic_demo,false
DEMO-IMAGE-1624,bracelet,synthetic_demo,Synthetic demo metadata,https://github.com/wa52/ai-customer-service/tree/main/data,synthetic_demo,false
DEMO-IMAGE-1625,ring,synthetic_demo,Synthetic demo metadata,https://github.com/wa52/ai-customer-service/tree/main/data,synthetic_demo,false
DEMO-IMAGE-1626,necklace,synthetic_demo,Synthetic demo metadata,https://github.com/wa52/ai-customer-service/tree/main/data,synthetic_demo,false
DEMO-IMAGE-1627,earring,synthetic_demo,Synthetic demo metadata,https://github.com/wa52/ai-customer-service/tree/main/data,synthetic_demo,false
DEMO-IMAGE-1628,bracelet,synthetic_demo,Synthetic demo metadata,https://github.com/wa52/ai-customer-service/tree/main/data,synthetic_demo,false
DEMO-IMAGE-1629,ring,synthetic_demo,Synthetic demo metadata,https://github.com/wa52/ai-customer-service/tree/main/data,synthetic_demo,false
DEMO-IMAGE-1630,necklace,synthetic_demo,Synthetic demo metadata,https://github.com/wa52/ai-customer-service/tree/main/data,synthetic_demo,false
DEMO-IMAGE-1631,earring,synthetic_demo,Synthetic demo metadata,https://github.com/wa52/ai-customer-service/tree/main/data,synthetic_demo,false
DEMO-IMAGE-1632,bracelet,synthetic_demo,Synthetic demo metadata,https://github.com/wa52/ai-customer-service/tree/main/data,synthetic_demo,false
DEMO-IMAGE-1633,ring,synthetic_demo,Synthetic demo metadata,https://github.com/wa52/ai-customer-service/tree/main/data,synthetic_demo,false
DEMO-IMAGE-1634,necklace,synthetic_demo,Synthetic demo metadata,https://github.com/wa52/ai-customer-service/tree/main/data,synthetic_demo,false
DEMO-IMAGE-1635,earring,synthetic_demo,Synthetic demo metadata,https://github.com/wa52/ai-customer-service/tree/main/data,synthetic_demo,false
DEMO-IMAGE-1636,bracelet,synthetic_demo,Synthetic demo metadata,https://github.com/wa52/ai-customer-service/tree/main/data,synthetic_demo,false
DEMO-IMAGE-1637,ring,synthetic_demo,Synthetic demo metadata,https://github.com/wa52/ai-customer-service/tree/main/data,synthetic_demo,false
DEMO-IMAGE-1638,necklace,synthetic_demo,Synthetic demo metadata,https://github.com/wa52/ai-customer-service/tree/main/data,synthetic_demo,false
DEMO-IMAGE-1639,earring,synthetic_demo,Synthetic demo metadata,https://github.com/wa52/ai-customer-service/tree/main/data,synthetic_demo,false
DEMO-IMAGE-1640,bracelet,synthetic_demo,Synthetic demo metadata,https://github.com/wa52/ai-customer-service/tree/main/data,synthetic_demo,false
DEMO-IMAGE-1641,ring,synthetic_demo,Synthetic demo metadata,https://github.com/wa52/ai-customer-service/tree/main/data,synthetic_demo,false
DEMO-IMAGE-1642,necklace,synthetic_demo,Synthetic demo metadata,https://github.com/wa52/ai-customer-service/tree/main/data,synthetic_demo,false
DEMO-IMAGE-1643,earring,synthetic_demo,Synthetic demo metadata,https://github.com/wa52/ai-customer-service/tree/main/data,synthetic_demo,false
DEMO-IMAGE-1644,bracelet,synthetic_demo,Synthetic demo metadata,https://github.com/wa52/ai-customer-service/tree/main/data,synthetic_demo,false
DEMO-IMAGE-1645,ring,synthetic_demo,Synthetic demo metadata,https://github.com/wa52/ai-customer-service/tree/main/data,synthetic_demo,false
DEMO-IMAGE-1646,necklace,synthetic_demo,Synthetic demo metadata,https://github.com/wa52/ai-customer-service/tree/main/data,synthetic_demo,false
DEMO-IMAGE-1647,earring,synthetic_demo,Synthetic demo metadata,https://github.com/wa52/ai-customer-service/tree/main/data,synthetic_demo,false
DEMO-IMAGE-1648,bracelet,synthetic_demo,Synthetic demo metadata,https://github.com/wa52/ai-customer-service/tree/main/data,synthetic_demo,false
DEMO-IMAGE-1649,ring,synthetic_demo,Synthetic demo metadata,https://github.com/wa52/ai-customer-service/tree/main/data,synthetic_demo,false
DEMO-IMAGE-1650,necklace,synthetic_demo,Synthetic demo metadata,https://github.com/wa52/ai-customer-service/tree/main/data,synthetic_demo,false
DEMO-IMAGE-1651,earring,synthetic_demo,Synthetic demo metadata,https://github.com/wa52/ai-customer-service/tree/main/data,synthetic_demo,false
DEMO-IMAGE-1652,bracelet,synthetic_demo,Synthetic demo metadata,https://github.com/wa52/ai-customer-service/tree/main/data,synthetic_demo,false
DEMO-IMAGE-1653,ring,synthetic_demo,Synthetic demo metadata,https://github.com/wa52/ai-customer-service/tree/main/data,synthetic_demo,false
DEMO-IMAGE-1654,necklace,synthetic_demo,Synthetic demo metadata,https://github.com/wa52/ai-customer-service/tree/main/data,synthetic_demo,false
DEMO-IMAGE-1655,earring,synthetic_demo,Synthetic demo metadata,https://github.com/wa52/ai-customer-service/tree/main/data,synthetic_demo,false
DEMO-IMAGE-1656,bracelet,synthetic_demo,Synthetic demo metadata,https://github.com/wa52/ai-customer-service/tree/main/data,synthetic_demo,false
DEMO-IMAGE-1657,ring,synthetic_demo,Synthetic demo metadata,https://github.com/wa52/ai-customer-service/tree/main/data,synthetic_demo,false
DEMO-IMAGE-1658,necklace,synthetic_demo,Synthetic demo metadata,https://github.com/wa52/ai-customer-service/tree/main/data,synthetic_demo,false
DEMO-IMAGE-1659,earring,synthetic_demo,Synthetic demo metadata,https://github.com/wa52/ai-customer-service/tree/main/data,synthetic_demo,false
DEMO-IMAGE-1660,bracelet,synthetic_demo,Synthetic demo metadata,https://github.com/wa52/ai-customer-service/tree/main/data,synthetic_demo,false
DEMO-IMAGE-1661,ring,synthetic_demo,Synthetic demo metadata,https://github.com/wa52/ai-customer-service/tree/main/data,synthetic_demo,false
DEMO-IMAGE-1662,necklace,synthetic_demo,Synthetic demo metadata,https://github.com/wa52/ai-customer-service/tree/main/data,synthetic_demo,false
DEMO-IMAGE-1663,earring,synthetic_demo,Synthetic demo metadata,https://github.com/wa52/ai-customer-service/tree/main/data,synthetic_demo,false
DEMO-IMAGE-1664,bracelet,synthetic_demo,Synthetic demo metadata,https://github.com/wa52/ai-customer-service/tree/main/data,synthetic_demo,false
DEMO-IMAGE-1665,ring,synthetic_demo,Synthetic demo metadata,https://github.com/wa52/ai-customer-service/tree/main/data,synthetic_demo,false
DEMO-IMAGE-1666,necklace,synthetic_demo,Synthetic demo metadata,https://github.com/wa52/ai-customer-service/tree/main/data,synthetic_demo,false
DEMO-IMAGE-1667,earring,synthetic_demo,Synthetic demo metadata,https://github.com/wa52/ai-customer-service/tree/main/data,synthetic_demo,false
DEMO-IMAGE-1668,bracelet,synthetic_demo,Synthetic demo metadata,https://github.com/wa52/ai-customer-service/tree/main/data,synthetic_demo,false
DEMO-IMAGE-1669,ring,synthetic_demo,Synthetic demo metadata,https://github.com/wa52/ai-customer-service/tree/main/data,synthetic_demo,false
DEMO-IMAGE-1670,necklace,synthetic_demo,Synthetic demo metadata,https://github.com/wa52/ai-customer-service/tree/main/data,synthetic_demo,false
DEMO-IMAGE-1671,earring,synthetic_demo,Synthetic demo metadata,https://github.com/wa52/ai-customer-service/tree/main/data,synthetic_demo,false
DEMO-IMAGE-1672,bracelet,synthetic_demo,Synthetic demo metadata,https://github.com/wa52/ai-customer-service/tree/main/data,synthetic_demo,false
DEMO-IMAGE-1673,ring,synthetic_demo,Synthetic demo metadata,https://github.com/wa52/ai-customer-service/tree/main/data,synthetic_demo,false
DEMO-IMAGE-1674,necklace,synthetic_demo,Synthetic demo metadata,https://github.com/wa52/ai-customer-service/tree/main/data,synthetic_demo,false
DEMO-IMAGE-1675,earring,synthetic_demo,Synthetic demo metadata,https://github.com/wa52/ai-customer-service/tree/main/data,synthetic_demo,false
DEMO-IMAGE-1676,bracelet,synthetic_demo,Synthetic demo metadata,https://github.com/wa52/ai-customer-service/tree/main/data,synthetic_demo,false
DEMO-IMAGE-1677,ring,synthetic_demo,Synthetic demo metadata,https://github.com/wa52/ai-customer-service/tree/main/data,synthetic_demo,false
DEMO-IMAGE-1678,necklace,synthetic_demo,Synthetic demo metadata,https://github.com/wa52/ai-customer-service/tree/main/data,synthetic_demo,false
DEMO-IMAGE-1679,earring,synthetic_demo,Synthetic demo metadata,https://github.com/wa52/ai-customer-service/tree/main/data,synthetic_demo,false
DEMO-IMAGE-1680,bracelet,synthetic_demo,Synthetic demo metadata,https://github.com/wa52/ai-customer-service/tree/main/data,synthetic_demo,false
DEMO-IMAGE-1681,ring,synthetic_demo,Synthetic demo metadata,https://github.com/wa52/ai-customer-service/tree/main/data,synthetic_demo,false
DEMO-IMAGE-1682,necklace,synthetic_demo,Synthetic demo metadata,https://github.com/wa52/ai-customer-service/tree/main/data,synthetic_demo,false
DEMO-IMAGE-1683,earring,synthetic_demo,Synthetic demo metadata,https://github.com/wa52/ai-customer-service/tree/main/data,synthetic_demo,false
DEMO-IMAGE-1684,bracelet,synthetic_demo,Synthetic demo metadata,https://github.com/wa52/ai-customer-service/tree/main/data,synthetic_demo,false
DEMO-IMAGE-1685,ring,synthetic_demo,Synthetic demo metadata,https://github.com/wa52/ai-customer-service/tree/main/data,synthetic_demo,false
DEMO-IMAGE-1686,necklace,synthetic_demo,Synthetic demo metadata,https://github.com/wa52/ai-customer-service/tree/main/data,synthetic_demo,false
DEMO-IMAGE-1687,earring,synthetic_demo,Synthetic demo metadata,https://github.com/wa52/ai-customer-service/tree/main/data,synthetic_demo,false
DEMO-IMAGE-1688,bracelet,synthetic_demo,Synthetic demo metadata,https://github.com/wa52/ai-customer-service/tree/main/data,synthetic_demo,false
DEMO-IMAGE-1689,ring,synthetic_demo,Synthetic demo metadata,https://github.com/wa52/ai-customer-service/tree/main/data,synthetic_demo,false
DEMO-IMAGE-1690,necklace,synthetic_demo,Synthetic demo metadata,https://github.com/wa52/ai-customer-service/tree/main/data,synthetic_demo,false
DEMO-IMAGE-1691,earring,synthetic_demo,Synthetic demo metadata,https://github.com/wa52/ai-customer-service/tree/main/data,synthetic_demo,false
DEMO-IMAGE-1692,bracelet,synthetic_demo,Synthetic demo metadata,https://github.com/wa52/ai-customer-service/tree/main/data,synthetic_demo,false
DEMO-IMAGE-1693,ring,synthetic_demo,Synthetic demo metadata,https://github.com/wa52/ai-customer-service/tree/main/data,synthetic_demo,false
DEMO-IMAGE-1694,necklace,synthetic_demo,Synthetic demo metadata,https://github.com/wa52/ai-customer-service/tree/main/data,synthetic_demo,false
DEMO-IMAGE-1695,earring,synthetic_demo,Synthetic demo metadata,https://github.com/wa52/ai-customer-service/tree/main/data,synthetic_demo,false
DEMO-IMAGE-1696,bracelet,synthetic_demo,Synthetic demo metadata,https://github.com/wa52/ai-customer-service/tree/main/data,synthetic_demo,false
DEMO-IMAGE-1697,ring,synthetic_demo,Synthetic demo metadata,https://github.com/wa52/ai-customer-service/tree/main/data,synthetic_demo,false
DEMO-IMAGE-1698,necklace,synthetic_demo,Synthetic demo metadata,https://github.com/wa52/ai-customer-service/tree/main/data,synthetic_demo,false
DEMO-IMAGE-1699,earring,synthetic_demo,Synthetic demo metadata,https://github.com/wa52/ai-customer-service/tree/main/data,synthetic_demo,false
DEMO-IMAGE-1700,bracelet,synthetic_demo,Synthetic demo metadata,https://github.com/wa52/ai-customer-service/tree/main/data,synthetic_demo,false
DEMO-IMAGE-1701,ring,synthetic_demo,Synthetic demo metadata,https://github.com/wa52/ai-customer-service/tree/main/data,synthetic_demo,false
DEMO-IMAGE-1702,necklace,synthetic_demo,Synthetic demo metadata,https://github.com/wa52/ai-customer-service/tree/main/data,synthetic_demo,false
DEMO-IMAGE-1703,earring,synthetic_demo,Synthetic demo metadata,https://github.com/wa52/ai-customer-service/tree/main/data,synthetic_demo,false
DEMO-IMAGE-1704,bracelet,synthetic_demo,Synthetic demo metadata,https://github.com/wa52/ai-customer-service/tree/main/data,synthetic_demo,false
DEMO-IMAGE-1705,ring,synthetic_demo,Synthetic demo metadata,https://github.com/wa52/ai-customer-service/tree/main/data,synthetic_demo,false
DEMO-IMAGE-1706,necklace,synthetic_demo,Synthetic demo metadata,https://github.com/wa52/ai-customer-service/tree/main/data,synthetic_demo,false
DEMO-IMAGE-1707,earring,synthetic_demo,Synthetic demo metadata,https://github.com/wa52/ai-customer-service/tree/main/data,synthetic_demo,false
DEMO-IMAGE-1708,bracelet,synthetic_demo,Synthetic demo metadata,https://github.com/wa52/ai-customer-service/tree/main/data,synthetic_demo,false
DEMO-IMAGE-1709,ring,synthetic_demo,Synthetic demo metadata,https://github.com/wa52/ai-customer-service/tree/main/data,synthetic_demo,false
DEMO-IMAGE-1710,necklace,synthetic_demo,Synthetic demo metadata,https://github.com/wa52/ai-customer-service/tree/main/data,synthetic_demo,false
DEMO-IMAGE-1711,earring,synthetic_demo,Synthetic demo metadata,https://github.com/wa52/ai-customer-service/tree/main/data,synthetic_demo,false
DEMO-IMAGE-1712,bracelet,synthetic_demo,Synthetic demo metadata,https://github.com/wa52/ai-customer-service/tree/main/data,synthetic_demo,false
DEMO-IMAGE-1713,ring,synthetic_demo,Synthetic demo metadata,https://github.com/wa52/ai-customer-service/tree/main/data,synthetic_demo,false
DEMO-IMAGE-1714,necklace,synthetic_demo,Synthetic demo metadata,https://github.com/wa52/ai-customer-service/tree/main/data,synthetic_demo,false
DEMO-IMAGE-1715,earring,synthetic_demo,Synthetic demo metadata,https://github.com/wa52/ai-customer-service/tree/main/data,synthetic_demo,false
DEMO-IMAGE-1716,bracelet,synthetic_demo,Synthetic demo metadata,https://github.com/wa52/ai-customer-service/tree/main/data,synthetic_demo,false
DEMO-IMAGE-1717,ring,synthetic_demo,Synthetic demo metadata,https://github.com/wa52/ai-customer-service/tree/main/data,synthetic_demo,false
DEMO-IMAGE-1718,necklace,synthetic_demo,Synthetic demo metadata,https://github.com/wa52/ai-customer-service/tree/main/data,synthetic_demo,false
DEMO-IMAGE-1719,earring,synthetic_demo,Synthetic demo metadata,https://github.com/wa52/ai-customer-service/tree/main/data,synthetic_demo,false
DEMO-IMAGE-1720,bracelet,synthetic_demo,Synthetic demo metadata,https://github.com/wa52/ai-customer-service/tree/main/data,synthetic_demo,false
DEMO-IMAGE-1721,ring,synthetic_demo,Synthetic demo metadata,https://github.com/wa52/ai-customer-service/tree/main/data,synthetic_demo,false
DEMO-IMAGE-1722,necklace,synthetic_demo,Synthetic demo metadata,https://github.com/wa52/ai-customer-service/tree/main/data,synthetic_demo,false
DEMO-IMAGE-1723,earring,synthetic_demo,Synthetic demo metadata,https://github.com/wa52/ai-customer-service/tree/main/data,synthetic_demo,false
DEMO-IMAGE-1724,bracelet,synthetic_demo,Synthetic demo metadata,https://github.com/wa52/ai-customer-service/tree/main/data,synthetic_demo,false
DEMO-IMAGE-1725,ring,synthetic_demo,Synthetic demo metadata,https://github.com/wa52/ai-customer-service/tree/main/data,synthetic_demo,false
DEMO-IMAGE-1726,necklace,synthetic_demo,Synthetic demo metadata,https://github.com/wa52/ai-customer-service/tree/main/data,synthetic_demo,false
DEMO-IMAGE-1727,earring,synthetic_demo,Synthetic demo metadata,https://github.com/wa52/ai-customer-service/tree/main/data,synthetic_demo,false
DEMO-IMAGE-1728,bracelet,synthetic_demo,Synthetic demo metadata,https://github.com/wa52/ai-customer-service/tree/main/data,synthetic_demo,false
DEMO-IMAGE-1729,ring,synthetic_demo,Synthetic demo metadata,https://github.com/wa52/ai-customer-service/tree/main/data,synthetic_demo,false
DEMO-IMAGE-1730,necklace,synthetic_demo,Synthetic demo metadata,https://github.com/wa52/ai-customer-service/tree/main/data,synthetic_demo,false
DEMO-IMAGE-1731,earring,synthetic_demo,Synthetic demo metadata,https://github.com/wa52/ai-customer-service/tree/main/data,synthetic_demo,false
DEMO-IMAGE-1732,bracelet,synthetic_demo,Synthetic demo metadata,https://github.com/wa52/ai-customer-service/tree/main/data,synthetic_demo,false
DEMO-IMAGE-1733,ring,synthetic_demo,Synthetic demo metadata,https://github.com/wa52/ai-customer-service/tree/main/data,synthetic_demo,false
DEMO-IMAGE-1734,necklace,synthetic_demo,Synthetic demo metadata,https://github.com/wa52/ai-customer-service/tree/main/data,synthetic_demo,false
DEMO-IMAGE-1735,earring,synthetic_demo,Synthetic demo metadata,https://github.com/wa52/ai-customer-service/tree/main/data,synthetic_demo,false
DEMO-IMAGE-1736,bracelet,synthetic_demo,Synthetic demo metadata,https://github.com/wa52/ai-customer-service/tree/main/data,synthetic_demo,false
DEMO-IMAGE-1737,ring,synthetic_demo,Synthetic demo metadata,https://github.com/wa52/ai-customer-service/tree/main/data,synthetic_demo,false
DEMO-IMAGE-1738,necklace,synthetic_demo,Synthetic demo metadata,https://github.com/wa52/ai-customer-service/tree/main/data,synthetic_demo,false
DEMO-IMAGE-1739,earring,synthetic_demo,Synthetic demo metadata,https://github.com/wa52/ai-customer-service/tree/main/data,synthetic_demo,false
DEMO-IMAGE-1740,bracelet,synthetic_demo,Synthetic demo metadata,https://github.com/wa52/ai-customer-service/tree/main/data,synthetic_demo,false
DEMO-IMAGE-1741,ring,synthetic_demo,Synthetic demo metadata,https://github.com/wa52/ai-customer-service/tree/main/data,synthetic_demo,false
DEMO-IMAGE-1742,necklace,synthetic_demo,Synthetic demo metadata,https://github.com/wa52/ai-customer-service/tree/main/data,synthetic_demo,false
DEMO-IMAGE-1743,earring,synthetic_demo,Synthetic demo metadata,https://github.com/wa52/ai-customer-service/tree/main/data,synthetic_demo,false
DEMO-IMAGE-1744,bracelet,synthetic_demo,Synthetic demo metadata,https://github.com/wa52/ai-customer-service/tree/main/data,synthetic_demo,false
DEMO-IMAGE-1745,ring,synthetic_demo,Synthetic demo metadata,https://github.com/wa52/ai-customer-service/tree/main/data,synthetic_demo,false
DEMO-IMAGE-1746,necklace,synthetic_demo,Synthetic demo metadata,https://github.com/wa52/ai-customer-service/tree/main/data,synthetic_demo,false
DEMO-IMAGE-1747,earring,synthetic_demo,Synthetic demo metadata,https://github.com/wa52/ai-customer-service/tree/main/data,synthetic_demo,false
DEMO-IMAGE-1748,bracelet,synthetic_demo,Synthetic demo metadata,https://github.com/wa52/ai-customer-service/tree/main/data,synthetic_demo,false
DEMO-IMAGE-1749,ring,synthetic_demo,Synthetic demo metadata,https://github.com/wa52/ai-customer-service/tree/main/data,synthetic_demo,false
DEMO-IMAGE-1750,necklace,synthetic_demo,Synthetic demo metadata,https://github.com/wa52/ai-customer-service/tree/main/data,synthetic_demo,false
DEMO-IMAGE-1751,earring,synthetic_demo,Synthetic demo metadata,https://github.com/wa52/ai-customer-service/tree/main/data,synthetic_demo,false
DEMO-IMAGE-1752,bracelet,synthetic_demo,Synthetic demo metadata,https://github.com/wa52/ai-customer-service/tree/main/data,synthetic_demo,false
DEMO-IMAGE-1753,ring,synthetic_demo,Synthetic demo metadata,https://github.com/wa52/ai-customer-service/tree/main/data,synthetic_demo,false
DEMO-IMAGE-1754,necklace,synthetic_demo,Synthetic demo metadata,https://github.com/wa52/ai-customer-service/tree/main/data,synthetic_demo,false
DEMO-IMAGE-1755,earring,synthetic_demo,Synthetic demo metadata,https://github.com/wa52/ai-customer-service/tree/main/data,synthetic_demo,false
DEMO-IMAGE-1756,bracelet,synthetic_demo,Synthetic demo metadata,https://github.com/wa52/ai-customer-service/tree/main/data,synthetic_demo,false
DEMO-IMAGE-1757,ring,synthetic_demo,Synthetic demo metadata,https://github.com/wa52/ai-customer-service/tree/main/data,synthetic_demo,false
DEMO-IMAGE-1758,necklace,synthetic_demo,Synthetic demo metadata,https://github.com/wa52/ai-customer-service/tree/main/data,synthetic_demo,false
DEMO-IMAGE-1759,earring,synthetic_demo,Synthetic demo metadata,https://github.com/wa52/ai-customer-service/tree/main/data,synthetic_demo,false
DEMO-IMAGE-1760,bracelet,synthetic_demo,Synthetic demo metadata,https://github.com/wa52/ai-customer-service/tree/main/data,synthetic_demo,false
DEMO-IMAGE-1761,ring,synthetic_demo,Synthetic demo metadata,https://github.com/wa52/ai-customer-service/tree/main/data,synthetic_demo,false
DEMO-IMAGE-1762,necklace,synthetic_demo,Synthetic demo metadata,https://github.com/wa52/ai-customer-service/tree/main/data,synthetic_demo,false
DEMO-IMAGE-1763,earring,synthetic_demo,Synthetic demo metadata,https://github.com/wa52/ai-customer-service/tree/main/data,synthetic_demo,false
DEMO-IMAGE-1764,bracelet,synthetic_demo,Synthetic demo metadata,https://github.com/wa52/ai-customer-service/tree/main/data,synthetic_demo,false
DEMO-IMAGE-1765,ring,synthetic_demo,Synthetic demo metadata,https://github.com/wa52/ai-customer-service/tree/main/data,synthetic_demo,false
DEMO-IMAGE-1766,necklace,synthetic_demo,Synthetic demo metadata,https://github.com/wa52/ai-customer-service/tree/main/data,synthetic_demo,false
DEMO-IMAGE-1767,earring,synthetic_demo,Synthetic demo metadata,https://github.com/wa52/ai-customer-service/tree/main/data,synthetic_demo,false
DEMO-IMAGE-1768,bracelet,synthetic_demo,Synthetic demo metadata,https://github.com/wa52/ai-customer-service/tree/main/data,synthetic_demo,false
DEMO-IMAGE-1769,ring,synthetic_demo,Synthetic demo metadata,https://github.com/wa52/ai-customer-service/tree/main/data,synthetic_demo,false
DEMO-IMAGE-1770,necklace,synthetic_demo,Synthetic demo metadata,https://github.com/wa52/ai-customer-service/tree/main/data,synthetic_demo,false
DEMO-IMAGE-1771,earring,synthetic_demo,Synthetic demo metadata,https://github.com/wa52/ai-customer-service/tree/main/data,synthetic_demo,false
DEMO-IMAGE-1772,bracelet,synthetic_demo,Synthetic demo metadata,https://github.com/wa52/ai-customer-service/tree/main/data,synthetic_demo,false
DEMO-IMAGE-1773,ring,synthetic_demo,Synthetic demo metadata,https://github.com/wa52/ai-customer-service/tree/main/data,synthetic_demo,false
DEMO-IMAGE-1774,necklace,synthetic_demo,Synthetic demo metadata,https://github.com/wa52/ai-customer-service/tree/main/data,synthetic_demo,false
DEMO-IMAGE-1775,earring,synthetic_demo,Synthetic demo metadata,https://github.com/wa52/ai-customer-service/tree/main/data,synthetic_demo,false
DEMO-IMAGE-1776,bracelet,synthetic_demo,Synthetic demo metadata,https://github.com/wa52/ai-customer-service/tree/main/data,synthetic_demo,false
DEMO-IMAGE-1777,ring,synthetic_demo,Synthetic demo metadata,https://github.com/wa52/ai-customer-service/tree/main/data,synthetic_demo,false
DEMO-IMAGE-1778,necklace,synthetic_demo,Synthetic demo metadata,https://github.com/wa52/ai-customer-service/tree/main/data,synthetic_demo,false
DEMO-IMAGE-1779,earring,synthetic_demo,Synthetic demo metadata,https://github.com/wa52/ai-customer-service/tree/main/data,synthetic_demo,false
DEMO-IMAGE-1780,bracelet,synthetic_demo,Synthetic demo metadata,https://github.com/wa52/ai-customer-service/tree/main/data,synthetic_demo,false
DEMO-IMAGE-1781,ring,synthetic_demo,Synthetic demo metadata,https://github.com/wa52/ai-customer-service/tree/main/data,synthetic_demo,false
DEMO-IMAGE-1782,necklace,synthetic_demo,Synthetic demo metadata,https://github.com/wa52/ai-customer-service/tree/main/data,synthetic_demo,false
DEMO-IMAGE-1783,earring,synthetic_demo,Synthetic demo metadata,https://github.com/wa52/ai-customer-service/tree/main/data,synthetic_demo,false
DEMO-IMAGE-1784,bracelet,synthetic_demo,Synthetic demo metadata,https://github.com/wa52/ai-customer-service/tree/main/data,synthetic_demo,false
DEMO-IMAGE-1785,ring,synthetic_demo,Synthetic demo metadata,https://github.com/wa52/ai-customer-service/tree/main/data,synthetic_demo,false
DEMO-IMAGE-1786,necklace,synthetic_demo,Synthetic demo metadata,https://github.com/wa52/ai-customer-service/tree/main/data,synthetic_demo,false
DEMO-IMAGE-1787,earring,synthetic_demo,Synthetic demo metadata,https://github.com/wa52/ai-customer-service/tree/main/data,synthetic_demo,false
DEMO-IMAGE-1788,bracelet,synthetic_demo,Synthetic demo metadata,https://github.com/wa52/ai-customer-service/tree/main/data,synthetic_demo,false
DEMO-IMAGE-1789,ring,synthetic_demo,Synthetic demo metadata,https://github.com/wa52/ai-customer-service/tree/main/data,synthetic_demo,false
DEMO-IMAGE-1790,necklace,synthetic_demo,Synthetic demo metadata,https://github.com/wa52/ai-customer-service/tree/main/data,synthetic_demo,false
DEMO-IMAGE-1791,earring,synthetic_demo,Synthetic demo metadata,https://github.com/wa52/ai-customer-service/tree/main/data,synthetic_demo,false
DEMO-IMAGE-1792,bracelet,synthetic_demo,Synthetic demo metadata,https://github.com/wa52/ai-customer-service/tree/main/data,synthetic_demo,false
DEMO-IMAGE-1793,ring,synthetic_demo,Synthetic demo metadata,https://github.com/wa52/ai-customer-service/tree/main/data,synthetic_demo,false
DEMO-IMAGE-1794,necklace,synthetic_demo,Synthetic demo metadata,https://github.com/wa52/ai-customer-service/tree/main/data,synthetic_demo,false
DEMO-IMAGE-1795,earring,synthetic_demo,Synthetic demo metadata,https://github.com/wa52/ai-customer-service/tree/main/data,synthetic_demo,false
DEMO-IMAGE-1796,bracelet,synthetic_demo,Synthetic demo metadata,https://github.com/wa52/ai-customer-service/tree/main/data,synthetic_demo,false
DEMO-IMAGE-1797,ring,synthetic_demo,Synthetic demo metadata,https://github.com/wa52/ai-customer-service/tree/main/data,synthetic_demo,false
DEMO-IMAGE-1798,necklace,synthetic_demo,Synthetic demo metadata,https://github.com/wa52/ai-customer-service/tree/main/data,synthetic_demo,false
DEMO-IMAGE-1799,earring,synthetic_demo,Synthetic demo metadata,https://github.com/wa52/ai-customer-service/tree/main/data,synthetic_demo,false
DEMO-IMAGE-1800,bracelet,synthetic_demo,Synthetic demo metadata,https://github.com/wa52/ai-customer-service/tree/main/data,synthetic_demo,false
DEMO-IMAGE-1801,ring,synthetic_demo,Synthetic demo metadata,https://github.com/wa52/ai-customer-service/tree/main/data,synthetic_demo,false
DEMO-IMAGE-1802,necklace,synthetic_demo,Synthetic demo metadata,https://github.com/wa52/ai-customer-service/tree/main/data,synthetic_demo,false
DEMO-IMAGE-1803,earring,synthetic_demo,Synthetic demo metadata,https://github.com/wa52/ai-customer-service/tree/main/data,synthetic_demo,false
DEMO-IMAGE-1804,bracelet,synthetic_demo,Synthetic demo metadata,https://github.com/wa52/ai-customer-service/tree/main/data,synthetic_demo,false
DEMO-IMAGE-1805,ring,synthetic_demo,Synthetic demo metadata,https://github.com/wa52/ai-customer-service/tree/main/data,synthetic_demo,false
DEMO-IMAGE-1806,necklace,synthetic_demo,Synthetic demo metadata,https://github.com/wa52/ai-customer-service/tree/main/data,synthetic_demo,false
DEMO-IMAGE-1807,earring,synthetic_demo,Synthetic demo metadata,https://github.com/wa52/ai-customer-service/tree/main/data,synthetic_demo,false
DEMO-IMAGE-1808,bracelet,synthetic_demo,Synthetic demo metadata,https://github.com/wa52/ai-customer-service/tree/main/data,synthetic_demo,false
DEMO-IMAGE-1809,ring,synthetic_demo,Synthetic demo metadata,https://github.com/wa52/ai-customer-service/tree/main/data,synthetic_demo,false
DEMO-IMAGE-1810,necklace,synthetic_demo,Synthetic demo metadata,https://github.com/wa52/ai-customer-service/tree/main/data,synthetic_demo,false
DEMO-IMAGE-1811,earring,synthetic_demo,Synthetic demo metadata,https://github.com/wa52/ai-customer-service/tree/main/data,synthetic_demo,false
DEMO-IMAGE-1812,bracelet,synthetic_demo,Synthetic demo metadata,https://github.com/wa52/ai-customer-service/tree/main/data,synthetic_demo,false
DEMO-IMAGE-1813,ring,synthetic_demo,Synthetic demo metadata,https://github.com/wa52/ai-customer-service/tree/main/data,synthetic_demo,false
DEMO-IMAGE-1814,necklace,synthetic_demo,Synthetic demo metadata,https://github.com/wa52/ai-customer-service/tree/main/data,synthetic_demo,false
DEMO-IMAGE-1815,earring,synthetic_demo,Synthetic demo metadata,https://github.com/wa52/ai-customer-service/tree/main/data,synthetic_demo,false
DEMO-IMAGE-1816,bracelet,synthetic_demo,Synthetic demo metadata,https://github.com/wa52/ai-customer-service/tree/main/data,synthetic_demo,false
DEMO-IMAGE-1817,ring,synthetic_demo,Synthetic demo metadata,https://github.com/wa52/ai-customer-service/tree/main/data,synthetic_demo,false
DEMO-IMAGE-1818,necklace,synthetic_demo,Synthetic demo metadata,https://github.com/wa52/ai-customer-service/tree/main/data,synthetic_demo,false
DEMO-IMAGE-1819,earring,synthetic_demo,Synthetic demo metadata,https://github.com/wa52/ai-customer-service/tree/main/data,synthetic_demo,false
DEMO-IMAGE-1820,bracelet,synthetic_demo,Synthetic demo metadata,https://github.com/wa52/ai-customer-service/tree/main/data,synthetic_demo,false
DEMO-IMAGE-1821,ring,synthetic_demo,Synthetic demo metadata,https://github.com/wa52/ai-customer-service/tree/main/data,synthetic_demo,false
DEMO-IMAGE-1822,necklace,synthetic_demo,Synthetic demo metadata,https://github.com/wa52/ai-customer-service/tree/main/data,synthetic_demo,false
DEMO-IMAGE-1823,earring,synthetic_demo,Synthetic demo metadata,https://github.com/wa52/ai-customer-service/tree/main/data,synthetic_demo,false
DEMO-IMAGE-1824,bracelet,synthetic_demo,Synthetic demo metadata,https://github.com/wa52/ai-customer-service/tree/main/data,synthetic_demo,false
DEMO-IMAGE-1825,ring,synthetic_demo,Synthetic demo metadata,https://github.com/wa52/ai-customer-service/tree/main/data,synthetic_demo,false
DEMO-IMAGE-1826,necklace,synthetic_demo,Synthetic demo metadata,https://github.com/wa52/ai-customer-service/tree/main/data,synthetic_demo,false
DEMO-IMAGE-1827,earring,synthetic_demo,Synthetic demo metadata,https://github.com/wa52/ai-customer-service/tree/main/data,synthetic_demo,false
DEMO-IMAGE-1828,bracelet,synthetic_demo,Synthetic demo metadata,https://github.com/wa52/ai-customer-service/tree/main/data,synthetic_demo,false
DEMO-IMAGE-1829,ring,synthetic_demo,Synthetic demo metadata,https://github.com/wa52/ai-customer-service/tree/main/data,synthetic_demo,false
DEMO-IMAGE-1830,necklace,synthetic_demo,Synthetic demo metadata,https://github.com/wa52/ai-customer-service/tree/main/data,synthetic_demo,false
DEMO-IMAGE-1831,earring,synthetic_demo,Synthetic demo metadata,https://github.com/wa52/ai-customer-service/tree/main/data,synthetic_demo,false
DEMO-IMAGE-1832,bracelet,synthetic_demo,Synthetic demo metadata,https://github.com/wa52/ai-customer-service/tree/main/data,synthetic_demo,false
DEMO-IMAGE-1833,ring,synthetic_demo,Synthetic demo metadata,https://github.com/wa52/ai-customer-service/tree/main/data,synthetic_demo,false
DEMO-IMAGE-1834,necklace,synthetic_demo,Synthetic demo metadata,https://github.com/wa52/ai-customer-service/tree/main/data,synthetic_demo,false
DEMO-IMAGE-1835,earring,synthetic_demo,Synthetic demo metadata,https://github.com/wa52/ai-customer-service/tree/main/data,synthetic_demo,false
DEMO-IMAGE-1836,bracelet,synthetic_demo,Synthetic demo metadata,https://github.com/wa52/ai-customer-service/tree/main/data,synthetic_demo,false
DEMO-IMAGE-1837,ring,synthetic_demo,Synthetic demo metadata,https://github.com/wa52/ai-customer-service/tree/main/data,synthetic_demo,false
DEMO-IMAGE-1838,necklace,synthetic_demo,Synthetic demo metadata,https://github.com/wa52/ai-customer-service/tree/main/data,synthetic_demo,false
DEMO-IMAGE-1839,earring,synthetic_demo,Synthetic demo metadata,https://github.com/wa52/ai-customer-service/tree/main/data,synthetic_demo,false
DEMO-IMAGE-1840,bracelet,synthetic_demo,Synthetic demo metadata,https://github.com/wa52/ai-customer-service/tree/main/data,synthetic_demo,false
DEMO-IMAGE-1841,ring,synthetic_demo,Synthetic demo metadata,https://github.com/wa52/ai-customer-service/tree/main/data,synthetic_demo,false
DEMO-IMAGE-1842,necklace,synthetic_demo,Synthetic demo metadata,https://github.com/wa52/ai-customer-service/tree/main/data,synthetic_demo,false
DEMO-IMAGE-1843,earring,synthetic_demo,Synthetic demo metadata,https://github.com/wa52/ai-customer-service/tree/main/data,synthetic_demo,false
DEMO-IMAGE-1844,bracelet,synthetic_demo,Synthetic demo metadata,https://github.com/wa52/ai-customer-service/tree/main/data,synthetic_demo,false
DEMO-IMAGE-1845,ring,synthetic_demo,Synthetic demo metadata,https://github.com/wa52/ai-customer-service/tree/main/data,synthetic_demo,false
DEMO-IMAGE-1846,necklace,synthetic_demo,Synthetic demo metadata,https://github.com/wa52/ai-customer-service/tree/main/data,synthetic_demo,false
DEMO-IMAGE-1847,earring,synthetic_demo,Synthetic demo metadata,https://github.com/wa52/ai-customer-service/tree/main/data,synthetic_demo,false
DEMO-IMAGE-1848,bracelet,synthetic_demo,Synthetic demo metadata,https://github.com/wa52/ai-customer-service/tree/main/data,synthetic_demo,false
DEMO-IMAGE-1849,ring,synthetic_demo,Synthetic demo metadata,https://github.com/wa52/ai-customer-service/tree/main/data,synthetic_demo,false
DEMO-IMAGE-1850,necklace,synthetic_demo,Synthetic demo metadata,https://github.com/wa52/ai-customer-service/tree/main/data,synthetic_demo,false
DEMO-IMAGE-1851,earring,synthetic_demo,Synthetic demo metadata,https://github.com/wa52/ai-customer-service/tree/main/data,synthetic_demo,false
DEMO-IMAGE-1852,bracelet,synthetic_demo,Synthetic demo metadata,https://github.com/wa52/ai-customer-service/tree/main/data,synthetic_demo,false
DEMO-IMAGE-1853,ring,synthetic_demo,Synthetic demo metadata,https://github.com/wa52/ai-customer-service/tree/main/data,synthetic_demo,false
DEMO-IMAGE-1854,necklace,synthetic_demo,Synthetic demo metadata,https://github.com/wa52/ai-customer-service/tree/main/data,synthetic_demo,false
DEMO-IMAGE-1855,earring,synthetic_demo,Synthetic demo metadata,https://github.com/wa52/ai-customer-service/tree/main/data,synthetic_demo,false
DEMO-IMAGE-1856,bracelet,synthetic_demo,Synthetic demo metadata,https://github.com/wa52/ai-customer-service/tree/main/data,synthetic_demo,false
DEMO-IMAGE-1857,ring,synthetic_demo,Synthetic demo metadata,https://github.com/wa52/ai-customer-service/tree/main/data,synthetic_demo,false
DEMO-IMAGE-1858,necklace,synthetic_demo,Synthetic demo metadata,https://github.com/wa52/ai-customer-service/tree/main/data,synthetic_demo,false
DEMO-IMAGE-1859,earring,synthetic_demo,Synthetic demo metadata,https://github.com/wa52/ai-customer-service/tree/main/data,synthetic_demo,false
DEMO-IMAGE-1860,bracelet,synthetic_demo,Synthetic demo metadata,https://github.com/wa52/ai-customer-service/tree/main/data,synthetic_demo,false
DEMO-IMAGE-1861,ring,synthetic_demo,Synthetic demo metadata,https://github.com/wa52/ai-customer-service/tree/main/data,synthetic_demo,false
DEMO-IMAGE-1862,necklace,synthetic_demo,Synthetic demo metadata,https://github.com/wa52/ai-customer-service/tree/main/data,synthetic_demo,false
DEMO-IMAGE-1863,earring,synthetic_demo,Synthetic demo metadata,https://github.com/wa52/ai-customer-service/tree/main/data,synthetic_demo,false
DEMO-IMAGE-1864,bracelet,synthetic_demo,Synthetic demo metadata,https://github.com/wa52/ai-customer-service/tree/main/data,synthetic_demo,false
DEMO-IMAGE-1865,ring,synthetic_demo,Synthetic demo metadata,https://github.com/wa52/ai-customer-service/tree/main/data,synthetic_demo,false
DEMO-IMAGE-1866,necklace,synthetic_demo,Synthetic demo metadata,https://github.com/wa52/ai-customer-service/tree/main/data,synthetic_demo,false
DEMO-IMAGE-1867,earring,synthetic_demo,Synthetic demo metadata,https://github.com/wa52/ai-customer-service/tree/main/data,synthetic_demo,false
DEMO-IMAGE-1868,bracelet,synthetic_demo,Synthetic demo metadata,https://github.com/wa52/ai-customer-service/tree/main/data,synthetic_demo,false
DEMO-IMAGE-1869,ring,synthetic_demo,Synthetic demo metadata,https://github.com/wa52/ai-customer-service/tree/main/data,synthetic_demo,false
DEMO-IMAGE-1870,necklace,synthetic_demo,Synthetic demo metadata,https://github.com/wa52/ai-customer-service/tree/main/data,synthetic_demo,false
DEMO-IMAGE-1871,earring,synthetic_demo,Synthetic demo metadata,https://github.com/wa52/ai-customer-service/tree/main/data,synthetic_demo,false
DEMO-IMAGE-1872,bracelet,synthetic_demo,Synthetic demo metadata,https://github.com/wa52/ai-customer-service/tree/main/data,synthetic_demo,false
DEMO-IMAGE-1873,ring,synthetic_demo,Synthetic demo metadata,https://github.com/wa52/ai-customer-service/tree/main/data,synthetic_demo,false
DEMO-IMAGE-1874,necklace,synthetic_demo,Synthetic demo metadata,https://github.com/wa52/ai-customer-service/tree/main/data,synthetic_demo,false
DEMO-IMAGE-1875,earring,synthetic_demo,Synthetic demo metadata,https://github.com/wa52/ai-customer-service/tree/main/data,synthetic_demo,false
DEMO-IMAGE-1876,bracelet,synthetic_demo,Synthetic demo metadata,https://github.com/wa52/ai-customer-service/tree/main/data,synthetic_demo,false
DEMO-IMAGE-1877,ring,synthetic_demo,Synthetic demo metadata,https://github.com/wa52/ai-customer-service/tree/main/data,synthetic_demo,false
DEMO-IMAGE-1878,necklace,synthetic_demo,Synthetic demo metadata,https://github.com/wa52/ai-customer-service/tree/main/data,synthetic_demo,false
DEMO-IMAGE-1879,earring,synthetic_demo,Synthetic demo metadata,https://github.com/wa52/ai-customer-service/tree/main/data,synthetic_demo,false
DEMO-IMAGE-1880,bracelet,synthetic_demo,Synthetic demo metadata,https://github.com/wa52/ai-customer-service/tree/main/data,synthetic_demo,false
DEMO-IMAGE-1881,ring,synthetic_demo,Synthetic demo metadata,https://github.com/wa52/ai-customer-service/tree/main/data,synthetic_demo,false
DEMO-IMAGE-1882,necklace,synthetic_demo,Synthetic demo metadata,https://github.com/wa52/ai-customer-service/tree/main/data,synthetic_demo,false
DEMO-IMAGE-1883,earring,synthetic_demo,Synthetic demo metadata,https://github.com/wa52/ai-customer-service/tree/main/data,synthetic_demo,false
DEMO-IMAGE-1884,bracelet,synthetic_demo,Synthetic demo metadata,https://github.com/wa52/ai-customer-service/tree/main/data,synthetic_demo,false
DEMO-IMAGE-1885,ring,synthetic_demo,Synthetic demo metadata,https://github.com/wa52/ai-customer-service/tree/main/data,synthetic_demo,false
DEMO-IMAGE-1886,necklace,synthetic_demo,Synthetic demo metadata,https://github.com/wa52/ai-customer-service/tree/main/data,synthetic_demo,false
DEMO-IMAGE-1887,earring,synthetic_demo,Synthetic demo metadata,https://github.com/wa52/ai-customer-service/tree/main/data,synthetic_demo,false
DEMO-IMAGE-1888,bracelet,synthetic_demo,Synthetic demo metadata,https://github.com/wa52/ai-customer-service/tree/main/data,synthetic_demo,false
DEMO-IMAGE-1889,ring,synthetic_demo,Synthetic demo metadata,https://github.com/wa52/ai-customer-service/tree/main/data,synthetic_demo,false
DEMO-IMAGE-1890,necklace,synthetic_demo,Synthetic demo metadata,https://github.com/wa52/ai-customer-service/tree/main/data,synthetic_demo,false
DEMO-IMAGE-1891,earring,synthetic_demo,Synthetic demo metadata,https://github.com/wa52/ai-customer-service/tree/main/data,synthetic_demo,false
DEMO-IMAGE-1892,bracelet,synthetic_demo,Synthetic demo metadata,https://github.com/wa52/ai-customer-service/tree/main/data,synthetic_demo,false
DEMO-IMAGE-1893,ring,synthetic_demo,Synthetic demo metadata,https://github.com/wa52/ai-customer-service/tree/main/data,synthetic_demo,false
DEMO-IMAGE-1894,necklace,synthetic_demo,Synthetic demo metadata,https://github.com/wa52/ai-customer-service/tree/main/data,synthetic_demo,false
DEMO-IMAGE-1895,earring,synthetic_demo,Synthetic demo metadata,https://github.com/wa52/ai-customer-service/tree/main/data,synthetic_demo,false
DEMO-IMAGE-1896,bracelet,synthetic_demo,Synthetic demo metadata,https://github.com/wa52/ai-customer-service/tree/main/data,synthetic_demo,false
DEMO-IMAGE-1897,ring,synthetic_demo,Synthetic demo metadata,https://github.com/wa52/ai-customer-service/tree/main/data,synthetic_demo,false
DEMO-IMAGE-1898,necklace,synthetic_demo,Synthetic demo metadata,https://github.com/wa52/ai-customer-service/tree/main/data,synthetic_demo,false
DEMO-IMAGE-1899,earring,synthetic_demo,Synthetic demo metadata,https://github.com/wa52/ai-customer-service/tree/main/data,synthetic_demo,false
DEMO-IMAGE-1900,bracelet,synthetic_demo,Synthetic demo metadata,https://github.com/wa52/ai-customer-service/tree/main/data,synthetic_demo,false
DEMO-IMAGE-1901,ring,synthetic_demo,Synthetic demo metadata,https://github.com/wa52/ai-customer-service/tree/main/data,synthetic_demo,false
DEMO-IMAGE-1902,necklace,synthetic_demo,Synthetic demo metadata,https://github.com/wa52/ai-customer-service/tree/main/data,synthetic_demo,false
DEMO-IMAGE-1903,earring,synthetic_demo,Synthetic demo metadata,https://github.com/wa52/ai-customer-service/tree/main/data,synthetic_demo,false
DEMO-IMAGE-1904,bracelet,synthetic_demo,Synthetic demo metadata,https://github.com/wa52/ai-customer-service/tree/main/data,synthetic_demo,false
DEMO-IMAGE-1905,ring,synthetic_demo,Synthetic demo metadata,https://github.com/wa52/ai-customer-service/tree/main/data,synthetic_demo,false
DEMO-IMAGE-1906,necklace,synthetic_demo,Synthetic demo metadata,https://github.com/wa52/ai-customer-service/tree/main/data,synthetic_demo,false
DEMO-IMAGE-1907,earring,synthetic_demo,Synthetic demo metadata,https://github.com/wa52/ai-customer-service/tree/main/data,synthetic_demo,false
DEMO-IMAGE-1908,bracelet,synthetic_demo,Synthetic demo metadata,https://github.com/wa52/ai-customer-service/tree/main/data,synthetic_demo,false
DEMO-IMAGE-1909,ring,synthetic_demo,Synthetic demo metadata,https://github.com/wa52/ai-customer-service/tree/main/data,synthetic_demo,false
DEMO-IMAGE-1910,necklace,synthetic_demo,Synthetic demo metadata,https://github.com/wa52/ai-customer-service/tree/main/data,synthetic_demo,false
DEMO-IMAGE-1911,earring,synthetic_demo,Synthetic demo metadata,https://github.com/wa52/ai-customer-service/tree/main/data,synthetic_demo,false
DEMO-IMAGE-1912,bracelet,synthetic_demo,Synthetic demo metadata,https://github.com/wa52/ai-customer-service/tree/main/data,synthetic_demo,false
DEMO-IMAGE-1913,ring,synthetic_demo,Synthetic demo metadata,https://github.com/wa52/ai-customer-service/tree/main/data,synthetic_demo,false
DEMO-IMAGE-1914,necklace,synthetic_demo,Synthetic demo metadata,https://github.com/wa52/ai-customer-service/tree/main/data,synthetic_demo,false
DEMO-IMAGE-1915,earring,synthetic_demo,Synthetic demo metadata,https://github.com/wa52/ai-customer-service/tree/main/data,synthetic_demo,false
DEMO-IMAGE-1916,bracelet,synthetic_demo,Synthetic demo metadata,https://github.com/wa52/ai-customer-service/tree/main/data,synthetic_demo,false
DEMO-IMAGE-1917,ring,synthetic_demo,Synthetic demo metadata,https://github.com/wa52/ai-customer-service/tree/main/data,synthetic_demo,false
DEMO-IMAGE-1918,necklace,synthetic_demo,Synthetic demo metadata,https://github.com/wa52/ai-customer-service/tree/main/data,synthetic_demo,false
DEMO-IMAGE-1919,earring,synthetic_demo,Synthetic demo metadata,https://github.com/wa52/ai-customer-service/tree/main/data,synthetic_demo,false
DEMO-IMAGE-1920,bracelet,synthetic_demo,Synthetic demo metadata,https://github.com/wa52/ai-customer-service/tree/main/data,synthetic_demo,false
DEMO-IMAGE-1921,ring,synthetic_demo,Synthetic demo metadata,https://github.com/wa52/ai-customer-service/tree/main/data,synthetic_demo,false
DEMO-IMAGE-1922,necklace,synthetic_demo,Synthetic demo metadata,https://github.com/wa52/ai-customer-service/tree/main/data,synthetic_demo,false
DEMO-IMAGE-1923,earring,synthetic_demo,Synthetic demo metadata,https://github.com/wa52/ai-customer-service/tree/main/data,synthetic_demo,false
DEMO-IMAGE-1924,bracelet,synthetic_demo,Synthetic demo metadata,https://github.com/wa52/ai-customer-service/tree/main/data,synthetic_demo,false
DEMO-IMAGE-1925,ring,synthetic_demo,Synthetic demo metadata,https://github.com/wa52/ai-customer-service/tree/main/data,synthetic_demo,false
DEMO-IMAGE-1926,necklace,synthetic_demo,Synthetic demo metadata,https://github.com/wa52/ai-customer-service/tree/main/data,synthetic_demo,false
DEMO-IMAGE-1927,earring,synthetic_demo,Synthetic demo metadata,https://github.com/wa52/ai-customer-service/tree/main/data,synthetic_demo,false
DEMO-IMAGE-1928,bracelet,synthetic_demo,Synthetic demo metadata,https://github.com/wa52/ai-customer-service/tree/main/data,synthetic_demo,false
DEMO-IMAGE-1929,ring,synthetic_demo,Synthetic demo metadata,https://github.com/wa52/ai-customer-service/tree/main/data,synthetic_demo,false
DEMO-IMAGE-1930,necklace,synthetic_demo,Synthetic demo metadata,https://github.com/wa52/ai-customer-service/tree/main/data,synthetic_demo,false
DEMO-IMAGE-1931,earring,synthetic_demo,Synthetic demo metadata,https://github.com/wa52/ai-customer-service/tree/main/data,synthetic_demo,false
DEMO-IMAGE-1932,bracelet,synthetic_demo,Synthetic demo metadata,https://github.com/wa52/ai-customer-service/tree/main/data,synthetic_demo,false
DEMO-IMAGE-1933,ring,synthetic_demo,Synthetic demo metadata,https://github.com/wa52/ai-customer-service/tree/main/data,synthetic_demo,false
DEMO-IMAGE-1934,necklace,synthetic_demo,Synthetic demo metadata,https://github.com/wa52/ai-customer-service/tree/main/data,synthetic_demo,false
DEMO-IMAGE-1935,earring,synthetic_demo,Synthetic demo metadata,https://github.com/wa52/ai-customer-service/tree/main/data,synthetic_demo,false
DEMO-IMAGE-1936,bracelet,synthetic_demo,Synthetic demo metadata,https://github.com/wa52/ai-customer-service/tree/main/data,synthetic_demo,false
DEMO-IMAGE-1937,ring,synthetic_demo,Synthetic demo metadata,https://github.com/wa52/ai-customer-service/tree/main/data,synthetic_demo,false
DEMO-IMAGE-1938,necklace,synthetic_demo,Synthetic demo metadata,https://github.com/wa52/ai-customer-service/tree/main/data,synthetic_demo,false
DEMO-IMAGE-1939,earring,synthetic_demo,Synthetic demo metadata,https://github.com/wa52/ai-customer-service/tree/main/data,synthetic_demo,false
DEMO-IMAGE-1940,bracelet,synthetic_demo,Synthetic demo metadata,https://github.com/wa52/ai-customer-service/tree/main/data,synthetic_demo,false
DEMO-IMAGE-1941,ring,synthetic_demo,Synthetic demo metadata,https://github.com/wa52/ai-customer-service/tree/main/data,synthetic_demo,false
DEMO-IMAGE-1942,necklace,synthetic_demo,Synthetic demo metadata,https://github.com/wa52/ai-customer-service/tree/main/data,synthetic_demo,false
DEMO-IMAGE-1943,earring,synthetic_demo,Synthetic demo metadata,https://github.com/wa52/ai-customer-service/tree/main/data,synthetic_demo,false
DEMO-IMAGE-1944,bracelet,synthetic_demo,Synthetic demo metadata,https://github.com/wa52/ai-customer-service/tree/main/data,synthetic_demo,false
DEMO-IMAGE-1945,ring,synthetic_demo,Synthetic demo metadata,https://github.com/wa52/ai-customer-service/tree/main/data,synthetic_demo,false
DEMO-IMAGE-1946,necklace,synthetic_demo,Synthetic demo metadata,https://github.com/wa52/ai-customer-service/tree/main/data,synthetic_demo,false
DEMO-IMAGE-1947,earring,synthetic_demo,Synthetic demo metadata,https://github.com/wa52/ai-customer-service/tree/main/data,synthetic_demo,false
DEMO-IMAGE-1948,bracelet,synthetic_demo,Synthetic demo metadata,https://github.com/wa52/ai-customer-service/tree/main/data,synthetic_demo,false
DEMO-IMAGE-1949,ring,synthetic_demo,Synthetic demo metadata,https://github.com/wa52/ai-customer-service/tree/main/data,synthetic_demo,false
DEMO-IMAGE-1950,necklace,synthetic_demo,Synthetic demo metadata,https://github.com/wa52/ai-customer-service/tree/main/data,synthetic_demo,false
DEMO-IMAGE-1951,earring,synthetic_demo,Synthetic demo metadata,https://github.com/wa52/ai-customer-service/tree/main/data,synthetic_demo,false
DEMO-IMAGE-1952,bracelet,synthetic_demo,Synthetic demo metadata,https://github.com/wa52/ai-customer-service/tree/main/data,synthetic_demo,false
DEMO-IMAGE-1953,ring,synthetic_demo,Synthetic demo metadata,https://github.com/wa52/ai-customer-service/tree/main/data,synthetic_demo,false
DEMO-IMAGE-1954,necklace,synthetic_demo,Synthetic demo metadata,https://github.com/wa52/ai-customer-service/tree/main/data,synthetic_demo,false
DEMO-IMAGE-1955,earring,synthetic_demo,Synthetic demo metadata,https://github.com/wa52/ai-customer-service/tree/main/data,synthetic_demo,false
DEMO-IMAGE-1956,bracelet,synthetic_demo,Synthetic demo metadata,https://github.com/wa52/ai-customer-service/tree/main/data,synthetic_demo,false
DEMO-IMAGE-1957,ring,synthetic_demo,Synthetic demo metadata,https://github.com/wa52/ai-customer-service/tree/main/data,synthetic_demo,false
DEMO-IMAGE-1958,necklace,synthetic_demo,Synthetic demo metadata,https://github.com/wa52/ai-customer-service/tree/main/data,synthetic_demo,false
DEMO-IMAGE-1959,earring,synthetic_demo,Synthetic demo metadata,https://github.com/wa52/ai-customer-service/tree/main/data,synthetic_demo,false
DEMO-IMAGE-1960,bracelet,synthetic_demo,Synthetic demo metadata,https://github.com/wa52/ai-customer-service/tree/main/data,synthetic_demo,false
DEMO-IMAGE-1961,ring,synthetic_demo,Synthetic demo metadata,https://github.com/wa52/ai-customer-service/tree/main/data,synthetic_demo,false
DEMO-IMAGE-1962,necklace,synthetic_demo,Synthetic demo metadata,https://github.com/wa52/ai-customer-service/tree/main/data,synthetic_demo,false
DEMO-IMAGE-1963,earring,synthetic_demo,Synthetic demo metadata,https://github.com/wa52/ai-customer-service/tree/main/data,synthetic_demo,false
DEMO-IMAGE-1964,bracelet,synthetic_demo,Synthetic demo metadata,https://github.com/wa52/ai-customer-service/tree/main/data,synthetic_demo,false
DEMO-IMAGE-1965,ring,synthetic_demo,Synthetic demo metadata,https://github.com/wa52/ai-customer-service/tree/main/data,synthetic_demo,false
DEMO-IMAGE-1966,necklace,synthetic_demo,Synthetic demo metadata,https://github.com/wa52/ai-customer-service/tree/main/data,synthetic_demo,false
DEMO-IMAGE-1967,earring,synthetic_demo,Synthetic demo metadata,https://github.com/wa52/ai-customer-service/tree/main/data,synthetic_demo,false
DEMO-IMAGE-1968,bracelet,synthetic_demo,Synthetic demo metadata,https://github.com/wa52/ai-customer-service/tree/main/data,synthetic_demo,false
DEMO-IMAGE-1969,ring,synthetic_demo,Synthetic demo metadata,https://github.com/wa52/ai-customer-service/tree/main/data,synthetic_demo,false
DEMO-IMAGE-1970,necklace,synthetic_demo,Synthetic demo metadata,https://github.com/wa52/ai-customer-service/tree/main/data,synthetic_demo,false
DEMO-IMAGE-1971,earring,synthetic_demo,Synthetic demo metadata,https://github.com/wa52/ai-customer-service/tree/main/data,synthetic_demo,false
DEMO-IMAGE-1972,bracelet,synthetic_demo,Synthetic demo metadata,https://github.com/wa52/ai-customer-service/tree/main/data,synthetic_demo,false
DEMO-IMAGE-1973,ring,synthetic_demo,Synthetic demo metadata,https://github.com/wa52/ai-customer-service/tree/main/data,synthetic_demo,false
DEMO-IMAGE-1974,necklace,synthetic_demo,Synthetic demo metadata,https://github.com/wa52/ai-customer-service/tree/main/data,synthetic_demo,false
DEMO-IMAGE-1975,earring,synthetic_demo,Synthetic demo metadata,https://github.com/wa52/ai-customer-service/tree/main/data,synthetic_demo,false
DEMO-IMAGE-1976,bracelet,synthetic_demo,Synthetic demo metadata,https://github.com/wa52/ai-customer-service/tree/main/data,synthetic_demo,false
DEMO-IMAGE-1977,ring,synthetic_demo,Synthetic demo metadata,https://github.com/wa52/ai-customer-service/tree/main/data,synthetic_demo,false
DEMO-IMAGE-1978,necklace,synthetic_demo,Synthetic demo metadata,https://github.com/wa52/ai-customer-service/tree/main/data,synthetic_demo,false
DEMO-IMAGE-1979,earring,synthetic_demo,Synthetic demo metadata,https://github.com/wa52/ai-customer-service/tree/main/data,synthetic_demo,false
DEMO-IMAGE-1980,bracelet,synthetic_demo,Synthetic demo metadata,https://github.com/wa52/ai-customer-service/tree/main/data,synthetic_demo,false
DEMO-IMAGE-1981,ring,synthetic_demo,Synthetic demo metadata,https://github.com/wa52/ai-customer-service/tree/main/data,synthetic_demo,false
DEMO-IMAGE-1982,necklace,synthetic_demo,Synthetic demo metadata,https://github.com/wa52/ai-customer-service/tree/main/data,synthetic_demo,false
DEMO-IMAGE-1983,earring,synthetic_demo,Synthetic demo metadata,https://github.com/wa52/ai-customer-service/tree/main/data,synthetic_demo,false
DEMO-IMAGE-1984,bracelet,synthetic_demo,Synthetic demo metadata,https://github.com/wa52/ai-customer-service/tree/main/data,synthetic_demo,false
DEMO-IMAGE-1985,ring,synthetic_demo,Synthetic demo metadata,https://github.com/wa52/ai-customer-service/tree/main/data,synthetic_demo,false
DEMO-IMAGE-1986,necklace,synthetic_demo,Synthetic demo metadata,https://github.com/wa52/ai-customer-service/tree/main/data,synthetic_demo,false
DEMO-IMAGE-1987,earring,synthetic_demo,Synthetic demo metadata,https://github.com/wa52/ai-customer-service/tree/main/data,synthetic_demo,false
DEMO-IMAGE-1988,bracelet,synthetic_demo,Synthetic demo metadata,https://github.com/wa52/ai-customer-service/tree/main/data,synthetic_demo,false
DEMO-IMAGE-1989,ring,synthetic_demo,Synthetic demo metadata,https://github.com/wa52/ai-customer-service/tree/main/data,synthetic_demo,false
DEMO-IMAGE-1990,necklace,synthetic_demo,Synthetic demo metadata,https://github.com/wa52/ai-customer-service/tree/main/data,synthetic_demo,false
DEMO-IMAGE-1991,earring,synthetic_demo,Synthetic demo metadata,https://github.com/wa52/ai-customer-service/tree/main/data,synthetic_demo,false
DEMO-IMAGE-1992,bracelet,synthetic_demo,Synthetic demo metadata,https://github.com/wa52/ai-customer-service/tree/main/data,synthetic_demo,false
DEMO-IMAGE-1993,ring,synthetic_demo,Synthetic demo metadata,https://github.com/wa52/ai-customer-service/tree/main/data,synthetic_demo,false
DEMO-IMAGE-1994,necklace,synthetic_demo,Synthetic demo metadata,https://github.com/wa52/ai-customer-service/tree/main/data,synthetic_demo,false
DEMO-IMAGE-1995,earring,synthetic_demo,Synthetic demo metadata,https://github.com/wa52/ai-customer-service/tree/main/data,synthetic_demo,false
DEMO-IMAGE-1996,bracelet,synthetic_demo,Synthetic demo metadata,https://github.com/wa52/ai-customer-service/tree/main/data,synthetic_demo,false
DEMO-IMAGE-1997,ring,synthetic_demo,Synthetic demo metadata,https://github.com/wa52/ai-customer-service/tree/main/data,synthetic_demo,false
DEMO-IMAGE-1998,necklace,synthetic_demo,Synthetic demo metadata,https://github.com/wa52/ai-customer-service/tree/main/data,synthetic_demo,false
DEMO-IMAGE-1999,earring,synthetic_demo,Synthetic demo metadata,https://github.com/wa52/ai-customer-service/tree/main/data,synthetic_demo,false
DEMO-IMAGE-2000,bracelet,synthetic_demo,Synthetic demo metadata,https://github.com/wa52/ai-customer-service/tree/main/data,synthetic_demo,false
DEMO-IMAGE-2001,ring,synthetic_demo,Synthetic demo metadata,https://github.com/wa52/ai-customer-service/tree/main/data,synthetic_demo,false
DEMO-IMAGE-2002,necklace,synthetic_demo,Synthetic demo metadata,https://github.com/wa52/ai-customer-service/tree/main/data,synthetic_demo,false
DEMO-IMAGE-2003,earring,synthetic_demo,Synthetic demo metadata,https://github.com/wa52/ai-customer-service/tree/main/data,synthetic_demo,false
DEMO-IMAGE-2004,bracelet,synthetic_demo,Synthetic demo metadata,https://github.com/wa52/ai-customer-service/tree/main/data,synthetic_demo,false
DEMO-IMAGE-2005,ring,synthetic_demo,Synthetic demo metadata,https://github.com/wa52/ai-customer-service/tree/main/data,synthetic_demo,false
DEMO-IMAGE-2006,necklace,synthetic_demo,Synthetic demo metadata,https://github.com/wa52/ai-customer-service/tree/main/data,synthetic_demo,false
DEMO-IMAGE-2007,earring,synthetic_demo,Synthetic demo metadata,https://github.com/wa52/ai-customer-service/tree/main/data,synthetic_demo,false
DEMO-IMAGE-2008,bracelet,synthetic_demo,Synthetic demo metadata,https://github.com/wa52/ai-customer-service/tree/main/data,synthetic_demo,false
DEMO-IMAGE-2009,ring,synthetic_demo,Synthetic demo metadata,https://github.com/wa52/ai-customer-service/tree/main/data,synthetic_demo,false
DEMO-IMAGE-2010,necklace,synthetic_demo,Synthetic demo metadata,https://github.com/wa52/ai-customer-service/tree/main/data,synthetic_demo,false
DEMO-IMAGE-2011,earring,synthetic_demo,Synthetic demo metadata,https://github.com/wa52/ai-customer-service/tree/main/data,synthetic_demo,false
DEMO-IMAGE-2012,bracelet,synthetic_demo,Synthetic demo metadata,https://github.com/wa52/ai-customer-service/tree/main/data,synthetic_demo,false
DEMO-IMAGE-2013,ring,synthetic_demo,Synthetic demo metadata,https://github.com/wa52/ai-customer-service/tree/main/data,synthetic_demo,false
DEMO-IMAGE-2014,necklace,synthetic_demo,Synthetic demo metadata,https://github.com/wa52/ai-customer-service/tree/main/data,synthetic_demo,false
DEMO-IMAGE-2015,earring,synthetic_demo,Synthetic demo metadata,https://github.com/wa52/ai-customer-service/tree/main/data,synthetic_demo,false
DEMO-IMAGE-2016,bracelet,synthetic_demo,Synthetic demo metadata,https://github.com/wa52/ai-customer-service/tree/main/data,synthetic_demo,false
DEMO-IMAGE-2017,ring,synthetic_demo,Synthetic demo metadata,https://github.com/wa52/ai-customer-service/tree/main/data,synthetic_demo,false
DEMO-IMAGE-2018,necklace,synthetic_demo,Synthetic demo metadata,https://github.com/wa52/ai-customer-service/tree/main/data,synthetic_demo,false
DEMO-IMAGE-2019,earring,synthetic_demo,Synthetic demo metadata,https://github.com/wa52/ai-customer-service/tree/main/data,synthetic_demo,false
DEMO-IMAGE-2020,bracelet,synthetic_demo,Synthetic demo metadata,https://github.com/wa52/ai-customer-service/tree/main/data,synthetic_demo,false
DEMO-IMAGE-2021,ring,synthetic_demo,Synthetic demo metadata,https://github.com/wa52/ai-customer-service/tree/main/data,synthetic_demo,false
DEMO-IMAGE-2022,necklace,synthetic_demo,Synthetic demo metadata,https://github.com/wa52/ai-customer-service/tree/main/data,synthetic_demo,false
DEMO-IMAGE-2023,earring,synthetic_demo,Synthetic demo metadata,https://github.com/wa52/ai-customer-service/tree/main/data,synthetic_demo,false
DEMO-IMAGE-2024,bracelet,synthetic_demo,Synthetic demo metadata,https://github.com/wa52/ai-customer-service/tree/main/data,synthetic_demo,false
DEMO-IMAGE-2025,ring,synthetic_demo,Synthetic demo metadata,https://github.com/wa52/ai-customer-service/tree/main/data,synthetic_demo,false
DEMO-IMAGE-2026,necklace,synthetic_demo,Synthetic demo metadata,https://github.com/wa52/ai-customer-service/tree/main/data,synthetic_demo,false
DEMO-IMAGE-2027,earring,synthetic_demo,Synthetic demo metadata,https://github.com/wa52/ai-customer-service/tree/main/data,synthetic_demo,false
DEMO-IMAGE-2028,bracelet,synthetic_demo,Synthetic demo metadata,https://github.com/wa52/ai-customer-service/tree/main/data,synthetic_demo,false
DEMO-IMAGE-2029,ring,synthetic_demo,Synthetic demo metadata,https://github.com/wa52/ai-customer-service/tree/main/data,synthetic_demo,false
DEMO-IMAGE-2030,necklace,synthetic_demo,Synthetic demo metadata,https://github.com/wa52/ai-customer-service/tree/main/data,synthetic_demo,false
DEMO-IMAGE-2031,earring,synthetic_demo,Synthetic demo metadata,https://github.com/wa52/ai-customer-service/tree/main/data,synthetic_demo,false
DEMO-IMAGE-2032,bracelet,synthetic_demo,Synthetic demo metadata,https://github.com/wa52/ai-customer-service/tree/main/data,synthetic_demo,false
DEMO-IMAGE-2033,ring,synthetic_demo,Synthetic demo metadata,https://github.com/wa52/ai-customer-service/tree/main/data,synthetic_demo,false
DEMO-IMAGE-2034,necklace,synthetic_demo,Synthetic demo metadata,https://github.com/wa52/ai-customer-service/tree/main/data,synthetic_demo,false
DEMO-IMAGE-2035,earring,synthetic_demo,Synthetic demo metadata,https://github.com/wa52/ai-customer-service/tree/main/data,synthetic_demo,false
DEMO-IMAGE-2036,bracelet,synthetic_demo,Synthetic demo metadata,https://github.com/wa52/ai-customer-service/tree/main/data,synthetic_demo,false
DEMO-IMAGE-2037,ring,synthetic_demo,Synthetic demo metadata,https://github.com/wa52/ai-customer-service/tree/main/data,synthetic_demo,false
DEMO-IMAGE-2038,necklace,synthetic_demo,Synthetic demo metadata,https://github.com/wa52/ai-customer-service/tree/main/data,synthetic_demo,false
DEMO-IMAGE-2039,earring,synthetic_demo,Synthetic demo metadata,https://github.com/wa52/ai-customer-service/tree/main/data,synthetic_demo,false
DEMO-IMAGE-2040,bracelet,synthetic_demo,Synthetic demo metadata,https://github.com/wa52/ai-customer-service/tree/main/data,synthetic_demo,false
DEMO-IMAGE-2041,ring,synthetic_demo,Synthetic demo metadata,https://github.com/wa52/ai-customer-service/tree/main/data,synthetic_demo,false
DEMO-IMAGE-2042,necklace,synthetic_demo,Synthetic demo metadata,https://github.com/wa52/ai-customer-service/tree/main/data,synthetic_demo,false
DEMO-IMAGE-2043,earring,synthetic_demo,Synthetic demo metadata,https://github.com/wa52/ai-customer-service/tree/main/data,synthetic_demo,false
DEMO-IMAGE-2044,bracelet,synthetic_demo,Synthetic demo metadata,https://github.com/wa52/ai-customer-service/tree/main/data,synthetic_demo,false
DEMO-IMAGE-2045,ring,synthetic_demo,Synthetic demo metadata,https://github.com/wa52/ai-customer-service/tree/main/data,synthetic_demo,false
DEMO-IMAGE-2046,necklace,synthetic_demo,Synthetic demo metadata,https://github.com/wa52/ai-customer-service/tree/main/data,synthetic_demo,false
DEMO-IMAGE-2047,earring,synthetic_demo,Synthetic demo metadata,https://github.com/wa52/ai-customer-service/tree/main/data,synthetic_demo,false
DEMO-IMAGE-2048,bracelet,synthetic_demo,Synthetic demo metadata,https://github.com/wa52/ai-customer-service/tree/main/data,synthetic_demo,false
DEMO-IMAGE-2049,ring,synthetic_demo,Synthetic demo metadata,https://github.com/wa52/ai-customer-service/tree/main/data,synthetic_demo,false
DEMO-IMAGE-2050,necklace,synthetic_demo,Synthetic demo metadata,https://github.com/wa52/ai-customer-service/tree/main/data,synthetic_demo,false
DEMO-IMAGE-2051,earring,synthetic_demo,Synthetic demo metadata,https://github.com/wa52/ai-customer-service/tree/main/data,synthetic_demo,false
DEMO-IMAGE-2052,bracelet,synthetic_demo,Synthetic demo metadata,https://github.com/wa52/ai-customer-service/tree/main/data,synthetic_demo,false
DEMO-IMAGE-2053,ring,synthetic_demo,Synthetic demo metadata,https://github.com/wa52/ai-customer-service/tree/main/data,synthetic_demo,false
DEMO-IMAGE-2054,necklace,synthetic_demo,Synthetic demo metadata,https://github.com/wa52/ai-customer-service/tree/main/data,synthetic_demo,false
DEMO-IMAGE-2055,earring,synthetic_demo,Synthetic demo metadata,https://github.com/wa52/ai-customer-service/tree/main/data,synthetic_demo,false
DEMO-IMAGE-2056,bracelet,synthetic_demo,Synthetic demo metadata,https://github.com/wa52/ai-customer-service/tree/main/data,synthetic_demo,false
DEMO-IMAGE-2057,ring,synthetic_demo,Synthetic demo metadata,https://github.com/wa52/ai-customer-service/tree/main/data,synthetic_demo,false
DEMO-IMAGE-2058,necklace,synthetic_demo,Synthetic demo metadata,https://github.com/wa52/ai-customer-service/tree/main/data,synthetic_demo,false
DEMO-IMAGE-2059,earring,synthetic_demo,Synthetic demo metadata,https://github.com/wa52/ai-customer-service/tree/main/data,synthetic_demo,false
DEMO-IMAGE-2060,bracelet,synthetic_demo,Synthetic demo metadata,https://github.com/wa52/ai-customer-service/tree/main/data,synthetic_demo,false
DEMO-IMAGE-2061,ring,synthetic_demo,Synthetic demo metadata,https://github.com/wa52/ai-customer-service/tree/main/data,synthetic_demo,false
DEMO-IMAGE-2062,necklace,synthetic_demo,Synthetic demo metadata,https://github.com/wa52/ai-customer-service/tree/main/data,synthetic_demo,false
DEMO-IMAGE-2063,earring,synthetic_demo,Synthetic demo metadata,https://github.com/wa52/ai-customer-service/tree/main/data,synthetic_demo,false
DEMO-IMAGE-2064,bracelet,synthetic_demo,Synthetic demo metadata,https://github.com/wa52/ai-customer-service/tree/main/data,synthetic_demo,false
DEMO-IMAGE-2065,ring,synthetic_demo,Synthetic demo metadata,https://github.com/wa52/ai-customer-service/tree/main/data,synthetic_demo,false
DEMO-IMAGE-2066,necklace,synthetic_demo,Synthetic demo metadata,https://github.com/wa52/ai-customer-service/tree/main/data,synthetic_demo,false
DEMO-IMAGE-2067,earring,synthetic_demo,Synthetic demo metadata,https://github.com/wa52/ai-customer-service/tree/main/data,synthetic_demo,false
DEMO-IMAGE-2068,bracelet,synthetic_demo,Synthetic demo metadata,https://github.com/wa52/ai-customer-service/tree/main/data,synthetic_demo,false
DEMO-IMAGE-2069,ring,synthetic_demo,Synthetic demo metadata,https://github.com/wa52/ai-customer-service/tree/main/data,synthetic_demo,false
DEMO-IMAGE-2070,necklace,synthetic_demo,Synthetic demo metadata,https://github.com/wa52/ai-customer-service/tree/main/data,synthetic_demo,false
DEMO-IMAGE-2071,earring,synthetic_demo,Synthetic demo metadata,https://github.com/wa52/ai-customer-service/tree/main/data,synthetic_demo,false
DEMO-IMAGE-2072,bracelet,synthetic_demo,Synthetic demo metadata,https://github.com/wa52/ai-customer-service/tree/main/data,synthetic_demo,false
DEMO-IMAGE-2073,ring,synthetic_demo,Synthetic demo metadata,https://github.com/wa52/ai-customer-service/tree/main/data,synthetic_demo,false
DEMO-IMAGE-2074,necklace,synthetic_demo,Synthetic demo metadata,https://github.com/wa52/ai-customer-service/tree/main/data,synthetic_demo,false
DEMO-IMAGE-2075,earring,synthetic_demo,Synthetic demo metadata,https://github.com/wa52/ai-customer-service/tree/main/data,synthetic_demo,false
DEMO-IMAGE-2076,bracelet,synthetic_demo,Synthetic demo metadata,https://github.com/wa52/ai-customer-service/tree/main/data,synthetic_demo,false
DEMO-IMAGE-2077,ring,synthetic_demo,Synthetic demo metadata,https://github.com/wa52/ai-customer-service/tree/main/data,synthetic_demo,false
DEMO-IMAGE-2078,necklace,synthetic_demo,Synthetic demo metadata,https://github.com/wa52/ai-customer-service/tree/main/data,synthetic_demo,false
DEMO-IMAGE-2079,earring,synthetic_demo,Synthetic demo metadata,https://github.com/wa52/ai-customer-service/tree/main/data,synthetic_demo,false
DEMO-IMAGE-2080,bracelet,synthetic_demo,Synthetic demo metadata,https://github.com/wa52/ai-customer-service/tree/main/data,synthetic_demo,false
DEMO-IMAGE-2081,ring,synthetic_demo,Synthetic demo metadata,https://github.com/wa52/ai-customer-service/tree/main/data,synthetic_demo,false
DEMO-IMAGE-2082,necklace,synthetic_demo,Synthetic demo metadata,https://github.com/wa52/ai-customer-service/tree/main/data,synthetic_demo,false
DEMO-IMAGE-2083,earring,synthetic_demo,Synthetic demo metadata,https://github.com/wa52/ai-customer-service/tree/main/data,synthetic_demo,false
DEMO-IMAGE-2084,bracelet,synthetic_demo,Synthetic demo metadata,https://github.com/wa52/ai-customer-service/tree/main/data,synthetic_demo,false
DEMO-IMAGE-2085,ring,synthetic_demo,Synthetic demo metadata,https://github.com/wa52/ai-customer-service/tree/main/data,synthetic_demo,false
DEMO-IMAGE-2086,necklace,synthetic_demo,Synthetic demo metadata,https://github.com/wa52/ai-customer-service/tree/main/data,synthetic_demo,false
DEMO-IMAGE-2087,earring,synthetic_demo,Synthetic demo metadata,https://github.com/wa52/ai-customer-service/tree/main/data,synthetic_demo,false
DEMO-IMAGE-2088,bracelet,synthetic_demo,Synthetic demo metadata,https://github.com/wa52/ai-customer-service/tree/main/data,synthetic_demo,false
DEMO-IMAGE-2089,ring,synthetic_demo,Synthetic demo metadata,https://github.com/wa52/ai-customer-service/tree/main/data,synthetic_demo,false
DEMO-IMAGE-2090,necklace,synthetic_demo,Synthetic demo metadata,https://github.com/wa52/ai-customer-service/tree/main/data,synthetic_demo,false
DEMO-IMAGE-2091,earring,synthetic_demo,Synthetic demo metadata,https://github.com/wa52/ai-customer-service/tree/main/data,synthetic_demo,false
DEMO-IMAGE-2092,bracelet,synthetic_demo,Synthetic demo metadata,https://github.com/wa52/ai-customer-service/tree/main/data,synthetic_demo,false
DEMO-IMAGE-2093,ring,synthetic_demo,Synthetic demo metadata,https://github.com/wa52/ai-customer-service/tree/main/data,synthetic_demo,false
DEMO-IMAGE-2094,necklace,synthetic_demo,Synthetic demo metadata,https://github.com/wa52/ai-customer-service/tree/main/data,synthetic_demo,false
DEMO-IMAGE-2095,earring,synthetic_demo,Synthetic demo metadata,https://github.com/wa52/ai-customer-service/tree/main/data,synthetic_demo,false
DEMO-IMAGE-2096,bracelet,synthetic_demo,Synthetic demo metadata,https://github.com/wa52/ai-customer-service/tree/main/data,synthetic_demo,false
DEMO-IMAGE-2097,ring,synthetic_demo,Synthetic demo metadata,https://github.com/wa52/ai-customer-service/tree/main/data,synthetic_demo,false
DEMO-IMAGE-2098,necklace,synthetic_demo,Synthetic demo metadata,https://github.com/wa52/ai-customer-service/tree/main/data,synthetic_demo,false
DEMO-IMAGE-2099,earring,synthetic_demo,Synthetic demo metadata,https://github.com/wa52/ai-customer-service/tree/main/data,synthetic_demo,false
DEMO-IMAGE-2100,bracelet,synthetic_demo,Synthetic demo metadata,https://github.com/wa52/ai-customer-service/tree/main/data,synthetic_demo,false
DEMO-IMAGE-2101,ring,synthetic_demo,Synthetic demo metadata,https://github.com/wa52/ai-customer-service/tree/main/data,synthetic_demo,false
DEMO-IMAGE-2102,necklace,synthetic_demo,Synthetic demo metadata,https://github.com/wa52/ai-customer-service/tree/main/data,synthetic_demo,false
DEMO-IMAGE-2103,earring,synthetic_demo,Synthetic demo metadata,https://github.com/wa52/ai-customer-service/tree/main/data,synthetic_demo,false
DEMO-IMAGE-2104,bracelet,synthetic_demo,Synthetic demo metadata,https://github.com/wa52/ai-customer-service/tree/main/data,synthetic_demo,false
DEMO-IMAGE-2105,ring,synthetic_demo,Synthetic demo metadata,https://github.com/wa52/ai-customer-service/tree/main/data,synthetic_demo,false
DEMO-IMAGE-2106,necklace,synthetic_demo,Synthetic demo metadata,https://github.com/wa52/ai-customer-service/tree/main/data,synthetic_demo,false
DEMO-IMAGE-2107,earring,synthetic_demo,Synthetic demo metadata,https://github.com/wa52/ai-customer-service/tree/main/data,synthetic_demo,false
DEMO-IMAGE-2108,bracelet,synthetic_demo,Synthetic demo metadata,https://github.com/wa52/ai-customer-service/tree/main/data,synthetic_demo,false
DEMO-IMAGE-2109,ring,synthetic_demo,Synthetic demo metadata,https://github.com/wa52/ai-customer-service/tree/main/data,synthetic_demo,false
DEMO-IMAGE-2110,necklace,synthetic_demo,Synthetic demo metadata,https://github.com/wa52/ai-customer-service/tree/main/data,synthetic_demo,false
DEMO-IMAGE-2111,earring,synthetic_demo,Synthetic demo metadata,https://github.com/wa52/ai-customer-service/tree/main/data,synthetic_demo,false
DEMO-IMAGE-2112,bracelet,synthetic_demo,Synthetic demo metadata,https://github.com/wa52/ai-customer-service/tree/main/data,synthetic_demo,false
DEMO-IMAGE-2113,ring,synthetic_demo,Synthetic demo metadata,https://github.com/wa52/ai-customer-service/tree/main/data,synthetic_demo,false
DEMO-IMAGE-2114,necklace,synthetic_demo,Synthetic demo metadata,https://github.com/wa52/ai-customer-service/tree/main/data,synthetic_demo,false
DEMO-IMAGE-2115,earring,synthetic_demo,Synthetic demo metadata,https://github.com/wa52/ai-customer-service/tree/main/data,synthetic_demo,false
DEMO-IMAGE-2116,bracelet,synthetic_demo,Synthetic demo metadata,https://github.com/wa52/ai-customer-service/tree/main/data,synthetic_demo,false
DEMO-IMAGE-2117,ring,synthetic_demo,Synthetic demo metadata,https://github.com/wa52/ai-customer-service/tree/main/data,synthetic_demo,false
DEMO-IMAGE-2118,necklace,synthetic_demo,Synthetic demo metadata,https://github.com/wa52/ai-customer-service/tree/main/data,synthetic_demo,false
DEMO-IMAGE-2119,earring,synthetic_demo,Synthetic demo metadata,https://github.com/wa52/ai-customer-service/tree/main/data,synthetic_demo,false
DEMO-IMAGE-2120,bracelet,synthetic_demo,Synthetic demo metadata,https://github.com/wa52/ai-customer-service/tree/main/data,synthetic_demo,false
DEMO-IMAGE-2121,ring,synthetic_demo,Synthetic demo metadata,https://github.com/wa52/ai-customer-service/tree/main/data,synthetic_demo,false
DEMO-IMAGE-2122,necklace,synthetic_demo,Synthetic demo metadata,https://github.com/wa52/ai-customer-service/tree/main/data,synthetic_demo,false
DEMO-IMAGE-2123,earring,synthetic_demo,Synthetic demo metadata,https://github.com/wa52/ai-customer-service/tree/main/data,synthetic_demo,false
DEMO-IMAGE-2124,bracelet,synthetic_demo,Synthetic demo metadata,https://github.com/wa52/ai-customer-service/tree/main/data,synthetic_demo,false
DEMO-IMAGE-2125,ring,synthetic_demo,Synthetic demo metadata,https://github.com/wa52/ai-customer-service/tree/main/data,synthetic_demo,false
DEMO-IMAGE-2126,necklace,synthetic_demo,Synthetic demo metadata,https://github.com/wa52/ai-customer-service/tree/main/data,synthetic_demo,false
DEMO-IMAGE-2127,earring,synthetic_demo,Synthetic demo metadata,https://github.com/wa52/ai-customer-service/tree/main/data,synthetic_demo,false
DEMO-IMAGE-2128,bracelet,synthetic_demo,Synthetic demo metadata,https://github.com/wa52/ai-customer-service/tree/main/data,synthetic_demo,false
DEMO-IMAGE-2129,ring,synthetic_demo,Synthetic demo metadata,https://github.com/wa52/ai-customer-service/tree/main/data,synthetic_demo,false
DEMO-IMAGE-2130,necklace,synthetic_demo,Synthetic demo metadata,https://github.com/wa52/ai-customer-service/tree/main/data,synthetic_demo,false
DEMO-IMAGE-2131,earring,synthetic_demo,Synthetic demo metadata,https://github.com/wa52/ai-customer-service/tree/main/data,synthetic_demo,false
DEMO-IMAGE-2132,bracelet,synthetic_demo,Synthetic demo metadata,https://github.com/wa52/ai-customer-service/tree/main/data,synthetic_demo,false
DEMO-IMAGE-2133,ring,synthetic_demo,Synthetic demo metadata,https://github.com/wa52/ai-customer-service/tree/main/data,synthetic_demo,false
DEMO-IMAGE-2134,necklace,synthetic_demo,Synthetic demo metadata,https://github.com/wa52/ai-customer-service/tree/main/data,synthetic_demo,false
DEMO-IMAGE-2135,earring,synthetic_demo,Synthetic demo metadata,https://github.com/wa52/ai-customer-service/tree/main/data,synthetic_demo,false
DEMO-IMAGE-2136,bracelet,synthetic_demo,Synthetic demo metadata,https://github.com/wa52/ai-customer-service/tree/main/data,synthetic_demo,false
DEMO-IMAGE-2137,ring,synthetic_demo,Synthetic demo metadata,https://github.com/wa52/ai-customer-service/tree/main/data,synthetic_demo,false
DEMO-IMAGE-2138,necklace,synthetic_demo,Synthetic demo metadata,https://github.com/wa52/ai-customer-service/tree/main/data,synthetic_demo,false
DEMO-IMAGE-2139,earring,synthetic_demo,Synthetic demo metadata,https://github.com/wa52/ai-customer-service/tree/main/data,synthetic_demo,false
DEMO-IMAGE-2140,bracelet,synthetic_demo,Synthetic demo metadata,https://github.com/wa52/ai-customer-service/tree/main/data,synthetic_demo,false
DEMO-IMAGE-2141,ring,synthetic_demo,Synthetic demo metadata,https://github.com/wa52/ai-customer-service/tree/main/data,synthetic_demo,false
DEMO-IMAGE-2142,necklace,synthetic_demo,Synthetic demo metadata,https://github.com/wa52/ai-customer-service/tree/main/data,synthetic_demo,false
DEMO-IMAGE-2143,earring,synthetic_demo,Synthetic demo metadata,https://github.com/wa52/ai-customer-service/tree/main/data,synthetic_demo,false
DEMO-IMAGE-2144,bracelet,synthetic_demo,Synthetic demo metadata,https://github.com/wa52/ai-customer-service/tree/main/data,synthetic_demo,false
DEMO-IMAGE-2145,ring,synthetic_demo,Synthetic demo metadata,https://github.com/wa52/ai-customer-service/tree/main/data,synthetic_demo,false
DEMO-IMAGE-2146,necklace,synthetic_demo,Synthetic demo metadata,https://github.com/wa52/ai-customer-service/tree/main/data,synthetic_demo,false
DEMO-IMAGE-2147,earring,synthetic_demo,Synthetic demo metadata,https://github.com/wa52/ai-customer-service/tree/main/data,synthetic_demo,false
DEMO-IMAGE-2148,bracelet,synthetic_demo,Synthetic demo metadata,https://github.com/wa52/ai-customer-service/tree/main/data,synthetic_demo,false
DEMO-IMAGE-2149,ring,synthetic_demo,Synthetic demo metadata,https://github.com/wa52/ai-customer-service/tree/main/data,synthetic_demo,false
DEMO-IMAGE-2150,necklace,synthetic_demo,Synthetic demo metadata,https://github.com/wa52/ai-customer-service/tree/main/data,synthetic_demo,false
DEMO-IMAGE-2151,earring,synthetic_demo,Synthetic demo metadata,https://github.com/wa52/ai-customer-service/tree/main/data,synthetic_demo,false
DEMO-IMAGE-2152,bracelet,synthetic_demo,Synthetic demo metadata,https://github.com/wa52/ai-customer-service/tree/main/data,synthetic_demo,false
DEMO-IMAGE-2153,ring,synthetic_demo,Synthetic demo metadata,https://github.com/wa52/ai-customer-service/tree/main/data,synthetic_demo,false
DEMO-IMAGE-2154,necklace,synthetic_demo,Synthetic demo metadata,https://github.com/wa52/ai-customer-service/tree/main/data,synthetic_demo,false
DEMO-IMAGE-2155,earring,synthetic_demo,Synthetic demo metadata,https://github.com/wa52/ai-customer-service/tree/main/data,synthetic_demo,false
DEMO-IMAGE-2156,bracelet,synthetic_demo,Synthetic demo metadata,https://github.com/wa52/ai-customer-service/tree/main/data,synthetic_demo,false
DEMO-IMAGE-2157,ring,synthetic_demo,Synthetic demo metadata,https://github.com/wa52/ai-customer-service/tree/main/data,synthetic_demo,false
DEMO-IMAGE-2158,necklace,synthetic_demo,Synthetic demo metadata,https://github.com/wa52/ai-customer-service/tree/main/data,synthetic_demo,false
DEMO-IMAGE-2159,earring,synthetic_demo,Synthetic demo metadata,https://github.com/wa52/ai-customer-service/tree/main/data,synthetic_demo,false
DEMO-IMAGE-2160,bracelet,synthetic_demo,Synthetic demo metadata,https://github.com/wa52/ai-customer-service/tree/main/data,synthetic_demo,false
DEMO-IMAGE-2161,ring,synthetic_demo,Synthetic demo metadata,https://github.com/wa52/ai-customer-service/tree/main/data,synthetic_demo,false
DEMO-IMAGE-2162,necklace,synthetic_demo,Synthetic demo metadata,https://github.com/wa52/ai-customer-service/tree/main/data,synthetic_demo,false
DEMO-IMAGE-2163,earring,synthetic_demo,Synthetic demo metadata,https://github.com/wa52/ai-customer-service/tree/main/data,synthetic_demo,false
DEMO-IMAGE-2164,bracelet,synthetic_demo,Synthetic demo metadata,https://github.com/wa52/ai-customer-service/tree/main/data,synthetic_demo,false
DEMO-IMAGE-2165,ring,synthetic_demo,Synthetic demo metadata,https://github.com/wa52/ai-customer-service/tree/main/data,synthetic_demo,false
DEMO-IMAGE-2166,necklace,synthetic_demo,Synthetic demo metadata,https://github.com/wa52/ai-customer-service/tree/main/data,synthetic_demo,false
DEMO-IMAGE-2167,earring,synthetic_demo,Synthetic demo metadata,https://github.com/wa52/ai-customer-service/tree/main/data,synthetic_demo,false
DEMO-IMAGE-2168,bracelet,synthetic_demo,Synthetic demo metadata,https://github.com/wa52/ai-customer-service/tree/main/data,synthetic_demo,false
DEMO-IMAGE-2169,ring,synthetic_demo,Synthetic demo metadata,https://github.com/wa52/ai-customer-service/tree/main/data,synthetic_demo,false
DEMO-IMAGE-2170,necklace,synthetic_demo,Synthetic demo metadata,https://github.com/wa52/ai-customer-service/tree/main/data,synthetic_demo,false
DEMO-IMAGE-2171,earring,synthetic_demo,Synthetic demo metadata,https://github.com/wa52/ai-customer-service/tree/main/data,synthetic_demo,false
DEMO-IMAGE-2172,bracelet,synthetic_demo,Synthetic demo metadata,https://github.com/wa52/ai-customer-service/tree/main/data,synthetic_demo,false
DEMO-IMAGE-2173,ring,synthetic_demo,Synthetic demo metadata,https://github.com/wa52/ai-customer-service/tree/main/data,synthetic_demo,false
DEMO-IMAGE-2174,necklace,synthetic_demo,Synthetic demo metadata,https://github.com/wa52/ai-customer-service/tree/main/data,synthetic_demo,false
DEMO-IMAGE-2175,earring,synthetic_demo,Synthetic demo metadata,https://github.com/wa52/ai-customer-service/tree/main/data,synthetic_demo,false
DEMO-IMAGE-2176,bracelet,synthetic_demo,Synthetic demo metadata,https://github.com/wa52/ai-customer-service/tree/main/data,synthetic_demo,false
DEMO-IMAGE-2177,ring,synthetic_demo,Synthetic demo metadata,https://github.com/wa52/ai-customer-service/tree/main/data,synthetic_demo,false
DEMO-IMAGE-2178,necklace,synthetic_demo,Synthetic demo metadata,https://github.com/wa52/ai-customer-service/tree/main/data,synthetic_demo,false
DEMO-IMAGE-2179,earring,synthetic_demo,Synthetic demo metadata,https://github.com/wa52/ai-customer-service/tree/main/data,synthetic_demo,false
DEMO-IMAGE-2180,bracelet,synthetic_demo,Synthetic demo metadata,https://github.com/wa52/ai-customer-service/tree/main/data,synthetic_demo,false
DEMO-IMAGE-2181,ring,synthetic_demo,Synthetic demo metadata,https://github.com/wa52/ai-customer-service/tree/main/data,synthetic_demo,false
DEMO-IMAGE-2182,necklace,synthetic_demo,Synthetic demo metadata,https://github.com/wa52/ai-customer-service/tree/main/data,synthetic_demo,false
DEMO-IMAGE-2183,earring,synthetic_demo,Synthetic demo metadata,https://github.com/wa52/ai-customer-service/tree/main/data,synthetic_demo,false
DEMO-IMAGE-2184,bracelet,synthetic_demo,Synthetic demo metadata,https://github.com/wa52/ai-customer-service/tree/main/data,synthetic_demo,false
DEMO-IMAGE-2185,ring,synthetic_demo,Synthetic demo metadata,https://github.com/wa52/ai-customer-service/tree/main/data,synthetic_demo,false
DEMO-IMAGE-2186,necklace,synthetic_demo,Synthetic demo metadata,https://github.com/wa52/ai-customer-service/tree/main/data,synthetic_demo,false
DEMO-IMAGE-2187,earring,synthetic_demo,Synthetic demo metadata,https://github.com/wa52/ai-customer-service/tree/main/data,synthetic_demo,false
DEMO-IMAGE-2188,bracelet,synthetic_demo,Synthetic demo metadata,https://github.com/wa52/ai-customer-service/tree/main/data,synthetic_demo,false
DEMO-IMAGE-2189,ring,synthetic_demo,Synthetic demo metadata,https://github.com/wa52/ai-customer-service/tree/main/data,synthetic_demo,false
DEMO-IMAGE-2190,necklace,synthetic_demo,Synthetic demo metadata,https://github.com/wa52/ai-customer-service/tree/main/data,synthetic_demo,false
DEMO-IMAGE-2191,earring,synthetic_demo,Synthetic demo metadata,https://github.com/wa52/ai-customer-service/tree/main/data,synthetic_demo,false
DEMO-IMAGE-2192,bracelet,synthetic_demo,Synthetic demo metadata,https://github.com/wa52/ai-customer-service/tree/main/data,synthetic_demo,false
DEMO-IMAGE-2193,ring,synthetic_demo,Synthetic demo metadata,https://github.com/wa52/ai-customer-service/tree/main/data,synthetic_demo,false
DEMO-IMAGE-2194,necklace,synthetic_demo,Synthetic demo metadata,https://github.com/wa52/ai-customer-service/tree/main/data,synthetic_demo,false
DEMO-IMAGE-2195,earring,synthetic_demo,Synthetic demo metadata,https://github.com/wa52/ai-customer-service/tree/main/data,synthetic_demo,false
DEMO-IMAGE-2196,bracelet,synthetic_demo,Synthetic demo metadata,https://github.com/wa52/ai-customer-service/tree/main/data,synthetic_demo,false
DEMO-IMAGE-2197,ring,synthetic_demo,Synthetic demo metadata,https://github.com/wa52/ai-customer-service/tree/main/data,synthetic_demo,false
DEMO-IMAGE-2198,necklace,synthetic_demo,Synthetic demo metadata,https://github.com/wa52/ai-customer-service/tree/main/data,synthetic_demo,false
DEMO-IMAGE-2199,earring,synthetic_demo,Synthetic demo metadata,https://github.com/wa52/ai-customer-service/tree/main/data,synthetic_demo,false
DEMO-IMAGE-2200,bracelet,synthetic_demo,Synthetic demo metadata,https://github.com/wa52/ai-customer-service/tree/main/data,synthetic_demo,false
DEMO-IMAGE-2201,ring,synthetic_demo,Synthetic demo metadata,https://github.com/wa52/ai-customer-service/tree/main/data,synthetic_demo,false
DEMO-IMAGE-2202,necklace,synthetic_demo,Synthetic demo metadata,https://github.com/wa52/ai-customer-service/tree/main/data,synthetic_demo,false
DEMO-IMAGE-2203,earring,synthetic_demo,Synthetic demo metadata,https://github.com/wa52/ai-customer-service/tree/main/data,synthetic_demo,false
DEMO-IMAGE-2204,bracelet,synthetic_demo,Synthetic demo metadata,https://github.com/wa52/ai-customer-service/tree/main/data,synthetic_demo,false
DEMO-IMAGE-2205,ring,synthetic_demo,Synthetic demo metadata,https://github.com/wa52/ai-customer-service/tree/main/data,synthetic_demo,false
DEMO-IMAGE-2206,necklace,synthetic_demo,Synthetic demo metadata,https://github.com/wa52/ai-customer-service/tree/main/data,synthetic_demo,false
DEMO-IMAGE-2207,earring,synthetic_demo,Synthetic demo metadata,https://github.com/wa52/ai-customer-service/tree/main/data,synthetic_demo,false
DEMO-IMAGE-2208,bracelet,synthetic_demo,Synthetic demo metadata,https://github.com/wa52/ai-customer-service/tree/main/data,synthetic_demo,false
DEMO-IMAGE-2209,ring,synthetic_demo,Synthetic demo metadata,https://github.com/wa52/ai-customer-service/tree/main/data,synthetic_demo,false
DEMO-IMAGE-2210,necklace,synthetic_demo,Synthetic demo metadata,https://github.com/wa52/ai-customer-service/tree/main/data,synthetic_demo,false
DEMO-IMAGE-2211,earring,synthetic_demo,Synthetic demo metadata,https://github.com/wa52/ai-customer-service/tree/main/data,synthetic_demo,false
DEMO-IMAGE-2212,bracelet,synthetic_demo,Synthetic demo metadata,https://github.com/wa52/ai-customer-service/tree/main/data,synthetic_demo,false
DEMO-IMAGE-2213,ring,synthetic_demo,Synthetic demo metadata,https://github.com/wa52/ai-customer-service/tree/main/data,synthetic_demo,false
DEMO-IMAGE-2214,necklace,synthetic_demo,Synthetic demo metadata,https://github.com/wa52/ai-customer-service/tree/main/data,synthetic_demo,false
DEMO-IMAGE-2215,earring,synthetic_demo,Synthetic demo metadata,https://github.com/wa52/ai-customer-service/tree/main/data,synthetic_demo,false
DEMO-IMAGE-2216,bracelet,synthetic_demo,Synthetic demo metadata,https://github.com/wa52/ai-customer-service/tree/main/data,synthetic_demo,false
DEMO-IMAGE-2217,ring,synthetic_demo,Synthetic demo metadata,https://github.com/wa52/ai-customer-service/tree/main/data,synthetic_demo,false
DEMO-IMAGE-2218,necklace,synthetic_demo,Synthetic demo metadata,https://github.com/wa52/ai-customer-service/tree/main/data,synthetic_demo,false
DEMO-IMAGE-2219,earring,synthetic_demo,Synthetic demo metadata,https://github.com/wa52/ai-customer-service/tree/main/data,synthetic_demo,false
DEMO-IMAGE-2220,bracelet,synthetic_demo,Synthetic demo metadata,https://github.com/wa52/ai-customer-service/tree/main/data,synthetic_demo,false
DEMO-IMAGE-2221,ring,synthetic_demo,Synthetic demo metadata,https://github.com/wa52/ai-customer-service/tree/main/data,synthetic_demo,false
DEMO-IMAGE-2222,necklace,synthetic_demo,Synthetic demo metadata,https://github.com/wa52/ai-customer-service/tree/main/data,synthetic_demo,false
DEMO-IMAGE-2223,earring,synthetic_demo,Synthetic demo metadata,https://github.com/wa52/ai-customer-service/tree/main/data,synthetic_demo,false
DEMO-IMAGE-2224,bracelet,synthetic_demo,Synthetic demo metadata,https://github.com/wa52/ai-customer-service/tree/main/data,synthetic_demo,false
DEMO-IMAGE-2225,ring,synthetic_demo,Synthetic demo metadata,https://github.com/wa52/ai-customer-service/tree/main/data,synthetic_demo,false
DEMO-IMAGE-2226,necklace,synthetic_demo,Synthetic demo metadata,https://github.com/wa52/ai-customer-service/tree/main/data,synthetic_demo,false
DEMO-IMAGE-2227,earring,synthetic_demo,Synthetic demo metadata,https://github.com/wa52/ai-customer-service/tree/main/data,synthetic_demo,false
DEMO-IMAGE-2228,bracelet,synthetic_demo,Synthetic demo metadata,https://github.com/wa52/ai-customer-service/tree/main/data,synthetic_demo,false
DEMO-IMAGE-2229,ring,synthetic_demo,Synthetic demo metadata,https://github.com/wa52/ai-customer-service/tree/main/data,synthetic_demo,false
DEMO-IMAGE-2230,necklace,synthetic_demo,Synthetic demo metadata,https://github.com/wa52/ai-customer-service/tree/main/data,synthetic_demo,false
DEMO-IMAGE-2231,earring,synthetic_demo,Synthetic demo metadata,https://github.com/wa52/ai-customer-service/tree/main/data,synthetic_demo,false
DEMO-IMAGE-2232,bracelet,synthetic_demo,Synthetic demo metadata,https://github.com/wa52/ai-customer-service/tree/main/data,synthetic_demo,false
DEMO-IMAGE-2233,ring,synthetic_demo,Synthetic demo metadata,https://github.com/wa52/ai-customer-service/tree/main/data,synthetic_demo,false
DEMO-IMAGE-2234,necklace,synthetic_demo,Synthetic demo metadata,https://github.com/wa52/ai-customer-service/tree/main/data,synthetic_demo,false
DEMO-IMAGE-2235,earring,synthetic_demo,Synthetic demo metadata,https://github.com/wa52/ai-customer-service/tree/main/data,synthetic_demo,false
DEMO-IMAGE-2236,bracelet,synthetic_demo,Synthetic demo metadata,https://github.com/wa52/ai-customer-service/tree/main/data,synthetic_demo,false
DEMO-IMAGE-2237,ring,synthetic_demo,Synthetic demo metadata,https://github.com/wa52/ai-customer-service/tree/main/data,synthetic_demo,false
DEMO-IMAGE-2238,necklace,synthetic_demo,Synthetic demo metadata,https://github.com/wa52/ai-customer-service/tree/main/data,synthetic_demo,false
DEMO-IMAGE-2239,earring,synthetic_demo,Synthetic demo metadata,https://github.com/wa52/ai-customer-service/tree/main/data,synthetic_demo,false
DEMO-IMAGE-2240,bracelet,synthetic_demo,Synthetic demo metadata,https://github.com/wa52/ai-customer-service/tree/main/data,synthetic_demo,false
DEMO-IMAGE-2241,ring,synthetic_demo,Synthetic demo metadata,https://github.com/wa52/ai-customer-service/tree/main/data,synthetic_demo,false
DEMO-IMAGE-2242,necklace,synthetic_demo,Synthetic demo metadata,https://github.com/wa52/ai-customer-service/tree/main/data,synthetic_demo,false
DEMO-IMAGE-2243,earring,synthetic_demo,Synthetic demo metadata,https://github.com/wa52/ai-customer-service/tree/main/data,synthetic_demo,false
DEMO-IMAGE-2244,bracelet,synthetic_demo,Synthetic demo metadata,https://github.com/wa52/ai-customer-service/tree/main/data,synthetic_demo,false
DEMO-IMAGE-2245,ring,synthetic_demo,Synthetic demo metadata,https://github.com/wa52/ai-customer-service/tree/main/data,synthetic_demo,false
DEMO-IMAGE-2246,necklace,synthetic_demo,Synthetic demo metadata,https://github.com/wa52/ai-customer-service/tree/main/data,synthetic_demo,false
DEMO-IMAGE-2247,earring,synthetic_demo,Synthetic demo metadata,https://github.com/wa52/ai-customer-service/tree/main/data,synthetic_demo,false
DEMO-IMAGE-2248,bracelet,synthetic_demo,Synthetic demo metadata,https://github.com/wa52/ai-customer-service/tree/main/data,synthetic_demo,false
DEMO-IMAGE-2249,ring,synthetic_demo,Synthetic demo metadata,https://github.com/wa52/ai-customer-service/tree/main/data,synthetic_demo,false
DEMO-IMAGE-2250,necklace,synthetic_demo,Synthetic demo metadata,https://github.com/wa52/ai-customer-service/tree/main/data,synthetic_demo,false
DEMO-IMAGE-2251,earring,synthetic_demo,Synthetic demo metadata,https://github.com/wa52/ai-customer-service/tree/main/data,synthetic_demo,false
DEMO-IMAGE-2252,bracelet,synthetic_demo,Synthetic demo metadata,https://github.com/wa52/ai-customer-service/tree/main/data,synthetic_demo,false
DEMO-IMAGE-2253,ring,synthetic_demo,Synthetic demo metadata,https://github.com/wa52/ai-customer-service/tree/main/data,synthetic_demo,false
DEMO-IMAGE-2254,necklace,synthetic_demo,Synthetic demo metadata,https://github.com/wa52/ai-customer-service/tree/main/data,synthetic_demo,false
DEMO-IMAGE-2255,earring,synthetic_demo,Synthetic demo metadata,https://github.com/wa52/ai-customer-service/tree/main/data,synthetic_demo,false
DEMO-IMAGE-2256,bracelet,synthetic_demo,Synthetic demo metadata,https://github.com/wa52/ai-customer-service/tree/main/data,synthetic_demo,false
DEMO-IMAGE-2257,ring,synthetic_demo,Synthetic demo metadata,https://github.com/wa52/ai-customer-service/tree/main/data,synthetic_demo,false
DEMO-IMAGE-2258,necklace,synthetic_demo,Synthetic demo metadata,https://github.com/wa52/ai-customer-service/tree/main/data,synthetic_demo,false
DEMO-IMAGE-2259,earring,synthetic_demo,Synthetic demo metadata,https://github.com/wa52/ai-customer-service/tree/main/data,synthetic_demo,false
DEMO-IMAGE-2260,bracelet,synthetic_demo,Synthetic demo metadata,https://github.com/wa52/ai-customer-service/tree/main/data,synthetic_demo,false
DEMO-IMAGE-2261,ring,synthetic_demo,Synthetic demo metadata,https://github.com/wa52/ai-customer-service/tree/main/data,synthetic_demo,false
DEMO-IMAGE-2262,necklace,synthetic_demo,Synthetic demo metadata,https://github.com/wa52/ai-customer-service/tree/main/data,synthetic_demo,false
DEMO-IMAGE-2263,earring,synthetic_demo,Synthetic demo metadata,https://github.com/wa52/ai-customer-service/tree/main/data,synthetic_demo,false
DEMO-IMAGE-2264,bracelet,synthetic_demo,Synthetic demo metadata,https://github.com/wa52/ai-customer-service/tree/main/data,synthetic_demo,false
DEMO-IMAGE-2265,ring,synthetic_demo,Synthetic demo metadata,https://github.com/wa52/ai-customer-service/tree/main/data,synthetic_demo,false
DEMO-IMAGE-2266,necklace,synthetic_demo,Synthetic demo metadata,https://github.com/wa52/ai-customer-service/tree/main/data,synthetic_demo,false
DEMO-IMAGE-2267,earring,synthetic_demo,Synthetic demo metadata,https://github.com/wa52/ai-customer-service/tree/main/data,synthetic_demo,false
DEMO-IMAGE-2268,bracelet,synthetic_demo,Synthetic demo metadata,https://github.com/wa52/ai-customer-service/tree/main/data,synthetic_demo,false
DEMO-IMAGE-2269,ring,synthetic_demo,Synthetic demo metadata,https://github.com/wa52/ai-customer-service/tree/main/data,synthetic_demo,false
DEMO-IMAGE-2270,necklace,synthetic_demo,Synthetic demo metadata,https://github.com/wa52/ai-customer-service/tree/main/data,synthetic_demo,false
DEMO-IMAGE-2271,earring,synthetic_demo,Synthetic demo metadata,https://github.com/wa52/ai-customer-service/tree/main/data,synthetic_demo,false
DEMO-IMAGE-2272,bracelet,synthetic_demo,Synthetic demo metadata,https://github.com/wa52/ai-customer-service/tree/main/data,synthetic_demo,false
DEMO-IMAGE-2273,ring,synthetic_demo,Synthetic demo metadata,https://github.com/wa52/ai-customer-service/tree/main/data,synthetic_demo,false
DEMO-IMAGE-2274,necklace,synthetic_demo,Synthetic demo metadata,https://github.com/wa52/ai-customer-service/tree/main/data,synthetic_demo,false
DEMO-IMAGE-2275,earring,synthetic_demo,Synthetic demo metadata,https://github.com/wa52/ai-customer-service/tree/main/data,synthetic_demo,false
DEMO-IMAGE-2276,bracelet,synthetic_demo,Synthetic demo metadata,https://github.com/wa52/ai-customer-service/tree/main/data,synthetic_demo,false
DEMO-IMAGE-2277,ring,synthetic_demo,Synthetic demo metadata,https://github.com/wa52/ai-customer-service/tree/main/data,synthetic_demo,false
DEMO-IMAGE-2278,necklace,synthetic_demo,Synthetic demo metadata,https://github.com/wa52/ai-customer-service/tree/main/data,synthetic_demo,false
DEMO-IMAGE-2279,earring,synthetic_demo,Synthetic demo metadata,https://github.com/wa52/ai-customer-service/tree/main/data,synthetic_demo,false
DEMO-IMAGE-2280,bracelet,synthetic_demo,Synthetic demo metadata,https://github.com/wa52/ai-customer-service/tree/main/data,synthetic_demo,false
DEMO-IMAGE-2281,ring,synthetic_demo,Synthetic demo metadata,https://github.com/wa52/ai-customer-service/tree/main/data,synthetic_demo,false
DEMO-IMAGE-2282,necklace,synthetic_demo,Synthetic demo metadata,https://github.com/wa52/ai-customer-service/tree/main/data,synthetic_demo,false
DEMO-IMAGE-2283,earring,synthetic_demo,Synthetic demo metadata,https://github.com/wa52/ai-customer-service/tree/main/data,synthetic_demo,false
DEMO-IMAGE-2284,bracelet,synthetic_demo,Synthetic demo metadata,https://github.com/wa52/ai-customer-service/tree/main/data,synthetic_demo,false
DEMO-IMAGE-2285,ring,synthetic_demo,Synthetic demo metadata,https://github.com/wa52/ai-customer-service/tree/main/data,synthetic_demo,false
DEMO-IMAGE-2286,necklace,synthetic_demo,Synthetic demo metadata,https://github.com/wa52/ai-customer-service/tree/main/data,synthetic_demo,false
DEMO-IMAGE-2287,earring,synthetic_demo,Synthetic demo metadata,https://github.com/wa52/ai-customer-service/tree/main/data,synthetic_demo,false
DEMO-IMAGE-2288,bracelet,synthetic_demo,Synthetic demo metadata,https://github.com/wa52/ai-customer-service/tree/main/data,synthetic_demo,false
DEMO-IMAGE-2289,ring,synthetic_demo,Synthetic demo metadata,https://github.com/wa52/ai-customer-service/tree/main/data,synthetic_demo,false
DEMO-IMAGE-2290,necklace,synthetic_demo,Synthetic demo metadata,https://github.com/wa52/ai-customer-service/tree/main/data,synthetic_demo,false
DEMO-IMAGE-2291,earring,synthetic_demo,Synthetic demo metadata,https://github.com/wa52/ai-customer-service/tree/main/data,synthetic_demo,false
DEMO-IMAGE-2292,bracelet,synthetic_demo,Synthetic demo metadata,https://github.com/wa52/ai-customer-service/tree/main/data,synthetic_demo,false
DEMO-IMAGE-2293,ring,synthetic_demo,Synthetic demo metadata,https://github.com/wa52/ai-customer-service/tree/main/data,synthetic_demo,false
DEMO-IMAGE-2294,necklace,synthetic_demo,Synthetic demo metadata,https://github.com/wa52/ai-customer-service/tree/main/data,synthetic_demo,false
DEMO-IMAGE-2295,earring,synthetic_demo,Synthetic demo metadata,https://github.com/wa52/ai-customer-service/tree/main/data,synthetic_demo,false
DEMO-IMAGE-2296,bracelet,synthetic_demo,Synthetic demo metadata,https://github.com/wa52/ai-customer-service/tree/main/data,synthetic_demo,false
DEMO-IMAGE-2297,ring,synthetic_demo,Synthetic demo metadata,https://github.com/wa52/ai-customer-service/tree/main/data,synthetic_demo,false
DEMO-IMAGE-2298,necklace,synthetic_demo,Synthetic demo metadata,https://github.com/wa52/ai-customer-service/tree/main/data,synthetic_demo,false
DEMO-IMAGE-2299,earring,synthetic_demo,Synthetic demo metadata,https://github.com/wa52/ai-customer-service/tree/main/data,synthetic_demo,false
DEMO-IMAGE-2300,bracelet,synthetic_demo,Synthetic demo metadata,https://github.com/wa52/ai-customer-service/tree/main/data,synthetic_demo,false
DEMO-IMAGE-2301,ring,synthetic_demo,Synthetic demo metadata,https://github.com/wa52/ai-customer-service/tree/main/data,synthetic_demo,false
DEMO-IMAGE-2302,necklace,synthetic_demo,Synthetic demo metadata,https://github.com/wa52/ai-customer-service/tree/main/data,synthetic_demo,false
DEMO-IMAGE-2303,earring,synthetic_demo,Synthetic demo metadata,https://github.com/wa52/ai-customer-service/tree/main/data,synthetic_demo,false
DEMO-IMAGE-2304,bracelet,synthetic_demo,Synthetic demo metadata,https://github.com/wa52/ai-customer-service/tree/main/data,synthetic_demo,false
DEMO-IMAGE-2305,ring,synthetic_demo,Synthetic demo metadata,https://github.com/wa52/ai-customer-service/tree/main/data,synthetic_demo,false
DEMO-IMAGE-2306,necklace,synthetic_demo,Synthetic demo metadata,https://github.com/wa52/ai-customer-service/tree/main/data,synthetic_demo,false
DEMO-IMAGE-2307,earring,synthetic_demo,Synthetic demo metadata,https://github.com/wa52/ai-customer-service/tree/main/data,synthetic_demo,false
DEMO-IMAGE-2308,bracelet,synthetic_demo,Synthetic demo metadata,https://github.com/wa52/ai-customer-service/tree/main/data,synthetic_demo,false
DEMO-IMAGE-2309,ring,synthetic_demo,Synthetic demo metadata,https://github.com/wa52/ai-customer-service/tree/main/data,synthetic_demo,false
DEMO-IMAGE-2310,necklace,synthetic_demo,Synthetic demo metadata,https://github.com/wa52/ai-customer-service/tree/main/data,synthetic_demo,false
DEMO-IMAGE-2311,earring,synthetic_demo,Synthetic demo metadata,https://github.com/wa52/ai-customer-service/tree/main/data,synthetic_demo,false
DEMO-IMAGE-2312,bracelet,synthetic_demo,Synthetic demo metadata,https://github.com/wa52/ai-customer-service/tree/main/data,synthetic_demo,false
DEMO-IMAGE-2313,ring,synthetic_demo,Synthetic demo metadata,https://github.com/wa52/ai-customer-service/tree/main/data,synthetic_demo,false
DEMO-IMAGE-2314,necklace,synthetic_demo,Synthetic demo metadata,https://github.com/wa52/ai-customer-service/tree/main/data,synthetic_demo,false
DEMO-IMAGE-2315,earring,synthetic_demo,Synthetic demo metadata,https://github.com/wa52/ai-customer-service/tree/main/data,synthetic_demo,false
DEMO-IMAGE-2316,bracelet,synthetic_demo,Synthetic demo metadata,https://github.com/wa52/ai-customer-service/tree/main/data,synthetic_demo,false
DEMO-IMAGE-2317,ring,synthetic_demo,Synthetic demo metadata,https://github.com/wa52/ai-customer-service/tree/main/data,synthetic_demo,false
DEMO-IMAGE-2318,necklace,synthetic_demo,Synthetic demo metadata,https://github.com/wa52/ai-customer-service/tree/main/data,synthetic_demo,false
DEMO-IMAGE-2319,earring,synthetic_demo,Synthetic demo metadata,https://github.com/wa52/ai-customer-service/tree/main/data,synthetic_demo,false
DEMO-IMAGE-2320,bracelet,synthetic_demo,Synthetic demo metadata,https://github.com/wa52/ai-customer-service/tree/main/data,synthetic_demo,false
DEMO-IMAGE-2321,ring,synthetic_demo,Synthetic demo metadata,https://github.com/wa52/ai-customer-service/tree/main/data,synthetic_demo,false
DEMO-IMAGE-2322,necklace,synthetic_demo,Synthetic demo metadata,https://github.com/wa52/ai-customer-service/tree/main/data,synthetic_demo,false
DEMO-IMAGE-2323,earring,synthetic_demo,Synthetic demo metadata,https://github.com/wa52/ai-customer-service/tree/main/data,synthetic_demo,false
DEMO-IMAGE-2324,bracelet,synthetic_demo,Synthetic demo metadata,https://github.com/wa52/ai-customer-service/tree/main/data,synthetic_demo,false
DEMO-IMAGE-2325,ring,synthetic_demo,Synthetic demo metadata,https://github.com/wa52/ai-customer-service/tree/main/data,synthetic_demo,false
DEMO-IMAGE-2326,necklace,synthetic_demo,Synthetic demo metadata,https://github.com/wa52/ai-customer-service/tree/main/data,synthetic_demo,false
DEMO-IMAGE-2327,earring,synthetic_demo,Synthetic demo metadata,https://github.com/wa52/ai-customer-service/tree/main/data,synthetic_demo,false
DEMO-IMAGE-2328,bracelet,synthetic_demo,Synthetic demo metadata,https://github.com/wa52/ai-customer-service/tree/main/data,synthetic_demo,false
DEMO-IMAGE-2329,ring,synthetic_demo,Synthetic demo metadata,https://github.com/wa52/ai-customer-service/tree/main/data,synthetic_demo,false
DEMO-IMAGE-2330,necklace,synthetic_demo,Synthetic demo metadata,https://github.com/wa52/ai-customer-service/tree/main/data,synthetic_demo,false
DEMO-IMAGE-2331,earring,synthetic_demo,Synthetic demo metadata,https://github.com/wa52/ai-customer-service/tree/main/data,synthetic_demo,false
DEMO-IMAGE-2332,bracelet,synthetic_demo,Synthetic demo metadata,https://github.com/wa52/ai-customer-service/tree/main/data,synthetic_demo,false
DEMO-IMAGE-2333,ring,synthetic_demo,Synthetic demo metadata,https://github.com/wa52/ai-customer-service/tree/main/data,synthetic_demo,false
DEMO-IMAGE-2334,necklace,synthetic_demo,Synthetic demo metadata,https://github.com/wa52/ai-customer-service/tree/main/data,synthetic_demo,false
DEMO-IMAGE-2335,earring,synthetic_demo,Synthetic demo metadata,https://github.com/wa52/ai-customer-service/tree/main/data,synthetic_demo,false
DEMO-IMAGE-2336,bracelet,synthetic_demo,Synthetic demo metadata,https://github.com/wa52/ai-customer-service/tree/main/data,synthetic_demo,false
DEMO-IMAGE-2337,ring,synthetic_demo,Synthetic demo metadata,https://github.com/wa52/ai-customer-service/tree/main/data,synthetic_demo,false
DEMO-IMAGE-2338,necklace,synthetic_demo,Synthetic demo metadata,https://github.com/wa52/ai-customer-service/tree/main/data,synthetic_demo,false
DEMO-IMAGE-2339,earring,synthetic_demo,Synthetic demo metadata,https://github.com/wa52/ai-customer-service/tree/main/data,synthetic_demo,false
DEMO-IMAGE-2340,bracelet,synthetic_demo,Synthetic demo metadata,https://github.com/wa52/ai-customer-service/tree/main/data,synthetic_demo,false
DEMO-IMAGE-2341,ring,synthetic_demo,Synthetic demo metadata,https://github.com/wa52/ai-customer-service/tree/main/data,synthetic_demo,false
DEMO-IMAGE-2342,necklace,synthetic_demo,Synthetic demo metadata,https://github.com/wa52/ai-customer-service/tree/main/data,synthetic_demo,false
DEMO-IMAGE-2343,earring,synthetic_demo,Synthetic demo metadata,https://github.com/wa52/ai-customer-service/tree/main/data,synthetic_demo,false
DEMO-IMAGE-2344,bracelet,synthetic_demo,Synthetic demo metadata,https://github.com/wa52/ai-customer-service/tree/main/data,synthetic_demo,false
DEMO-IMAGE-2345,ring,synthetic_demo,Synthetic demo metadata,https://github.com/wa52/ai-customer-service/tree/main/data,synthetic_demo,false
DEMO-IMAGE-2346,necklace,synthetic_demo,Synthetic demo metadata,https://github.com/wa52/ai-customer-service/tree/main/data,synthetic_demo,false
DEMO-IMAGE-2347,earring,synthetic_demo,Synthetic demo metadata,https://github.com/wa52/ai-customer-service/tree/main/data,synthetic_demo,false
DEMO-IMAGE-2348,bracelet,synthetic_demo,Synthetic demo metadata,https://github.com/wa52/ai-customer-service/tree/main/data,synthetic_demo,false
DEMO-IMAGE-2349,ring,synthetic_demo,Synthetic demo metadata,https://github.com/wa52/ai-customer-service/tree/main/data,synthetic_demo,false
DEMO-IMAGE-2350,necklace,synthetic_demo,Synthetic demo metadata,https://github.com/wa52/ai-customer-service/tree/main/data,synthetic_demo,false
DEMO-IMAGE-2351,earring,synthetic_demo,Synthetic demo metadata,https://github.com/wa52/ai-customer-service/tree/main/data,synthetic_demo,false
DEMO-IMAGE-2352,bracelet,synthetic_demo,Synthetic demo metadata,https://github.com/wa52/ai-customer-service/tree/main/data,synthetic_demo,false
DEMO-IMAGE-2353,ring,synthetic_demo,Synthetic demo metadata,https://github.com/wa52/ai-customer-service/tree/main/data,synthetic_demo,false
DEMO-IMAGE-2354,necklace,synthetic_demo,Synthetic demo metadata,https://github.com/wa52/ai-customer-service/tree/main/data,synthetic_demo,false
DEMO-IMAGE-2355,earring,synthetic_demo,Synthetic demo metadata,https://github.com/wa52/ai-customer-service/tree/main/data,synthetic_demo,false
DEMO-IMAGE-2356,bracelet,synthetic_demo,Synthetic demo metadata,https://github.com/wa52/ai-customer-service/tree/main/data,synthetic_demo,false
DEMO-IMAGE-2357,ring,synthetic_demo,Synthetic demo metadata,https://github.com/wa52/ai-customer-service/tree/main/data,synthetic_demo,false
DEMO-IMAGE-2358,necklace,synthetic_demo,Synthetic demo metadata,https://github.com/wa52/ai-customer-service/tree/main/data,synthetic_demo,false
DEMO-IMAGE-2359,earring,synthetic_demo,Synthetic demo metadata,https://github.com/wa52/ai-customer-service/tree/main/data,synthetic_demo,false
DEMO-IMAGE-2360,bracelet,synthetic_demo,Synthetic demo metadata,https://github.com/wa52/ai-customer-service/tree/main/data,synthetic_demo,false
DEMO-IMAGE-2361,ring,synthetic_demo,Synthetic demo metadata,https://github.com/wa52/ai-customer-service/tree/main/data,synthetic_demo,false
DEMO-IMAGE-2362,necklace,synthetic_demo,Synthetic demo metadata,https://github.com/wa52/ai-customer-service/tree/main/data,synthetic_demo,false
DEMO-IMAGE-2363,earring,synthetic_demo,Synthetic demo metadata,https://github.com/wa52/ai-customer-service/tree/main/data,synthetic_demo,false
DEMO-IMAGE-2364,bracelet,synthetic_demo,Synthetic demo metadata,https://github.com/wa52/ai-customer-service/tree/main/data,synthetic_demo,false
DEMO-IMAGE-2365,ring,synthetic_demo,Synthetic demo metadata,https://github.com/wa52/ai-customer-service/tree/main/data,synthetic_demo,false
DEMO-IMAGE-2366,necklace,synthetic_demo,Synthetic demo metadata,https://github.com/wa52/ai-customer-service/tree/main/data,synthetic_demo,false
DEMO-IMAGE-2367,earring,synthetic_demo,Synthetic demo metadata,https://github.com/wa52/ai-customer-service/tree/main/data,synthetic_demo,false
DEMO-IMAGE-2368,bracelet,synthetic_demo,Synthetic demo metadata,https://github.com/wa52/ai-customer-service/tree/main/data,synthetic_demo,false
DEMO-IMAGE-2369,ring,synthetic_demo,Synthetic demo metadata,https://github.com/wa52/ai-customer-service/tree/main/data,synthetic_demo,false
DEMO-IMAGE-2370,necklace,synthetic_demo,Synthetic demo metadata,https://github.com/wa52/ai-customer-service/tree/main/data,synthetic_demo,false
DEMO-IMAGE-2371,earring,synthetic_demo,Synthetic demo metadata,https://github.com/wa52/ai-customer-service/tree/main/data,synthetic_demo,false
DEMO-IMAGE-2372,bracelet,synthetic_demo,Synthetic demo metadata,https://github.com/wa52/ai-customer-service/tree/main/data,synthetic_demo,false
DEMO-IMAGE-2373,ring,synthetic_demo,Synthetic demo metadata,https://github.com/wa52/ai-customer-service/tree/main/data,synthetic_demo,false
DEMO-IMAGE-2374,necklace,synthetic_demo,Synthetic demo metadata,https://github.com/wa52/ai-customer-service/tree/main/data,synthetic_demo,false
DEMO-IMAGE-2375,earring,synthetic_demo,Synthetic demo metadata,https://github.com/wa52/ai-customer-service/tree/main/data,synthetic_demo,false
DEMO-IMAGE-2376,bracelet,synthetic_demo,Synthetic demo metadata,https://github.com/wa52/ai-customer-service/tree/main/data,synthetic_demo,false
DEMO-IMAGE-2377,ring,synthetic_demo,Synthetic demo metadata,https://github.com/wa52/ai-customer-service/tree/main/data,synthetic_demo,false
DEMO-IMAGE-2378,necklace,synthetic_demo,Synthetic demo metadata,https://github.com/wa52/ai-customer-service/tree/main/data,synthetic_demo,false
DEMO-IMAGE-2379,earring,synthetic_demo,Synthetic demo metadata,https://github.com/wa52/ai-customer-service/tree/main/data,synthetic_demo,false
DEMO-IMAGE-2380,bracelet,synthetic_demo,Synthetic demo metadata,https://github.com/wa52/ai-customer-service/tree/main/data,synthetic_demo,false
DEMO-IMAGE-2381,ring,synthetic_demo,Synthetic demo metadata,https://github.com/wa52/ai-customer-service/tree/main/data,synthetic_demo,false
DEMO-IMAGE-2382,necklace,synthetic_demo,Synthetic demo metadata,https://github.com/wa52/ai-customer-service/tree/main/data,synthetic_demo,false
DEMO-IMAGE-2383,earring,synthetic_demo,Synthetic demo metadata,https://github.com/wa52/ai-customer-service/tree/main/data,synthetic_demo,false
DEMO-IMAGE-2384,bracelet,synthetic_demo,Synthetic demo metadata,https://github.com/wa52/ai-customer-service/tree/main/data,synthetic_demo,false
DEMO-IMAGE-2385,ring,synthetic_demo,Synthetic demo metadata,https://github.com/wa52/ai-customer-service/tree/main/data,synthetic_demo,false
DEMO-IMAGE-2386,necklace,synthetic_demo,Synthetic demo metadata,https://github.com/wa52/ai-customer-service/tree/main/data,synthetic_demo,false
DEMO-IMAGE-2387,earring,synthetic_demo,Synthetic demo metadata,https://github.com/wa52/ai-customer-service/tree/main/data,synthetic_demo,false
DEMO-IMAGE-2388,bracelet,synthetic_demo,Synthetic demo metadata,https://github.com/wa52/ai-customer-service/tree/main/data,synthetic_demo,false
DEMO-IMAGE-2389,ring,synthetic_demo,Synthetic demo metadata,https://github.com/wa52/ai-customer-service/tree/main/data,synthetic_demo,false
DEMO-IMAGE-2390,necklace,synthetic_demo,Synthetic demo metadata,https://github.com/wa52/ai-customer-service/tree/main/data,synthetic_demo,false
DEMO-IMAGE-2391,earring,synthetic_demo,Synthetic demo metadata,https://github.com/wa52/ai-customer-service/tree/main/data,synthetic_demo,false
DEMO-IMAGE-2392,bracelet,synthetic_demo,Synthetic demo metadata,https://github.com/wa52/ai-customer-service/tree/main/data,synthetic_demo,false
DEMO-IMAGE-2393,ring,synthetic_demo,Synthetic demo metadata,https://github.com/wa52/ai-customer-service/tree/main/data,synthetic_demo,false
DEMO-IMAGE-2394,necklace,synthetic_demo,Synthetic demo metadata,https://github.com/wa52/ai-customer-service/tree/main/data,synthetic_demo,false
DEMO-IMAGE-2395,earring,synthetic_demo,Synthetic demo metadata,https://github.com/wa52/ai-customer-service/tree/main/data,synthetic_demo,false
DEMO-IMAGE-2396,bracelet,synthetic_demo,Synthetic demo metadata,https://github.com/wa52/ai-customer-service/tree/main/data,synthetic_demo,false
DEMO-IMAGE-2397,ring,synthetic_demo,Synthetic demo metadata,https://github.com/wa52/ai-customer-service/tree/main/data,synthetic_demo,false
DEMO-IMAGE-2398,necklace,synthetic_demo,Synthetic demo metadata,https://github.com/wa52/ai-customer-service/tree/main/data,synthetic_demo,false
DEMO-IMAGE-2399,earring,synthetic_demo,Synthetic demo metadata,https://github.com/wa52/ai-customer-service/tree/main/data,synthetic_demo,false
DEMO-IMAGE-2400,bracelet,synthetic_demo,Synthetic demo metadata,https://github.com/wa52/ai-customer-service/tree/main/data,synthetic_demo,false
DEMO-IMAGE-2401,ring,synthetic_demo,Synthetic demo metadata,https://github.com/wa52/ai-customer-service/tree/main/data,synthetic_demo,false
DEMO-IMAGE-2402,necklace,synthetic_demo,Synthetic demo metadata,https://github.com/wa52/ai-customer-service/tree/main/data,synthetic_demo,false
DEMO-IMAGE-2403,earring,synthetic_demo,Synthetic demo metadata,https://github.com/wa52/ai-customer-service/tree/main/data,synthetic_demo,false
DEMO-IMAGE-2404,bracelet,synthetic_demo,Synthetic demo metadata,https://github.com/wa52/ai-customer-service/tree/main/data,synthetic_demo,false
DEMO-IMAGE-2405,ring,synthetic_demo,Synthetic demo metadata,https://github.com/wa52/ai-customer-service/tree/main/data,synthetic_demo,false
DEMO-IMAGE-2406,necklace,synthetic_demo,Synthetic demo metadata,https://github.com/wa52/ai-customer-service/tree/main/data,synthetic_demo,false
DEMO-IMAGE-2407,earring,synthetic_demo,Synthetic demo metadata,https://github.com/wa52/ai-customer-service/tree/main/data,synthetic_demo,false
DEMO-IMAGE-2408,bracelet,synthetic_demo,Synthetic demo metadata,https://github.com/wa52/ai-customer-service/tree/main/data,synthetic_demo,false
DEMO-IMAGE-2409,ring,synthetic_demo,Synthetic demo metadata,https://github.com/wa52/ai-customer-service/tree/main/data,synthetic_demo,false
DEMO-IMAGE-2410,necklace,synthetic_demo,Synthetic demo metadata,https://github.com/wa52/ai-customer-service/tree/main/data,synthetic_demo,false
DEMO-IMAGE-2411,earring,synthetic_demo,Synthetic demo metadata,https://github.com/wa52/ai-customer-service/tree/main/data,synthetic_demo,false
DEMO-IMAGE-2412,bracelet,synthetic_demo,Synthetic demo metadata,https://github.com/wa52/ai-customer-service/tree/main/data,synthetic_demo,false
DEMO-IMAGE-2413,ring,synthetic_demo,Synthetic demo metadata,https://github.com/wa52/ai-customer-service/tree/main/data,synthetic_demo,false
DEMO-IMAGE-2414,necklace,synthetic_demo,Synthetic demo metadata,https://github.com/wa52/ai-customer-service/tree/main/data,synthetic_demo,false
DEMO-IMAGE-2415,earring,synthetic_demo,Synthetic demo metadata,https://github.com/wa52/ai-customer-service/tree/main/data,synthetic_demo,false
DEMO-IMAGE-2416,bracelet,synthetic_demo,Synthetic demo metadata,https://github.com/wa52/ai-customer-service/tree/main/data,synthetic_demo,false
DEMO-IMAGE-2417,ring,synthetic_demo,Synthetic demo metadata,https://github.com/wa52/ai-customer-service/tree/main/data,synthetic_demo,false
DEMO-IMAGE-2418,necklace,synthetic_demo,Synthetic demo metadata,https://github.com/wa52/ai-customer-service/tree/main/data,synthetic_demo,false
DEMO-IMAGE-2419,earring,synthetic_demo,Synthetic demo metadata,https://github.com/wa52/ai-customer-service/tree/main/data,synthetic_demo,false
DEMO-IMAGE-2420,bracelet,synthetic_demo,Synthetic demo metadata,https://github.com/wa52/ai-customer-service/tree/main/data,synthetic_demo,false
DEMO-IMAGE-2421,ring,synthetic_demo,Synthetic demo metadata,https://github.com/wa52/ai-customer-service/tree/main/data,synthetic_demo,false
DEMO-IMAGE-2422,necklace,synthetic_demo,Synthetic demo metadata,https://github.com/wa52/ai-customer-service/tree/main/data,synthetic_demo,false
DEMO-IMAGE-2423,earring,synthetic_demo,Synthetic demo metadata,https://github.com/wa52/ai-customer-service/tree/main/data,synthetic_demo,false
DEMO-IMAGE-2424,bracelet,synthetic_demo,Synthetic demo metadata,https://github.com/wa52/ai-customer-service/tree/main/data,synthetic_demo,false
DEMO-IMAGE-2425,ring,synthetic_demo,Synthetic demo metadata,https://github.com/wa52/ai-customer-service/tree/main/data,synthetic_demo,false
DEMO-IMAGE-2426,necklace,synthetic_demo,Synthetic demo metadata,https://github.com/wa52/ai-customer-service/tree/main/data,synthetic_demo,false
DEMO-IMAGE-2427,earring,synthetic_demo,Synthetic demo metadata,https://github.com/wa52/ai-customer-service/tree/main/data,synthetic_demo,false
DEMO-IMAGE-2428,bracelet,synthetic_demo,Synthetic demo metadata,https://github.com/wa52/ai-customer-service/tree/main/data,synthetic_demo,false
DEMO-IMAGE-2429,ring,synthetic_demo,Synthetic demo metadata,https://github.com/wa52/ai-customer-service/tree/main/data,synthetic_demo,false
DEMO-IMAGE-2430,necklace,synthetic_demo,Synthetic demo metadata,https://github.com/wa52/ai-customer-service/tree/main/data,synthetic_demo,false
DEMO-IMAGE-2431,earring,synthetic_demo,Synthetic demo metadata,https://github.com/wa52/ai-customer-service/tree/main/data,synthetic_demo,false
DEMO-IMAGE-2432,bracelet,synthetic_demo,Synthetic demo metadata,https://github.com/wa52/ai-customer-service/tree/main/data,synthetic_demo,false
DEMO-IMAGE-2433,ring,synthetic_demo,Synthetic demo metadata,https://github.com/wa52/ai-customer-service/tree/main/data,synthetic_demo,false
DEMO-IMAGE-2434,necklace,synthetic_demo,Synthetic demo metadata,https://github.com/wa52/ai-customer-service/tree/main/data,synthetic_demo,false
DEMO-IMAGE-2435,earring,synthetic_demo,Synthetic demo metadata,https://github.com/wa52/ai-customer-service/tree/main/data,synthetic_demo,false
DEMO-IMAGE-2436,bracelet,synthetic_demo,Synthetic demo metadata,https://github.com/wa52/ai-customer-service/tree/main/data,synthetic_demo,false
DEMO-IMAGE-2437,ring,synthetic_demo,Synthetic demo metadata,https://github.com/wa52/ai-customer-service/tree/main/data,synthetic_demo,false
DEMO-IMAGE-2438,necklace,synthetic_demo,Synthetic demo metadata,https://github.com/wa52/ai-customer-service/tree/main/data,synthetic_demo,false
DEMO-IMAGE-2439,earring,synthetic_demo,Synthetic demo metadata,https://github.com/wa52/ai-customer-service/tree/main/data,synthetic_demo,false
DEMO-IMAGE-2440,bracelet,synthetic_demo,Synthetic demo metadata,https://github.com/wa52/ai-customer-service/tree/main/data,synthetic_demo,false
DEMO-IMAGE-2441,ring,synthetic_demo,Synthetic demo metadata,https://github.com/wa52/ai-customer-service/tree/main/data,synthetic_demo,false
DEMO-IMAGE-2442,necklace,synthetic_demo,Synthetic demo metadata,https://github.com/wa52/ai-customer-service/tree/main/data,synthetic_demo,false
DEMO-IMAGE-2443,earring,synthetic_demo,Synthetic demo metadata,https://github.com/wa52/ai-customer-service/tree/main/data,synthetic_demo,false
DEMO-IMAGE-2444,bracelet,synthetic_demo,Synthetic demo metadata,https://github.com/wa52/ai-customer-service/tree/main/data,synthetic_demo,false
DEMO-IMAGE-2445,ring,synthetic_demo,Synthetic demo metadata,https://github.com/wa52/ai-customer-service/tree/main/data,synthetic_demo,false
DEMO-IMAGE-2446,necklace,synthetic_demo,Synthetic demo metadata,https://github.com/wa52/ai-customer-service/tree/main/data,synthetic_demo,false
DEMO-IMAGE-2447,earring,synthetic_demo,Synthetic demo metadata,https://github.com/wa52/ai-customer-service/tree/main/data,synthetic_demo,false
DEMO-IMAGE-2448,bracelet,synthetic_demo,Synthetic demo metadata,https://github.com/wa52/ai-customer-service/tree/main/data,synthetic_demo,false
DEMO-IMAGE-2449,ring,synthetic_demo,Synthetic demo metadata,https://github.com/wa52/ai-customer-service/tree/main/data,synthetic_demo,false
DEMO-IMAGE-2450,necklace,synthetic_demo,Synthetic demo metadata,https://github.com/wa52/ai-customer-service/tree/main/data,synthetic_demo,false
DEMO-IMAGE-2451,earring,synthetic_demo,Synthetic demo metadata,https://github.com/wa52/ai-customer-service/tree/main/data,synthetic_demo,false
DEMO-IMAGE-2452,bracelet,synthetic_demo,Synthetic demo metadata,https://github.com/wa52/ai-customer-service/tree/main/data,synthetic_demo,false
DEMO-IMAGE-2453,ring,synthetic_demo,Synthetic demo metadata,https://github.com/wa52/ai-customer-service/tree/main/data,synthetic_demo,false
DEMO-IMAGE-2454,necklace,synthetic_demo,Synthetic demo metadata,https://github.com/wa52/ai-customer-service/tree/main/data,synthetic_demo,false
DEMO-IMAGE-2455,earring,synthetic_demo,Synthetic demo metadata,https://github.com/wa52/ai-customer-service/tree/main/data,synthetic_demo,false
DEMO-IMAGE-2456,bracelet,synthetic_demo,Synthetic demo metadata,https://github.com/wa52/ai-customer-service/tree/main/data,synthetic_demo,false
DEMO-IMAGE-2457,ring,synthetic_demo,Synthetic demo metadata,https://github.com/wa52/ai-customer-service/tree/main/data,synthetic_demo,false
DEMO-IMAGE-2458,necklace,synthetic_demo,Synthetic demo metadata,https://github.com/wa52/ai-customer-service/tree/main/data,synthetic_demo,false
DEMO-IMAGE-2459,earring,synthetic_demo,Synthetic demo metadata,https://github.com/wa52/ai-customer-service/tree/main/data,synthetic_demo,false
DEMO-IMAGE-2460,bracelet,synthetic_demo,Synthetic demo metadata,https://github.com/wa52/ai-customer-service/tree/main/data,synthetic_demo,false
DEMO-IMAGE-2461,ring,synthetic_demo,Synthetic demo metadata,https://github.com/wa52/ai-customer-service/tree/main/data,synthetic_demo,false
DEMO-IMAGE-2462,necklace,synthetic_demo,Synthetic demo metadata,https://github.com/wa52/ai-customer-service/tree/main/data,synthetic_demo,false
DEMO-IMAGE-2463,earring,synthetic_demo,Synthetic demo metadata,https://github.com/wa52/ai-customer-service/tree/main/data,synthetic_demo,false
DEMO-IMAGE-2464,bracelet,synthetic_demo,Synthetic demo metadata,https://github.com/wa52/ai-customer-service/tree/main/data,synthetic_demo,false
DEMO-IMAGE-2465,ring,synthetic_demo,Synthetic demo metadata,https://github.com/wa52/ai-customer-service/tree/main/data,synthetic_demo,false
DEMO-IMAGE-2466,necklace,synthetic_demo,Synthetic demo metadata,https://github.com/wa52/ai-customer-service/tree/main/data,synthetic_demo,false
DEMO-IMAGE-2467,earring,synthetic_demo,Synthetic demo metadata,https://github.com/wa52/ai-customer-service/tree/main/data,synthetic_demo,false
DEMO-IMAGE-2468,bracelet,synthetic_demo,Synthetic demo metadata,https://github.com/wa52/ai-customer-service/tree/main/data,synthetic_demo,false
DEMO-IMAGE-2469,ring,synthetic_demo,Synthetic demo metadata,https://github.com/wa52/ai-customer-service/tree/main/data,synthetic_demo,false
DEMO-IMAGE-2470,necklace,synthetic_demo,Synthetic demo metadata,https://github.com/wa52/ai-customer-service/tree/main/data,synthetic_demo,false
DEMO-IMAGE-2471,earring,synthetic_demo,Synthetic demo metadata,https://github.com/wa52/ai-customer-service/tree/main/data,synthetic_demo,false
DEMO-IMAGE-2472,bracelet,synthetic_demo,Synthetic demo metadata,https://github.com/wa52/ai-customer-service/tree/main/data,synthetic_demo,false
DEMO-IMAGE-2473,ring,synthetic_demo,Synthetic demo metadata,https://github.com/wa52/ai-customer-service/tree/main/data,synthetic_demo,false
DEMO-IMAGE-2474,necklace,synthetic_demo,Synthetic demo metadata,https://github.com/wa52/ai-customer-service/tree/main/data,synthetic_demo,false
DEMO-IMAGE-2475,earring,synthetic_demo,Synthetic demo metadata,https://github.com/wa52/ai-customer-service/tree/main/data,synthetic_demo,false
DEMO-IMAGE-2476,bracelet,synthetic_demo,Synthetic demo metadata,https://github.com/wa52/ai-customer-service/tree/main/data,synthetic_demo,false
DEMO-IMAGE-2477,ring,synthetic_demo,Synthetic demo metadata,https://github.com/wa52/ai-customer-service/tree/main/data,synthetic_demo,false
DEMO-IMAGE-2478,necklace,synthetic_demo,Synthetic demo metadata,https://github.com/wa52/ai-customer-service/tree/main/data,synthetic_demo,false
DEMO-IMAGE-2479,earring,synthetic_demo,Synthetic demo metadata,https://github.com/wa52/ai-customer-service/tree/main/data,synthetic_demo,false
DEMO-IMAGE-2480,bracelet,synthetic_demo,Synthetic demo metadata,https://github.com/wa52/ai-customer-service/tree/main/data,synthetic_demo,false
DEMO-IMAGE-2481,ring,synthetic_demo,Synthetic demo metadata,https://github.com/wa52/ai-customer-service/tree/main/data,synthetic_demo,false
DEMO-IMAGE-2482,necklace,synthetic_demo,Synthetic demo metadata,https://github.com/wa52/ai-customer-service/tree/main/data,synthetic_demo,false
DEMO-IMAGE-2483,earring,synthetic_demo,Synthetic demo metadata,https://github.com/wa52/ai-customer-service/tree/main/data,synthetic_demo,false
DEMO-IMAGE-2484,bracelet,synthetic_demo,Synthetic demo metadata,https://github.com/wa52/ai-customer-service/tree/main/data,synthetic_demo,false
DEMO-IMAGE-2485,ring,synthetic_demo,Synthetic demo metadata,https://github.com/wa52/ai-customer-service/tree/main/data,synthetic_demo,false
DEMO-IMAGE-2486,necklace,synthetic_demo,Synthetic demo metadata,https://github.com/wa52/ai-customer-service/tree/main/data,synthetic_demo,false
DEMO-IMAGE-2487,earring,synthetic_demo,Synthetic demo metadata,https://github.com/wa52/ai-customer-service/tree/main/data,synthetic_demo,false
DEMO-IMAGE-2488,bracelet,synthetic_demo,Synthetic demo metadata,https://github.com/wa52/ai-customer-service/tree/main/data,synthetic_demo,false
DEMO-IMAGE-2489,ring,synthetic_demo,Synthetic demo metadata,https://github.com/wa52/ai-customer-service/tree/main/data,synthetic_demo,false
DEMO-IMAGE-2490,necklace,synthetic_demo,Synthetic demo metadata,https://github.com/wa52/ai-customer-service/tree/main/data,synthetic_demo,false
DEMO-IMAGE-2491,earring,synthetic_demo,Synthetic demo metadata,https://github.com/wa52/ai-customer-service/tree/main/data,synthetic_demo,false
DEMO-IMAGE-2492,bracelet,synthetic_demo,Synthetic demo metadata,https://github.com/wa52/ai-customer-service/tree/main/data,synthetic_demo,false
DEMO-IMAGE-2493,ring,synthetic_demo,Synthetic demo metadata,https://github.com/wa52/ai-customer-service/tree/main/data,synthetic_demo,false
DEMO-IMAGE-2494,necklace,synthetic_demo,Synthetic demo metadata,https://github.com/wa52/ai-customer-service/tree/main/data,synthetic_demo,false
DEMO-IMAGE-2495,earring,synthetic_demo,Synthetic demo metadata,https://github.com/wa52/ai-customer-service/tree/main/data,synthetic_demo,false
DEMO-IMAGE-2496,bracelet,synthetic_demo,Synthetic demo metadata,https://github.com/wa52/ai-customer-service/tree/main/data,synthetic_demo,false
DEMO-IMAGE-2497,ring,synthetic_demo,Synthetic demo metadata,https://github.com/wa52/ai-customer-service/tree/main/data,synthetic_demo,false
DEMO-IMAGE-2498,necklace,synthetic_demo,Synthetic demo metadata,https://github.com/wa52/ai-customer-service/tree/main/data,synthetic_demo,false
DEMO-IMAGE-2499,earring,synthetic_demo,Synthetic demo metadata,https://github.com/wa52/ai-customer-service/tree/main/data,synthetic_demo,false
DEMO-IMAGE-2500,bracelet,synthetic_demo,Synthetic demo metadata,https://github.com/wa52/ai-customer-service/tree/main/data,synthetic_demo,false
DEMO-IMAGE-2501,ring,synthetic_demo,Synthetic demo metadata,https://github.com/wa52/ai-customer-service/tree/main/data,synthetic_demo,false
DEMO-IMAGE-2502,necklace,synthetic_demo,Synthetic demo metadata,https://github.com/wa52/ai-customer-service/tree/main/data,synthetic_demo,false
DEMO-IMAGE-2503,earring,synthetic_demo,Synthetic demo metadata,https://github.com/wa52/ai-customer-service/tree/main/data,synthetic_demo,false
DEMO-IMAGE-2504,bracelet,synthetic_demo,Synthetic demo metadata,https://github.com/wa52/ai-customer-service/tree/main/data,synthetic_demo,false
DEMO-IMAGE-2505,ring,synthetic_demo,Synthetic demo metadata,https://github.com/wa52/ai-customer-service/tree/main/data,synthetic_demo,false
DEMO-IMAGE-2506,necklace,synthetic_demo,Synthetic demo metadata,https://github.com/wa52/ai-customer-service/tree/main/data,synthetic_demo,false
DEMO-IMAGE-2507,earring,synthetic_demo,Synthetic demo metadata,https://github.com/wa52/ai-customer-service/tree/main/data,synthetic_demo,false
DEMO-IMAGE-2508,bracelet,synthetic_demo,Synthetic demo metadata,https://github.com/wa52/ai-customer-service/tree/main/data,synthetic_demo,false
DEMO-IMAGE-2509,ring,synthetic_demo,Synthetic demo metadata,https://github.com/wa52/ai-customer-service/tree/main/data,synthetic_demo,false
DEMO-IMAGE-2510,necklace,synthetic_demo,Synthetic demo metadata,https://github.com/wa52/ai-customer-service/tree/main/data,synthetic_demo,false
DEMO-IMAGE-2511,earring,synthetic_demo,Synthetic demo metadata,https://github.com/wa52/ai-customer-service/tree/main/data,synthetic_demo,false
DEMO-IMAGE-2512,bracelet,synthetic_demo,Synthetic demo metadata,https://github.com/wa52/ai-customer-service/tree/main/data,synthetic_demo,false
DEMO-IMAGE-2513,ring,synthetic_demo,Synthetic demo metadata,https://github.com/wa52/ai-customer-service/tree/main/data,synthetic_demo,false
DEMO-IMAGE-2514,necklace,synthetic_demo,Synthetic demo metadata,https://github.com/wa52/ai-customer-service/tree/main/data,synthetic_demo,false
DEMO-IMAGE-2515,earring,synthetic_demo,Synthetic demo metadata,https://github.com/wa52/ai-customer-service/tree/main/data,synthetic_demo,false
DEMO-IMAGE-2516,bracelet,synthetic_demo,Synthetic demo metadata,https://github.com/wa52/ai-customer-service/tree/main/data,synthetic_demo,false
DEMO-IMAGE-2517,ring,synthetic_demo,Synthetic demo metadata,https://github.com/wa52/ai-customer-service/tree/main/data,synthetic_demo,false
DEMO-IMAGE-2518,necklace,synthetic_demo,Synthetic demo metadata,https://github.com/wa52/ai-customer-service/tree/main/data,synthetic_demo,false
DEMO-IMAGE-2519,earring,synthetic_demo,Synthetic demo metadata,https://github.com/wa52/ai-customer-service/tree/main/data,synthetic_demo,false
DEMO-IMAGE-2520,bracelet,synthetic_demo,Synthetic demo metadata,https://github.com/wa52/ai-customer-service/tree/main/data,synthetic_demo,false
DEMO-IMAGE-2521,ring,synthetic_demo,Synthetic demo metadata,https://github.com/wa52/ai-customer-service/tree/main/data,synthetic_demo,false
DEMO-IMAGE-2522,necklace,synthetic_demo,Synthetic demo metadata,https://github.com/wa52/ai-customer-service/tree/main/data,synthetic_demo,false
DEMO-IMAGE-2523,earring,synthetic_demo,Synthetic demo metadata,https://github.com/wa52/ai-customer-service/tree/main/data,synthetic_demo,false
DEMO-IMAGE-2524,bracelet,synthetic_demo,Synthetic demo metadata,https://github.com/wa52/ai-customer-service/tree/main/data,synthetic_demo,false
DEMO-IMAGE-2525,ring,synthetic_demo,Synthetic demo metadata,https://github.com/wa52/ai-customer-service/tree/main/data,synthetic_demo,false
DEMO-IMAGE-2526,necklace,synthetic_demo,Synthetic demo metadata,https://github.com/wa52/ai-customer-service/tree/main/data,synthetic_demo,false
DEMO-IMAGE-2527,earring,synthetic_demo,Synthetic demo metadata,https://github.com/wa52/ai-customer-service/tree/main/data,synthetic_demo,false
DEMO-IMAGE-2528,bracelet,synthetic_demo,Synthetic demo metadata,https://github.com/wa52/ai-customer-service/tree/main/data,synthetic_demo,false
DEMO-IMAGE-2529,ring,synthetic_demo,Synthetic demo metadata,https://github.com/wa52/ai-customer-service/tree/main/data,synthetic_demo,false
DEMO-IMAGE-2530,necklace,synthetic_demo,Synthetic demo metadata,https://github.com/wa52/ai-customer-service/tree/main/data,synthetic_demo,false
DEMO-IMAGE-2531,earring,synthetic_demo,Synthetic demo metadata,https://github.com/wa52/ai-customer-service/tree/main/data,synthetic_demo,false
DEMO-IMAGE-2532,bracelet,synthetic_demo,Synthetic demo metadata,https://github.com/wa52/ai-customer-service/tree/main/data,synthetic_demo,false
DEMO-IMAGE-2533,ring,synthetic_demo,Synthetic demo metadata,https://github.com/wa52/ai-customer-service/tree/main/data,synthetic_demo,false
DEMO-IMAGE-2534,necklace,synthetic_demo,Synthetic demo metadata,https://github.com/wa52/ai-customer-service/tree/main/data,synthetic_demo,false
DEMO-IMAGE-2535,earring,synthetic_demo,Synthetic demo metadata,https://github.com/wa52/ai-customer-service/tree/main/data,synthetic_demo,false
DEMO-IMAGE-2536,bracelet,synthetic_demo,Synthetic demo metadata,https://github.com/wa52/ai-customer-service/tree/main/data,synthetic_demo,false
DEMO-IMAGE-2537,ring,synthetic_demo,Synthetic demo metadata,https://github.com/wa52/ai-customer-service/tree/main/data,synthetic_demo,false
DEMO-IMAGE-2538,necklace,synthetic_demo,Synthetic demo metadata,https://github.com/wa52/ai-customer-service/tree/main/data,synthetic_demo,false
DEMO-IMAGE-2539,earring,synthetic_demo,Synthetic demo metadata,https://github.com/wa52/ai-customer-service/tree/main/data,synthetic_demo,false
DEMO-IMAGE-2540,bracelet,synthetic_demo,Synthetic demo metadata,https://github.com/wa52/ai-customer-service/tree/main/data,synthetic_demo,false
DEMO-IMAGE-2541,ring,synthetic_demo,Synthetic demo metadata,https://github.com/wa52/ai-customer-service/tree/main/data,synthetic_demo,false
DEMO-IMAGE-2542,necklace,synthetic_demo,Synthetic demo metadata,https://github.com/wa52/ai-customer-service/tree/main/data,synthetic_demo,false
DEMO-IMAGE-2543,earring,synthetic_demo,Synthetic demo metadata,https://github.com/wa52/ai-customer-service/tree/main/data,synthetic_demo,false
DEMO-IMAGE-2544,bracelet,synthetic_demo,Synthetic demo metadata,https://github.com/wa52/ai-customer-service/tree/main/data,synthetic_demo,false
DEMO-IMAGE-2545,ring,synthetic_demo,Synthetic demo metadata,https://github.com/wa52/ai-customer-service/tree/main/data,synthetic_demo,false
DEMO-IMAGE-2546,necklace,synthetic_demo,Synthetic demo metadata,https://github.com/wa52/ai-customer-service/tree/main/data,synthetic_demo,false
DEMO-IMAGE-2547,earring,synthetic_demo,Synthetic demo metadata,https://github.com/wa52/ai-customer-service/tree/main/data,synthetic_demo,false
DEMO-IMAGE-2548,bracelet,synthetic_demo,Synthetic demo metadata,https://github.com/wa52/ai-customer-service/tree/main/data,synthetic_demo,false
DEMO-IMAGE-2549,ring,synthetic_demo,Synthetic demo metadata,https://github.com/wa52/ai-customer-service/tree/main/data,synthetic_demo,false
DEMO-IMAGE-2550,necklace,synthetic_demo,Synthetic demo metadata,https://github.com/wa52/ai-customer-service/tree/main/data,synthetic_demo,false
DEMO-IMAGE-2551,earring,synthetic_demo,Synthetic demo metadata,https://github.com/wa52/ai-customer-service/tree/main/data,synthetic_demo,false
DEMO-IMAGE-2552,bracelet,synthetic_demo,Synthetic demo metadata,https://github.com/wa52/ai-customer-service/tree/main/data,synthetic_demo,false
DEMO-IMAGE-2553,ring,synthetic_demo,Synthetic demo metadata,https://github.com/wa52/ai-customer-service/tree/main/data,synthetic_demo,false
DEMO-IMAGE-2554,necklace,synthetic_demo,Synthetic demo metadata,https://github.com/wa52/ai-customer-service/tree/main/data,synthetic_demo,false
DEMO-IMAGE-2555,earring,synthetic_demo,Synthetic demo metadata,https://github.com/wa52/ai-customer-service/tree/main/data,synthetic_demo,false
DEMO-IMAGE-2556,bracelet,synthetic_demo,Synthetic demo metadata,https://github.com/wa52/ai-customer-service/tree/main/data,synthetic_demo,false
DEMO-IMAGE-2557,ring,synthetic_demo,Synthetic demo metadata,https://github.com/wa52/ai-customer-service/tree/main/data,synthetic_demo,false
DEMO-IMAGE-2558,necklace,synthetic_demo,Synthetic demo metadata,https://github.com/wa52/ai-customer-service/tree/main/data,synthetic_demo,false
DEMO-IMAGE-2559,earring,synthetic_demo,Synthetic demo metadata,https://github.com/wa52/ai-customer-service/tree/main/data,synthetic_demo,false
DEMO-IMAGE-2560,bracelet,synthetic_demo,Synthetic demo metadata,https://github.com/wa52/ai-customer-service/tree/main/data,synthetic_demo,false
DEMO-IMAGE-2561,ring,synthetic_demo,Synthetic demo metadata,https://github.com/wa52/ai-customer-service/tree/main/data,synthetic_demo,false
DEMO-IMAGE-2562,necklace,synthetic_demo,Synthetic demo metadata,https://github.com/wa52/ai-customer-service/tree/main/data,synthetic_demo,false
DEMO-IMAGE-2563,earring,synthetic_demo,Synthetic demo metadata,https://github.com/wa52/ai-customer-service/tree/main/data,synthetic_demo,false
DEMO-IMAGE-2564,bracelet,synthetic_demo,Synthetic demo metadata,https://github.com/wa52/ai-customer-service/tree/main/data,synthetic_demo,false
DEMO-IMAGE-2565,ring,synthetic_demo,Synthetic demo metadata,https://github.com/wa52/ai-customer-service/tree/main/data,synthetic_demo,false
DEMO-IMAGE-2566,necklace,synthetic_demo,Synthetic demo metadata,https://github.com/wa52/ai-customer-service/tree/main/data,synthetic_demo,false
DEMO-IMAGE-2567,earring,synthetic_demo,Synthetic demo metadata,https://github.com/wa52/ai-customer-service/tree/main/data,synthetic_demo,false
DEMO-IMAGE-2568,bracelet,synthetic_demo,Synthetic demo metadata,https://github.com/wa52/ai-customer-service/tree/main/data,synthetic_demo,false
DEMO-IMAGE-2569,ring,synthetic_demo,Synthetic demo metadata,https://github.com/wa52/ai-customer-service/tree/main/data,synthetic_demo,false
DEMO-IMAGE-2570,necklace,synthetic_demo,Synthetic demo metadata,https://github.com/wa52/ai-customer-service/tree/main/data,synthetic_demo,false
DEMO-IMAGE-2571,earring,synthetic_demo,Synthetic demo metadata,https://github.com/wa52/ai-customer-service/tree/main/data,synthetic_demo,false
DEMO-IMAGE-2572,bracelet,synthetic_demo,Synthetic demo metadata,https://github.com/wa52/ai-customer-service/tree/main/data,synthetic_demo,false
DEMO-IMAGE-2573,ring,synthetic_demo,Synthetic demo metadata,https://github.com/wa52/ai-customer-service/tree/main/data,synthetic_demo,false
DEMO-IMAGE-2574,necklace,synthetic_demo,Synthetic demo metadata,https://github.com/wa52/ai-customer-service/tree/main/data,synthetic_demo,false
DEMO-IMAGE-2575,earring,synthetic_demo,Synthetic demo metadata,https://github.com/wa52/ai-customer-service/tree/main/data,synthetic_demo,false
DEMO-IMAGE-2576,bracelet,synthetic_demo,Synthetic demo metadata,https://github.com/wa52/ai-customer-service/tree/main/data,synthetic_demo,false
DEMO-IMAGE-2577,ring,synthetic_demo,Synthetic demo metadata,https://github.com/wa52/ai-customer-service/tree/main/data,synthetic_demo,false
DEMO-IMAGE-2578,necklace,synthetic_demo,Synthetic demo metadata,https://github.com/wa52/ai-customer-service/tree/main/data,synthetic_demo,false
DEMO-IMAGE-2579,earring,synthetic_demo,Synthetic demo metadata,https://github.com/wa52/ai-customer-service/tree/main/data,synthetic_demo,false
DEMO-IMAGE-2580,bracelet,synthetic_demo,Synthetic demo metadata,https://github.com/wa52/ai-customer-service/tree/main/data,synthetic_demo,false
DEMO-IMAGE-2581,ring,synthetic_demo,Synthetic demo metadata,https://github.com/wa52/ai-customer-service/tree/main/data,synthetic_demo,false
DEMO-IMAGE-2582,necklace,synthetic_demo,Synthetic demo metadata,https://github.com/wa52/ai-customer-service/tree/main/data,synthetic_demo,false
DEMO-IMAGE-2583,earring,synthetic_demo,Synthetic demo metadata,https://github.com/wa52/ai-customer-service/tree/main/data,synthetic_demo,false
DEMO-IMAGE-2584,bracelet,synthetic_demo,Synthetic demo metadata,https://github.com/wa52/ai-customer-service/tree/main/data,synthetic_demo,false
DEMO-IMAGE-2585,ring,synthetic_demo,Synthetic demo metadata,https://github.com/wa52/ai-customer-service/tree/main/data,synthetic_demo,false
DEMO-IMAGE-2586,necklace,synthetic_demo,Synthetic demo metadata,https://github.com/wa52/ai-customer-service/tree/main/data,synthetic_demo,false
DEMO-IMAGE-2587,earring,synthetic_demo,Synthetic demo metadata,https://github.com/wa52/ai-customer-service/tree/main/data,synthetic_demo,false
DEMO-IMAGE-2588,bracelet,synthetic_demo,Synthetic demo metadata,https://github.com/wa52/ai-customer-service/tree/main/data,synthetic_demo,false
DEMO-IMAGE-2589,ring,synthetic_demo,Synthetic demo metadata,https://github.com/wa52/ai-customer-service/tree/main/data,synthetic_demo,false
DEMO-IMAGE-2590,necklace,synthetic_demo,Synthetic demo metadata,https://github.com/wa52/ai-customer-service/tree/main/data,synthetic_demo,false
DEMO-IMAGE-2591,earring,synthetic_demo,Synthetic demo metadata,https://github.com/wa52/ai-customer-service/tree/main/data,synthetic_demo,false
DEMO-IMAGE-2592,bracelet,synthetic_demo,Synthetic demo metadata,https://github.com/wa52/ai-customer-service/tree/main/data,synthetic_demo,false
DEMO-IMAGE-2593,ring,synthetic_demo,Synthetic demo metadata,https://github.com/wa52/ai-customer-service/tree/main/data,synthetic_demo,false
DEMO-IMAGE-2594,necklace,synthetic_demo,Synthetic demo metadata,https://github.com/wa52/ai-customer-service/tree/main/data,synthetic_demo,false
DEMO-IMAGE-2595,earring,synthetic_demo,Synthetic demo metadata,https://github.com/wa52/ai-customer-service/tree/main/data,synthetic_demo,false
DEMO-IMAGE-2596,bracelet,synthetic_demo,Synthetic demo metadata,https://github.com/wa52/ai-customer-service/tree/main/data,synthetic_demo,false
DEMO-IMAGE-2597,ring,synthetic_demo,Synthetic demo metadata,https://github.com/wa52/ai-customer-service/tree/main/data,synthetic_demo,false
DEMO-IMAGE-2598,necklace,synthetic_demo,Synthetic demo metadata,https://github.com/wa52/ai-customer-service/tree/main/data,synthetic_demo,false
DEMO-IMAGE-2599,earring,synthetic_demo,Synthetic demo metadata,https://github.com/wa52/ai-customer-service/tree/main/data,synthetic_demo,false
DEMO-IMAGE-2600,bracelet,synthetic_demo,Synthetic demo metadata,https://github.com/wa52/ai-customer-service/tree/main/data,synthetic_demo,false
DEMO-IMAGE-2601,ring,synthetic_demo,Synthetic demo metadata,https://github.com/wa52/ai-customer-service/tree/main/data,synthetic_demo,false
DEMO-IMAGE-2602,necklace,synthetic_demo,Synthetic demo metadata,https://github.com/wa52/ai-customer-service/tree/main/data,synthetic_demo,false
DEMO-IMAGE-2603,earring,synthetic_demo,Synthetic demo metadata,https://github.com/wa52/ai-customer-service/tree/main/data,synthetic_demo,false
DEMO-IMAGE-2604,bracelet,synthetic_demo,Synthetic demo metadata,https://github.com/wa52/ai-customer-service/tree/main/data,synthetic_demo,false
DEMO-IMAGE-2605,ring,synthetic_demo,Synthetic demo metadata,https://github.com/wa52/ai-customer-service/tree/main/data,synthetic_demo,false
DEMO-IMAGE-2606,necklace,synthetic_demo,Synthetic demo metadata,https://github.com/wa52/ai-customer-service/tree/main/data,synthetic_demo,false
DEMO-IMAGE-2607,earring,synthetic_demo,Synthetic demo metadata,https://github.com/wa52/ai-customer-service/tree/main/data,synthetic_demo,false
DEMO-IMAGE-2608,bracelet,synthetic_demo,Synthetic demo metadata,https://github.com/wa52/ai-customer-service/tree/main/data,synthetic_demo,false
DEMO-IMAGE-2609,ring,synthetic_demo,Synthetic demo metadata,https://github.com/wa52/ai-customer-service/tree/main/data,synthetic_demo,false
DEMO-IMAGE-2610,necklace,synthetic_demo,Synthetic demo metadata,https://github.com/wa52/ai-customer-service/tree/main/data,synthetic_demo,false
DEMO-IMAGE-2611,earring,synthetic_demo,Synthetic demo metadata,https://github.com/wa52/ai-customer-service/tree/main/data,synthetic_demo,false
DEMO-IMAGE-2612,bracelet,synthetic_demo,Synthetic demo metadata,https://github.com/wa52/ai-customer-service/tree/main/data,synthetic_demo,false
DEMO-IMAGE-2613,ring,synthetic_demo,Synthetic demo metadata,https://github.com/wa52/ai-customer-service/tree/main/data,synthetic_demo,false
DEMO-IMAGE-2614,necklace,synthetic_demo,Synthetic demo metadata,https://github.com/wa52/ai-customer-service/tree/main/data,synthetic_demo,false
DEMO-IMAGE-2615,earring,synthetic_demo,Synthetic demo metadata,https://github.com/wa52/ai-customer-service/tree/main/data,synthetic_demo,false
DEMO-IMAGE-2616,bracelet,synthetic_demo,Synthetic demo metadata,https://github.com/wa52/ai-customer-service/tree/main/data,synthetic_demo,false
DEMO-IMAGE-2617,ring,synthetic_demo,Synthetic demo metadata,https://github.com/wa52/ai-customer-service/tree/main/data,synthetic_demo,false
DEMO-IMAGE-2618,necklace,synthetic_demo,Synthetic demo metadata,https://github.com/wa52/ai-customer-service/tree/main/data,synthetic_demo,false
DEMO-IMAGE-2619,earring,synthetic_demo,Synthetic demo metadata,https://github.com/wa52/ai-customer-service/tree/main/data,synthetic_demo,false
DEMO-IMAGE-2620,bracelet,synthetic_demo,Synthetic demo metadata,https://github.com/wa52/ai-customer-service/tree/main/data,synthetic_demo,false
DEMO-IMAGE-2621,ring,synthetic_demo,Synthetic demo metadata,https://github.com/wa52/ai-customer-service/tree/main/data,synthetic_demo,false
DEMO-IMAGE-2622,necklace,synthetic_demo,Synthetic demo metadata,https://github.com/wa52/ai-customer-service/tree/main/data,synthetic_demo,false
DEMO-IMAGE-2623,earring,synthetic_demo,Synthetic demo metadata,https://github.com/wa52/ai-customer-service/tree/main/data,synthetic_demo,false
DEMO-IMAGE-2624,bracelet,synthetic_demo,Synthetic demo metadata,https://github.com/wa52/ai-customer-service/tree/main/data,synthetic_demo,false
DEMO-IMAGE-2625,ring,synthetic_demo,Synthetic demo metadata,https://github.com/wa52/ai-customer-service/tree/main/data,synthetic_demo,false
DEMO-IMAGE-2626,necklace,synthetic_demo,Synthetic demo metadata,https://github.com/wa52/ai-customer-service/tree/main/data,synthetic_demo,false
DEMO-IMAGE-2627,earring,synthetic_demo,Synthetic demo metadata,https://github.com/wa52/ai-customer-service/tree/main/data,synthetic_demo,false
DEMO-IMAGE-2628,bracelet,synthetic_demo,Synthetic demo metadata,https://github.com/wa52/ai-customer-service/tree/main/data,synthetic_demo,false
DEMO-IMAGE-2629,ring,synthetic_demo,Synthetic demo metadata,https://github.com/wa52/ai-customer-service/tree/main/data,synthetic_demo,false
DEMO-IMAGE-2630,necklace,synthetic_demo,Synthetic demo metadata,https://github.com/wa52/ai-customer-service/tree/main/data,synthetic_demo,false
DEMO-IMAGE-2631,earring,synthetic_demo,Synthetic demo metadata,https://github.com/wa52/ai-customer-service/tree/main/data,synthetic_demo,false
DEMO-IMAGE-2632,bracelet,synthetic_demo,Synthetic demo metadata,https://github.com/wa52/ai-customer-service/tree/main/data,synthetic_demo,false
DEMO-IMAGE-2633,ring,synthetic_demo,Synthetic demo metadata,https://github.com/wa52/ai-customer-service/tree/main/data,synthetic_demo,false
DEMO-IMAGE-2634,necklace,synthetic_demo,Synthetic demo metadata,https://github.com/wa52/ai-customer-service/tree/main/data,synthetic_demo,false
DEMO-IMAGE-2635,earring,synthetic_demo,Synthetic demo metadata,https://github.com/wa52/ai-customer-service/tree/main/data,synthetic_demo,false
DEMO-IMAGE-2636,bracelet,synthetic_demo,Synthetic demo metadata,https://github.com/wa52/ai-customer-service/tree/main/data,synthetic_demo,false
DEMO-IMAGE-2637,ring,synthetic_demo,Synthetic demo metadata,https://github.com/wa52/ai-customer-service/tree/main/data,synthetic_demo,false
DEMO-IMAGE-2638,necklace,synthetic_demo,Synthetic demo metadata,https://github.com/wa52/ai-customer-service/tree/main/data,synthetic_demo,false
DEMO-IMAGE-2639,earring,synthetic_demo,Synthetic demo metadata,https://github.com/wa52/ai-customer-service/tree/main/data,synthetic_demo,false
DEMO-IMAGE-2640,bracelet,synthetic_demo,Synthetic demo metadata,https://github.com/wa52/ai-customer-service/tree/main/data,synthetic_demo,false
DEMO-IMAGE-2641,ring,synthetic_demo,Synthetic demo metadata,https://github.com/wa52/ai-customer-service/tree/main/data,synthetic_demo,false
DEMO-IMAGE-2642,necklace,synthetic_demo,Synthetic demo metadata,https://github.com/wa52/ai-customer-service/tree/main/data,synthetic_demo,false
DEMO-IMAGE-2643,earring,synthetic_demo,Synthetic demo metadata,https://github.com/wa52/ai-customer-service/tree/main/data,synthetic_demo,false
DEMO-IMAGE-2644,bracelet,synthetic_demo,Synthetic demo metadata,https://github.com/wa52/ai-customer-service/tree/main/data,synthetic_demo,false
DEMO-IMAGE-2645,ring,synthetic_demo,Synthetic demo metadata,https://github.com/wa52/ai-customer-service/tree/main/data,synthetic_demo,false
DEMO-IMAGE-2646,necklace,synthetic_demo,Synthetic demo metadata,https://github.com/wa52/ai-customer-service/tree/main/data,synthetic_demo,false
DEMO-IMAGE-2647,earring,synthetic_demo,Synthetic demo metadata,https://github.com/wa52/ai-customer-service/tree/main/data,synthetic_demo,false
DEMO-IMAGE-2648,bracelet,synthetic_demo,Synthetic demo metadata,https://github.com/wa52/ai-customer-service/tree/main/data,synthetic_demo,false
DEMO-IMAGE-2649,ring,synthetic_demo,Synthetic demo metadata,https://github.com/wa52/ai-customer-service/tree/main/data,synthetic_demo,false
DEMO-IMAGE-2650,necklace,synthetic_demo,Synthetic demo metadata,https://github.com/wa52/ai-customer-service/tree/main/data,synthetic_demo,false
DEMO-IMAGE-2651,earring,synthetic_demo,Synthetic demo metadata,https://github.com/wa52/ai-customer-service/tree/main/data,synthetic_demo,false
DEMO-IMAGE-2652,bracelet,synthetic_demo,Synthetic demo metadata,https://github.com/wa52/ai-customer-service/tree/main/data,synthetic_demo,false
DEMO-IMAGE-2653,ring,synthetic_demo,Synthetic demo metadata,https://github.com/wa52/ai-customer-service/tree/main/data,synthetic_demo,false
DEMO-IMAGE-2654,necklace,synthetic_demo,Synthetic demo metadata,https://github.com/wa52/ai-customer-service/tree/main/data,synthetic_demo,false
DEMO-IMAGE-2655,earring,synthetic_demo,Synthetic demo metadata,https://github.com/wa52/ai-customer-service/tree/main/data,synthetic_demo,false
DEMO-IMAGE-2656,bracelet,synthetic_demo,Synthetic demo metadata,https://github.com/wa52/ai-customer-service/tree/main/data,synthetic_demo,false
DEMO-IMAGE-2657,ring,synthetic_demo,Synthetic demo metadata,https://github.com/wa52/ai-customer-service/tree/main/data,synthetic_demo,false
DEMO-IMAGE-2658,necklace,synthetic_demo,Synthetic demo metadata,https://github.com/wa52/ai-customer-service/tree/main/data,synthetic_demo,false
DEMO-IMAGE-2659,earring,synthetic_demo,Synthetic demo metadata,https://github.com/wa52/ai-customer-service/tree/main/data,synthetic_demo,false
DEMO-IMAGE-2660,bracelet,synthetic_demo,Synthetic demo metadata,https://github.com/wa52/ai-customer-service/tree/main/data,synthetic_demo,false
DEMO-IMAGE-2661,ring,synthetic_demo,Synthetic demo metadata,https://github.com/wa52/ai-customer-service/tree/main/data,synthetic_demo,false
DEMO-IMAGE-2662,necklace,synthetic_demo,Synthetic demo metadata,https://github.com/wa52/ai-customer-service/tree/main/data,synthetic_demo,false
DEMO-IMAGE-2663,earring,synthetic_demo,Synthetic demo metadata,https://github.com/wa52/ai-customer-service/tree/main/data,synthetic_demo,false
DEMO-IMAGE-2664,bracelet,synthetic_demo,Synthetic demo metadata,https://github.com/wa52/ai-customer-service/tree/main/data,synthetic_demo,false
DEMO-IMAGE-2665,ring,synthetic_demo,Synthetic demo metadata,https://github.com/wa52/ai-customer-service/tree/main/data,synthetic_demo,false
DEMO-IMAGE-2666,necklace,synthetic_demo,Synthetic demo metadata,https://github.com/wa52/ai-customer-service/tree/main/data,synthetic_demo,false
DEMO-IMAGE-2667,earring,synthetic_demo,Synthetic demo metadata,https://github.com/wa52/ai-customer-service/tree/main/data,synthetic_demo,false
DEMO-IMAGE-2668,bracelet,synthetic_demo,Synthetic demo metadata,https://github.com/wa52/ai-customer-service/tree/main/data,synthetic_demo,false
DEMO-IMAGE-2669,ring,synthetic_demo,Synthetic demo metadata,https://github.com/wa52/ai-customer-service/tree/main/data,synthetic_demo,false
DEMO-IMAGE-2670,necklace,synthetic_demo,Synthetic demo metadata,https://github.com/wa52/ai-customer-service/tree/main/data,synthetic_demo,false
DEMO-IMAGE-2671,earring,synthetic_demo,Synthetic demo metadata,https://github.com/wa52/ai-customer-service/tree/main/data,synthetic_demo,false
DEMO-IMAGE-2672,bracelet,synthetic_demo,Synthetic demo metadata,https://github.com/wa52/ai-customer-service/tree/main/data,synthetic_demo,false
DEMO-IMAGE-2673,ring,synthetic_demo,Synthetic demo metadata,https://github.com/wa52/ai-customer-service/tree/main/data,synthetic_demo,false
DEMO-IMAGE-2674,necklace,synthetic_demo,Synthetic demo metadata,https://github.com/wa52/ai-customer-service/tree/main/data,synthetic_demo,false
DEMO-IMAGE-2675,earring,synthetic_demo,Synthetic demo metadata,https://github.com/wa52/ai-customer-service/tree/main/data,synthetic_demo,false
DEMO-IMAGE-2676,bracelet,synthetic_demo,Synthetic demo metadata,https://github.com/wa52/ai-customer-service/tree/main/data,synthetic_demo,false
DEMO-IMAGE-2677,ring,synthetic_demo,Synthetic demo metadata,https://github.com/wa52/ai-customer-service/tree/main/data,synthetic_demo,false
DEMO-IMAGE-2678,necklace,synthetic_demo,Synthetic demo metadata,https://github.com/wa52/ai-customer-service/tree/main/data,synthetic_demo,false
DEMO-IMAGE-2679,earring,synthetic_demo,Synthetic demo metadata,https://github.com/wa52/ai-customer-service/tree/main/data,synthetic_demo,false
DEMO-IMAGE-2680,bracelet,synthetic_demo,Synthetic demo metadata,https://github.com/wa52/ai-customer-service/tree/main/data,synthetic_demo,false
DEMO-IMAGE-2681,ring,synthetic_demo,Synthetic demo metadata,https://github.com/wa52/ai-customer-service/tree/main/data,synthetic_demo,false
DEMO-IMAGE-2682,necklace,synthetic_demo,Synthetic demo metadata,https://github.com/wa52/ai-customer-service/tree/main/data,synthetic_demo,false
DEMO-IMAGE-2683,earring,synthetic_demo,Synthetic demo metadata,https://github.com/wa52/ai-customer-service/tree/main/data,synthetic_demo,false
DEMO-IMAGE-2684,bracelet,synthetic_demo,Synthetic demo metadata,https://github.com/wa52/ai-customer-service/tree/main/data,synthetic_demo,false
DEMO-IMAGE-2685,ring,synthetic_demo,Synthetic demo metadata,https://github.com/wa52/ai-customer-service/tree/main/data,synthetic_demo,false
DEMO-IMAGE-2686,necklace,synthetic_demo,Synthetic demo metadata,https://github.com/wa52/ai-customer-service/tree/main/data,synthetic_demo,false
DEMO-IMAGE-2687,earring,synthetic_demo,Synthetic demo metadata,https://github.com/wa52/ai-customer-service/tree/main/data,synthetic_demo,false
DEMO-IMAGE-2688,bracelet,synthetic_demo,Synthetic demo metadata,https://github.com/wa52/ai-customer-service/tree/main/data,synthetic_demo,false
DEMO-IMAGE-2689,ring,synthetic_demo,Synthetic demo metadata,https://github.com/wa52/ai-customer-service/tree/main/data,synthetic_demo,false
DEMO-IMAGE-2690,necklace,synthetic_demo,Synthetic demo metadata,https://github.com/wa52/ai-customer-service/tree/main/data,synthetic_demo,false
DEMO-IMAGE-2691,earring,synthetic_demo,Synthetic demo metadata,https://github.com/wa52/ai-customer-service/tree/main/data,synthetic_demo,false
DEMO-IMAGE-2692,bracelet,synthetic_demo,Synthetic demo metadata,https://github.com/wa52/ai-customer-service/tree/main/data,synthetic_demo,false
DEMO-IMAGE-2693,ring,synthetic_demo,Synthetic demo metadata,https://github.com/wa52/ai-customer-service/tree/main/data,synthetic_demo,false
DEMO-IMAGE-2694,necklace,synthetic_demo,Synthetic demo metadata,https://github.com/wa52/ai-customer-service/tree/main/data,synthetic_demo,false
DEMO-IMAGE-2695,earring,synthetic_demo,Synthetic demo metadata,https://github.com/wa52/ai-customer-service/tree/main/data,synthetic_demo,false
DEMO-IMAGE-2696,bracelet,synthetic_demo,Synthetic demo metadata,https://github.com/wa52/ai-customer-service/tree/main/data,synthetic_demo,false
DEMO-IMAGE-2697,ring,synthetic_demo,Synthetic demo metadata,https://github.com/wa52/ai-customer-service/tree/main/data,synthetic_demo,false
DEMO-IMAGE-2698,necklace,synthetic_demo,Synthetic demo metadata,https://github.com/wa52/ai-customer-service/tree/main/data,synthetic_demo,false
DEMO-IMAGE-2699,earring,synthetic_demo,Synthetic demo metadata,https://github.com/wa52/ai-customer-service/tree/main/data,synthetic_demo,false
DEMO-IMAGE-2700,bracelet,synthetic_demo,Synthetic demo metadata,https://github.com/wa52/ai-customer-service/tree/main/data,synthetic_demo,false
DEMO-IMAGE-2701,ring,synthetic_demo,Synthetic demo metadata,https://github.com/wa52/ai-customer-service/tree/main/data,synthetic_demo,false
DEMO-IMAGE-2702,necklace,synthetic_demo,Synthetic demo metadata,https://github.com/wa52/ai-customer-service/tree/main/data,synthetic_demo,false
DEMO-IMAGE-2703,earring,synthetic_demo,Synthetic demo metadata,https://github.com/wa52/ai-customer-service/tree/main/data,synthetic_demo,false
DEMO-IMAGE-2704,bracelet,synthetic_demo,Synthetic demo metadata,https://github.com/wa52/ai-customer-service/tree/main/data,synthetic_demo,false
DEMO-IMAGE-2705,ring,synthetic_demo,Synthetic demo metadata,https://github.com/wa52/ai-customer-service/tree/main/data,synthetic_demo,false
DEMO-IMAGE-2706,necklace,synthetic_demo,Synthetic demo metadata,https://github.com/wa52/ai-customer-service/tree/main/data,synthetic_demo,false
DEMO-IMAGE-2707,earring,synthetic_demo,Synthetic demo metadata,https://github.com/wa52/ai-customer-service/tree/main/data,synthetic_demo,false
DEMO-IMAGE-2708,bracelet,synthetic_demo,Synthetic demo metadata,https://github.com/wa52/ai-customer-service/tree/main/data,synthetic_demo,false
DEMO-IMAGE-2709,ring,synthetic_demo,Synthetic demo metadata,https://github.com/wa52/ai-customer-service/tree/main/data,synthetic_demo,false
DEMO-IMAGE-2710,necklace,synthetic_demo,Synthetic demo metadata,https://github.com/wa52/ai-customer-service/tree/main/data,synthetic_demo,false
DEMO-IMAGE-2711,earring,synthetic_demo,Synthetic demo metadata,https://github.com/wa52/ai-customer-service/tree/main/data,synthetic_demo,false
DEMO-IMAGE-2712,bracelet,synthetic_demo,Synthetic demo metadata,https://github.com/wa52/ai-customer-service/tree/main/data,synthetic_demo,false
DEMO-IMAGE-2713,ring,synthetic_demo,Synthetic demo metadata,https://github.com/wa52/ai-customer-service/tree/main/data,synthetic_demo,false
DEMO-IMAGE-2714,necklace,synthetic_demo,Synthetic demo metadata,https://github.com/wa52/ai-customer-service/tree/main/data,synthetic_demo,false
DEMO-IMAGE-2715,earring,synthetic_demo,Synthetic demo metadata,https://github.com/wa52/ai-customer-service/tree/main/data,synthetic_demo,false
DEMO-IMAGE-2716,bracelet,synthetic_demo,Synthetic demo metadata,https://github.com/wa52/ai-customer-service/tree/main/data,synthetic_demo,false
DEMO-IMAGE-2717,ring,synthetic_demo,Synthetic demo metadata,https://github.com/wa52/ai-customer-service/tree/main/data,synthetic_demo,false
DEMO-IMAGE-2718,necklace,synthetic_demo,Synthetic demo metadata,https://github.com/wa52/ai-customer-service/tree/main/data,synthetic_demo,false
DEMO-IMAGE-2719,earring,synthetic_demo,Synthetic demo metadata,https://github.com/wa52/ai-customer-service/tree/main/data,synthetic_demo,false
DEMO-IMAGE-2720,bracelet,synthetic_demo,Synthetic demo metadata,https://github.com/wa52/ai-customer-service/tree/main/data,synthetic_demo,false
DEMO-IMAGE-2721,ring,synthetic_demo,Synthetic demo metadata,https://github.com/wa52/ai-customer-service/tree/main/data,synthetic_demo,false
DEMO-IMAGE-2722,necklace,synthetic_demo,Synthetic demo metadata,https://github.com/wa52/ai-customer-service/tree/main/data,synthetic_demo,false
DEMO-IMAGE-2723,earring,synthetic_demo,Synthetic demo metadata,https://github.com/wa52/ai-customer-service/tree/main/data,synthetic_demo,false
DEMO-IMAGE-2724,bracelet,synthetic_demo,Synthetic demo metadata,https://github.com/wa52/ai-customer-service/tree/main/data,synthetic_demo,false
DEMO-IMAGE-2725,ring,synthetic_demo,Synthetic demo metadata,https://github.com/wa52/ai-customer-service/tree/main/data,synthetic_demo,false
DEMO-IMAGE-2726,necklace,synthetic_demo,Synthetic demo metadata,https://github.com/wa52/ai-customer-service/tree/main/data,synthetic_demo,false
DEMO-IMAGE-2727,earring,synthetic_demo,Synthetic demo metadata,https://github.com/wa52/ai-customer-service/tree/main/data,synthetic_demo,false
DEMO-IMAGE-2728,bracelet,synthetic_demo,Synthetic demo metadata,https://github.com/wa52/ai-customer-service/tree/main/data,synthetic_demo,false
DEMO-IMAGE-2729,ring,synthetic_demo,Synthetic demo metadata,https://github.com/wa52/ai-customer-service/tree/main/data,synthetic_demo,false
DEMO-IMAGE-2730,necklace,synthetic_demo,Synthetic demo metadata,https://github.com/wa52/ai-customer-service/tree/main/data,synthetic_demo,false
DEMO-IMAGE-2731,earring,synthetic_demo,Synthetic demo metadata,https://github.com/wa52/ai-customer-service/tree/main/data,synthetic_demo,false
DEMO-IMAGE-2732,bracelet,synthetic_demo,Synthetic demo metadata,https://github.com/wa52/ai-customer-service/tree/main/data,synthetic_demo,false
DEMO-IMAGE-2733,ring,synthetic_demo,Synthetic demo metadata,https://github.com/wa52/ai-customer-service/tree/main/data,synthetic_demo,false
DEMO-IMAGE-2734,necklace,synthetic_demo,Synthetic demo metadata,https://github.com/wa52/ai-customer-service/tree/main/data,synthetic_demo,false
DEMO-IMAGE-2735,earring,synthetic_demo,Synthetic demo metadata,https://github.com/wa52/ai-customer-service/tree/main/data,synthetic_demo,false
DEMO-IMAGE-2736,bracelet,synthetic_demo,Synthetic demo metadata,https://github.com/wa52/ai-customer-service/tree/main/data,synthetic_demo,false
DEMO-IMAGE-2737,ring,synthetic_demo,Synthetic demo metadata,https://github.com/wa52/ai-customer-service/tree/main/data,synthetic_demo,false
DEMO-IMAGE-2738,necklace,synthetic_demo,Synthetic demo metadata,https://github.com/wa52/ai-customer-service/tree/main/data,synthetic_demo,false
DEMO-IMAGE-2739,earring,synthetic_demo,Synthetic demo metadata,https://github.com/wa52/ai-customer-service/tree/main/data,synthetic_demo,false
DEMO-IMAGE-2740,bracelet,synthetic_demo,Synthetic demo metadata,https://github.com/wa52/ai-customer-service/tree/main/data,synthetic_demo,false
DEMO-IMAGE-2741,ring,synthetic_demo,Synthetic demo metadata,https://github.com/wa52/ai-customer-service/tree/main/data,synthetic_demo,false
DEMO-IMAGE-2742,necklace,synthetic_demo,Synthetic demo metadata,https://github.com/wa52/ai-customer-service/tree/main/data,synthetic_demo,false
DEMO-IMAGE-2743,earring,synthetic_demo,Synthetic demo metadata,https://github.com/wa52/ai-customer-service/tree/main/data,synthetic_demo,false
DEMO-IMAGE-2744,bracelet,synthetic_demo,Synthetic demo metadata,https://github.com/wa52/ai-customer-service/tree/main/data,synthetic_demo,false
DEMO-IMAGE-2745,ring,synthetic_demo,Synthetic demo metadata,https://github.com/wa52/ai-customer-service/tree/main/data,synthetic_demo,false
DEMO-IMAGE-2746,necklace,synthetic_demo,Synthetic demo metadata,https://github.com/wa52/ai-customer-service/tree/main/data,synthetic_demo,false
DEMO-IMAGE-2747,earring,synthetic_demo,Synthetic demo metadata,https://github.com/wa52/ai-customer-service/tree/main/data,synthetic_demo,false
DEMO-IMAGE-2748,bracelet,synthetic_demo,Synthetic demo metadata,https://github.com/wa52/ai-customer-service/tree/main/data,synthetic_demo,false
DEMO-IMAGE-2749,ring,synthetic_demo,Synthetic demo metadata,https://github.com/wa52/ai-customer-service/tree/main/data,synthetic_demo,false
DEMO-IMAGE-2750,necklace,synthetic_demo,Synthetic demo metadata,https://github.com/wa52/ai-customer-service/tree/main/data,synthetic_demo,false
DEMO-IMAGE-2751,earring,synthetic_demo,Synthetic demo metadata,https://github.com/wa52/ai-customer-service/tree/main/data,synthetic_demo,false
DEMO-IMAGE-2752,bracelet,synthetic_demo,Synthetic demo metadata,https://github.com/wa52/ai-customer-service/tree/main/data,synthetic_demo,false
DEMO-IMAGE-2753,ring,synthetic_demo,Synthetic demo metadata,https://github.com/wa52/ai-customer-service/tree/main/data,synthetic_demo,false
DEMO-IMAGE-2754,necklace,synthetic_demo,Synthetic demo metadata,https://github.com/wa52/ai-customer-service/tree/main/data,synthetic_demo,false
DEMO-IMAGE-2755,earring,synthetic_demo,Synthetic demo metadata,https://github.com/wa52/ai-customer-service/tree/main/data,synthetic_demo,false
DEMO-IMAGE-2756,bracelet,synthetic_demo,Synthetic demo metadata,https://github.com/wa52/ai-customer-service/tree/main/data,synthetic_demo,false
DEMO-IMAGE-2757,ring,synthetic_demo,Synthetic demo metadata,https://github.com/wa52/ai-customer-service/tree/main/data,synthetic_demo,false
DEMO-IMAGE-2758,necklace,synthetic_demo,Synthetic demo metadata,https://github.com/wa52/ai-customer-service/tree/main/data,synthetic_demo,false
DEMO-IMAGE-2759,earring,synthetic_demo,Synthetic demo metadata,https://github.com/wa52/ai-customer-service/tree/main/data,synthetic_demo,false
DEMO-IMAGE-2760,bracelet,synthetic_demo,Synthetic demo metadata,https://github.com/wa52/ai-customer-service/tree/main/data,synthetic_demo,false
DEMO-IMAGE-2761,ring,synthetic_demo,Synthetic demo metadata,https://github.com/wa52/ai-customer-service/tree/main/data,synthetic_demo,false
DEMO-IMAGE-2762,necklace,synthetic_demo,Synthetic demo metadata,https://github.com/wa52/ai-customer-service/tree/main/data,synthetic_demo,false
DEMO-IMAGE-2763,earring,synthetic_demo,Synthetic demo metadata,https://github.com/wa52/ai-customer-service/tree/main/data,synthetic_demo,false
DEMO-IMAGE-2764,bracelet,synthetic_demo,Synthetic demo metadata,https://github.com/wa52/ai-customer-service/tree/main/data,synthetic_demo,false
DEMO-IMAGE-2765,ring,synthetic_demo,Synthetic demo metadata,https://github.com/wa52/ai-customer-service/tree/main/data,synthetic_demo,false
DEMO-IMAGE-2766,necklace,synthetic_demo,Synthetic demo metadata,https://github.com/wa52/ai-customer-service/tree/main/data,synthetic_demo,false
DEMO-IMAGE-2767,earring,synthetic_demo,Synthetic demo metadata,https://github.com/wa52/ai-customer-service/tree/main/data,synthetic_demo,false
DEMO-IMAGE-2768,bracelet,synthetic_demo,Synthetic demo metadata,https://github.com/wa52/ai-customer-service/tree/main/data,synthetic_demo,false
DEMO-IMAGE-2769,ring,synthetic_demo,Synthetic demo metadata,https://github.com/wa52/ai-customer-service/tree/main/data,synthetic_demo,false
DEMO-IMAGE-2770,necklace,synthetic_demo,Synthetic demo metadata,https://github.com/wa52/ai-customer-service/tree/main/data,synthetic_demo,false
DEMO-IMAGE-2771,earring,synthetic_demo,Synthetic demo metadata,https://github.com/wa52/ai-customer-service/tree/main/data,synthetic_demo,false
DEMO-IMAGE-2772,bracelet,synthetic_demo,Synthetic demo metadata,https://github.com/wa52/ai-customer-service/tree/main/data,synthetic_demo,false
DEMO-IMAGE-2773,ring,synthetic_demo,Synthetic demo metadata,https://github.com/wa52/ai-customer-service/tree/main/data,synthetic_demo,false
DEMO-IMAGE-2774,necklace,synthetic_demo,Synthetic demo metadata,https://github.com/wa52/ai-customer-service/tree/main/data,synthetic_demo,false
DEMO-IMAGE-2775,earring,synthetic_demo,Synthetic demo metadata,https://github.com/wa52/ai-customer-service/tree/main/data,synthetic_demo,false
DEMO-IMAGE-2776,bracelet,synthetic_demo,Synthetic demo metadata,https://github.com/wa52/ai-customer-service/tree/main/data,synthetic_demo,false
DEMO-IMAGE-2777,ring,synthetic_demo,Synthetic demo metadata,https://github.com/wa52/ai-customer-service/tree/main/data,synthetic_demo,false
DEMO-IMAGE-2778,necklace,synthetic_demo,Synthetic demo metadata,https://github.com/wa52/ai-customer-service/tree/main/data,synthetic_demo,false
DEMO-IMAGE-2779,earring,synthetic_demo,Synthetic demo metadata,https://github.com/wa52/ai-customer-service/tree/main/data,synthetic_demo,false
DEMO-IMAGE-2780,bracelet,synthetic_demo,Synthetic demo metadata,https://github.com/wa52/ai-customer-service/tree/main/data,synthetic_demo,false
DEMO-IMAGE-2781,ring,synthetic_demo,Synthetic demo metadata,https://github.com/wa52/ai-customer-service/tree/main/data,synthetic_demo,false
DEMO-IMAGE-2782,necklace,synthetic_demo,Synthetic demo metadata,https://github.com/wa52/ai-customer-service/tree/main/data,synthetic_demo,false
DEMO-IMAGE-2783,earring,synthetic_demo,Synthetic demo metadata,https://github.com/wa52/ai-customer-service/tree/main/data,synthetic_demo,false
DEMO-IMAGE-2784,bracelet,synthetic_demo,Synthetic demo metadata,https://github.com/wa52/ai-customer-service/tree/main/data,synthetic_demo,false
DEMO-IMAGE-2785,ring,synthetic_demo,Synthetic demo metadata,https://github.com/wa52/ai-customer-service/tree/main/data,synthetic_demo,false
DEMO-IMAGE-2786,necklace,synthetic_demo,Synthetic demo metadata,https://github.com/wa52/ai-customer-service/tree/main/data,synthetic_demo,false
DEMO-IMAGE-2787,earring,synthetic_demo,Synthetic demo metadata,https://github.com/wa52/ai-customer-service/tree/main/data,synthetic_demo,false
DEMO-IMAGE-2788,bracelet,synthetic_demo,Synthetic demo metadata,https://github.com/wa52/ai-customer-service/tree/main/data,synthetic_demo,false
DEMO-IMAGE-2789,ring,synthetic_demo,Synthetic demo metadata,https://github.com/wa52/ai-customer-service/tree/main/data,synthetic_demo,false
DEMO-IMAGE-2790,necklace,synthetic_demo,Synthetic demo metadata,https://github.com/wa52/ai-customer-service/tree/main/data,synthetic_demo,false
DEMO-IMAGE-2791,earring,synthetic_demo,Synthetic demo metadata,https://github.com/wa52/ai-customer-service/tree/main/data,synthetic_demo,false
DEMO-IMAGE-2792,bracelet,synthetic_demo,Synthetic demo metadata,https://github.com/wa52/ai-customer-service/tree/main/data,synthetic_demo,false
DEMO-IMAGE-2793,ring,synthetic_demo,Synthetic demo metadata,https://github.com/wa52/ai-customer-service/tree/main/data,synthetic_demo,false
DEMO-IMAGE-2794,necklace,synthetic_demo,Synthetic demo metadata,https://github.com/wa52/ai-customer-service/tree/main/data,synthetic_demo,false
DEMO-IMAGE-2795,earring,synthetic_demo,Synthetic demo metadata,https://github.com/wa52/ai-customer-service/tree/main/data,synthetic_demo,false
DEMO-IMAGE-2796,bracelet,synthetic_demo,Synthetic demo metadata,https://github.com/wa52/ai-customer-service/tree/main/data,synthetic_demo,false
DEMO-IMAGE-2797,ring,synthetic_demo,Synthetic demo metadata,https://github.com/wa52/ai-customer-service/tree/main/data,synthetic_demo,false
DEMO-IMAGE-2798,necklace,synthetic_demo,Synthetic demo metadata,https://github.com/wa52/ai-customer-service/tree/main/data,synthetic_demo,false
DEMO-IMAGE-2799,earring,synthetic_demo,Synthetic demo metadata,https://github.com/wa52/ai-customer-service/tree/main/data,synthetic_demo,false
DEMO-IMAGE-2800,bracelet,synthetic_demo,Synthetic demo metadata,https://github.com/wa52/ai-customer-service/tree/main/data,synthetic_demo,false
DEMO-IMAGE-2801,ring,synthetic_demo,Synthetic demo metadata,https://github.com/wa52/ai-customer-service/tree/main/data,synthetic_demo,false
DEMO-IMAGE-2802,necklace,synthetic_demo,Synthetic demo metadata,https://github.com/wa52/ai-customer-service/tree/main/data,synthetic_demo,false
DEMO-IMAGE-2803,earring,synthetic_demo,Synthetic demo metadata,https://github.com/wa52/ai-customer-service/tree/main/data,synthetic_demo,false
DEMO-IMAGE-2804,bracelet,synthetic_demo,Synthetic demo metadata,https://github.com/wa52/ai-customer-service/tree/main/data,synthetic_demo,false
DEMO-IMAGE-2805,ring,synthetic_demo,Synthetic demo metadata,https://github.com/wa52/ai-customer-service/tree/main/data,synthetic_demo,false
DEMO-IMAGE-2806,necklace,synthetic_demo,Synthetic demo metadata,https://github.com/wa52/ai-customer-service/tree/main/data,synthetic_demo,false
DEMO-IMAGE-2807,earring,synthetic_demo,Synthetic demo metadata,https://github.com/wa52/ai-customer-service/tree/main/data,synthetic_demo,false
DEMO-IMAGE-2808,bracelet,synthetic_demo,Synthetic demo metadata,https://github.com/wa52/ai-customer-service/tree/main/data,synthetic_demo,false
DEMO-IMAGE-2809,ring,synthetic_demo,Synthetic demo metadata,https://github.com/wa52/ai-customer-service/tree/main/data,synthetic_demo,false
DEMO-IMAGE-2810,necklace,synthetic_demo,Synthetic demo metadata,https://github.com/wa52/ai-customer-service/tree/main/data,synthetic_demo,false
DEMO-IMAGE-2811,earring,synthetic_demo,Synthetic demo metadata,https://github.com/wa52/ai-customer-service/tree/main/data,synthetic_demo,false
DEMO-IMAGE-2812,bracelet,synthetic_demo,Synthetic demo metadata,https://github.com/wa52/ai-customer-service/tree/main/data,synthetic_demo,false
DEMO-IMAGE-2813,ring,synthetic_demo,Synthetic demo metadata,https://github.com/wa52/ai-customer-service/tree/main/data,synthetic_demo,false
DEMO-IMAGE-2814,necklace,synthetic_demo,Synthetic demo metadata,https://github.com/wa52/ai-customer-service/tree/main/data,synthetic_demo,false
DEMO-IMAGE-2815,earring,synthetic_demo,Synthetic demo metadata,https://github.com/wa52/ai-customer-service/tree/main/data,synthetic_demo,false
DEMO-IMAGE-2816,bracelet,synthetic_demo,Synthetic demo metadata,https://github.com/wa52/ai-customer-service/tree/main/data,synthetic_demo,false
DEMO-IMAGE-2817,ring,synthetic_demo,Synthetic demo metadata,https://github.com/wa52/ai-customer-service/tree/main/data,synthetic_demo,false
DEMO-IMAGE-2818,necklace,synthetic_demo,Synthetic demo metadata,https://github.com/wa52/ai-customer-service/tree/main/data,synthetic_demo,false
DEMO-IMAGE-2819,earring,synthetic_demo,Synthetic demo metadata,https://github.com/wa52/ai-customer-service/tree/main/data,synthetic_demo,false
DEMO-IMAGE-2820,bracelet,synthetic_demo,Synthetic demo metadata,https://github.com/wa52/ai-customer-service/tree/main/data,synthetic_demo,false
DEMO-IMAGE-2821,ring,synthetic_demo,Synthetic demo metadata,https://github.com/wa52/ai-customer-service/tree/main/data,synthetic_demo,false
DEMO-IMAGE-2822,necklace,synthetic_demo,Synthetic demo metadata,https://github.com/wa52/ai-customer-service/tree/main/data,synthetic_demo,false
DEMO-IMAGE-2823,earring,synthetic_demo,Synthetic demo metadata,https://github.com/wa52/ai-customer-service/tree/main/data,synthetic_demo,false
DEMO-IMAGE-2824,bracelet,synthetic_demo,Synthetic demo metadata,https://github.com/wa52/ai-customer-service/tree/main/data,synthetic_demo,false
DEMO-IMAGE-2825,ring,synthetic_demo,Synthetic demo metadata,https://github.com/wa52/ai-customer-service/tree/main/data,synthetic_demo,false
DEMO-IMAGE-2826,necklace,synthetic_demo,Synthetic demo metadata,https://github.com/wa52/ai-customer-service/tree/main/data,synthetic_demo,false
DEMO-IMAGE-2827,earring,synthetic_demo,Synthetic demo metadata,https://github.com/wa52/ai-customer-service/tree/main/data,synthetic_demo,false
DEMO-IMAGE-2828,bracelet,synthetic_demo,Synthetic demo metadata,https://github.com/wa52/ai-customer-service/tree/main/data,synthetic_demo,false
DEMO-IMAGE-2829,ring,synthetic_demo,Synthetic demo metadata,https://github.com/wa52/ai-customer-service/tree/main/data,synthetic_demo,false
DEMO-IMAGE-2830,necklace,synthetic_demo,Synthetic demo metadata,https://github.com/wa52/ai-customer-service/tree/main/data,synthetic_demo,false
DEMO-IMAGE-2831,earring,synthetic_demo,Synthetic demo metadata,https://github.com/wa52/ai-customer-service/tree/main/data,synthetic_demo,false
DEMO-IMAGE-2832,bracelet,synthetic_demo,Synthetic demo metadata,https://github.com/wa52/ai-customer-service/tree/main/data,synthetic_demo,false
DEMO-IMAGE-2833,ring,synthetic_demo,Synthetic demo metadata,https://github.com/wa52/ai-customer-service/tree/main/data,synthetic_demo,false
DEMO-IMAGE-2834,necklace,synthetic_demo,Synthetic demo metadata,https://github.com/wa52/ai-customer-service/tree/main/data,synthetic_demo,false
DEMO-IMAGE-2835,earring,synthetic_demo,Synthetic demo metadata,https://github.com/wa52/ai-customer-service/tree/main/data,synthetic_demo,false
DEMO-IMAGE-2836,bracelet,synthetic_demo,Synthetic demo metadata,https://github.com/wa52/ai-customer-service/tree/main/data,synthetic_demo,false
DEMO-IMAGE-2837,ring,synthetic_demo,Synthetic demo metadata,https://github.com/wa52/ai-customer-service/tree/main/data,synthetic_demo,false
DEMO-IMAGE-2838,necklace,synthetic_demo,Synthetic demo metadata,https://github.com/wa52/ai-customer-service/tree/main/data,synthetic_demo,false
DEMO-IMAGE-2839,earring,synthetic_demo,Synthetic demo metadata,https://github.com/wa52/ai-customer-service/tree/main/data,synthetic_demo,false
DEMO-IMAGE-2840,bracelet,synthetic_demo,Synthetic demo metadata,https://github.com/wa52/ai-customer-service/tree/main/data,synthetic_demo,false
DEMO-IMAGE-2841,ring,synthetic_demo,Synthetic demo metadata,https://github.com/wa52/ai-customer-service/tree/main/data,synthetic_demo,false
DEMO-IMAGE-2842,necklace,synthetic_demo,Synthetic demo metadata,https://github.com/wa52/ai-customer-service/tree/main/data,synthetic_demo,false
DEMO-IMAGE-2843,earring,synthetic_demo,Synthetic demo metadata,https://github.com/wa52/ai-customer-service/tree/main/data,synthetic_demo,false
DEMO-IMAGE-2844,bracelet,synthetic_demo,Synthetic demo metadata,https://github.com/wa52/ai-customer-service/tree/main/data,synthetic_demo,false
DEMO-IMAGE-2845,ring,synthetic_demo,Synthetic demo metadata,https://github.com/wa52/ai-customer-service/tree/main/data,synthetic_demo,false
DEMO-IMAGE-2846,necklace,synthetic_demo,Synthetic demo metadata,https://github.com/wa52/ai-customer-service/tree/main/data,synthetic_demo,false
DEMO-IMAGE-2847,earring,synthetic_demo,Synthetic demo metadata,https://github.com/wa52/ai-customer-service/tree/main/data,synthetic_demo,false
DEMO-IMAGE-2848,bracelet,synthetic_demo,Synthetic demo metadata,https://github.com/wa52/ai-customer-service/tree/main/data,synthetic_demo,false
DEMO-IMAGE-2849,ring,synthetic_demo,Synthetic demo metadata,https://github.com/wa52/ai-customer-service/tree/main/data,synthetic_demo,false
DEMO-IMAGE-2850,necklace,synthetic_demo,Synthetic demo metadata,https://github.com/wa52/ai-customer-service/tree/main/data,synthetic_demo,false
DEMO-IMAGE-2851,earring,synthetic_demo,Synthetic demo metadata,https://github.com/wa52/ai-customer-service/tree/main/data,synthetic_demo,false
DEMO-IMAGE-2852,bracelet,synthetic_demo,Synthetic demo metadata,https://github.com/wa52/ai-customer-service/tree/main/data,synthetic_demo,false
DEMO-IMAGE-2853,ring,synthetic_demo,Synthetic demo metadata,https://github.com/wa52/ai-customer-service/tree/main/data,synthetic_demo,false
DEMO-IMAGE-2854,necklace,synthetic_demo,Synthetic demo metadata,https://github.com/wa52/ai-customer-service/tree/main/data,synthetic_demo,false
DEMO-IMAGE-2855,earring,synthetic_demo,Synthetic demo metadata,https://github.com/wa52/ai-customer-service/tree/main/data,synthetic_demo,false
DEMO-IMAGE-2856,bracelet,synthetic_demo,Synthetic demo metadata,https://github.com/wa52/ai-customer-service/tree/main/data,synthetic_demo,false
DEMO-IMAGE-2857,ring,synthetic_demo,Synthetic demo metadata,https://github.com/wa52/ai-customer-service/tree/main/data,synthetic_demo,false
DEMO-IMAGE-2858,necklace,synthetic_demo,Synthetic demo metadata,https://github.com/wa52/ai-customer-service/tree/main/data,synthetic_demo,false
DEMO-IMAGE-2859,earring,synthetic_demo,Synthetic demo metadata,https://github.com/wa52/ai-customer-service/tree/main/data,synthetic_demo,false
DEMO-IMAGE-2860,bracelet,synthetic_demo,Synthetic demo metadata,https://github.com/wa52/ai-customer-service/tree/main/data,synthetic_demo,false
DEMO-IMAGE-2861,ring,synthetic_demo,Synthetic demo metadata,https://github.com/wa52/ai-customer-service/tree/main/data,synthetic_demo,false
DEMO-IMAGE-2862,necklace,synthetic_demo,Synthetic demo metadata,https://github.com/wa52/ai-customer-service/tree/main/data,synthetic_demo,false
DEMO-IMAGE-2863,earring,synthetic_demo,Synthetic demo metadata,https://github.com/wa52/ai-customer-service/tree/main/data,synthetic_demo,false
DEMO-IMAGE-2864,bracelet,synthetic_demo,Synthetic demo metadata,https://github.com/wa52/ai-customer-service/tree/main/data,synthetic_demo,false
DEMO-IMAGE-2865,ring,synthetic_demo,Synthetic demo metadata,https://github.com/wa52/ai-customer-service/tree/main/data,synthetic_demo,false
DEMO-IMAGE-2866,necklace,synthetic_demo,Synthetic demo metadata,https://github.com/wa52/ai-customer-service/tree/main/data,synthetic_demo,false
DEMO-IMAGE-2867,earring,synthetic_demo,Synthetic demo metadata,https://github.com/wa52/ai-customer-service/tree/main/data,synthetic_demo,false
DEMO-IMAGE-2868,bracelet,synthetic_demo,Synthetic demo metadata,https://github.com/wa52/ai-customer-service/tree/main/data,synthetic_demo,false
DEMO-IMAGE-2869,ring,synthetic_demo,Synthetic demo metadata,https://github.com/wa52/ai-customer-service/tree/main/data,synthetic_demo,false
DEMO-IMAGE-2870,necklace,synthetic_demo,Synthetic demo metadata,https://github.com/wa52/ai-customer-service/tree/main/data,synthetic_demo,false
DEMO-IMAGE-2871,earring,synthetic_demo,Synthetic demo metadata,https://github.com/wa52/ai-customer-service/tree/main/data,synthetic_demo,false
DEMO-IMAGE-2872,bracelet,synthetic_demo,Synthetic demo metadata,https://github.com/wa52/ai-customer-service/tree/main/data,synthetic_demo,false
DEMO-IMAGE-2873,ring,synthetic_demo,Synthetic demo metadata,https://github.com/wa52/ai-customer-service/tree/main/data,synthetic_demo,false
DEMO-IMAGE-2874,necklace,synthetic_demo,Synthetic demo metadata,https://github.com/wa52/ai-customer-service/tree/main/data,synthetic_demo,false
DEMO-IMAGE-2875,earring,synthetic_demo,Synthetic demo metadata,https://github.com/wa52/ai-customer-service/tree/main/data,synthetic_demo,false
DEMO-IMAGE-2876,bracelet,synthetic_demo,Synthetic demo metadata,https://github.com/wa52/ai-customer-service/tree/main/data,synthetic_demo,false
DEMO-IMAGE-2877,ring,synthetic_demo,Synthetic demo metadata,https://github.com/wa52/ai-customer-service/tree/main/data,synthetic_demo,false
DEMO-IMAGE-2878,necklace,synthetic_demo,Synthetic demo metadata,https://github.com/wa52/ai-customer-service/tree/main/data,synthetic_demo,false
DEMO-IMAGE-2879,earring,synthetic_demo,Synthetic demo metadata,https://github.com/wa52/ai-customer-service/tree/main/data,synthetic_demo,false
DEMO-IMAGE-2880,bracelet,synthetic_demo,Synthetic demo metadata,https://github.com/wa52/ai-customer-service/tree/main/data,synthetic_demo,false
DEMO-IMAGE-2881,ring,synthetic_demo,Synthetic demo metadata,https://github.com/wa52/ai-customer-service/tree/main/data,synthetic_demo,false
DEMO-IMAGE-2882,necklace,synthetic_demo,Synthetic demo metadata,https://github.com/wa52/ai-customer-service/tree/main/data,synthetic_demo,false
DEMO-IMAGE-2883,earring,synthetic_demo,Synthetic demo metadata,https://github.com/wa52/ai-customer-service/tree/main/data,synthetic_demo,false
DEMO-IMAGE-2884,bracelet,synthetic_demo,Synthetic demo metadata,https://github.com/wa52/ai-customer-service/tree/main/data,synthetic_demo,false
DEMO-IMAGE-2885,ring,synthetic_demo,Synthetic demo metadata,https://github.com/wa52/ai-customer-service/tree/main/data,synthetic_demo,false
DEMO-IMAGE-2886,necklace,synthetic_demo,Synthetic demo metadata,https://github.com/wa52/ai-customer-service/tree/main/data,synthetic_demo,false
DEMO-IMAGE-2887,earring,synthetic_demo,Synthetic demo metadata,https://github.com/wa52/ai-customer-service/tree/main/data,synthetic_demo,false
DEMO-IMAGE-2888,bracelet,synthetic_demo,Synthetic demo metadata,https://github.com/wa52/ai-customer-service/tree/main/data,synthetic_demo,false
DEMO-IMAGE-2889,ring,synthetic_demo,Synthetic demo metadata,https://github.com/wa52/ai-customer-service/tree/main/data,synthetic_demo,false
DEMO-IMAGE-2890,necklace,synthetic_demo,Synthetic demo metadata,https://github.com/wa52/ai-customer-service/tree/main/data,synthetic_demo,false
DEMO-IMAGE-2891,earring,synthetic_demo,Synthetic demo metadata,https://github.com/wa52/ai-customer-service/tree/main/data,synthetic_demo,false
DEMO-IMAGE-2892,bracelet,synthetic_demo,Synthetic demo metadata,https://github.com/wa52/ai-customer-service/tree/main/data,synthetic_demo,false
DEMO-IMAGE-2893,ring,synthetic_demo,Synthetic demo metadata,https://github.com/wa52/ai-customer-service/tree/main/data,synthetic_demo,false
DEMO-IMAGE-2894,necklace,synthetic_demo,Synthetic demo metadata,https://github.com/wa52/ai-customer-service/tree/main/data,synthetic_demo,false
DEMO-IMAGE-2895,earring,synthetic_demo,Synthetic demo metadata,https://github.com/wa52/ai-customer-service/tree/main/data,synthetic_demo,false
DEMO-IMAGE-2896,bracelet,synthetic_demo,Synthetic demo metadata,https://github.com/wa52/ai-customer-service/tree/main/data,synthetic_demo,false
DEMO-IMAGE-2897,ring,synthetic_demo,Synthetic demo metadata,https://github.com/wa52/ai-customer-service/tree/main/data,synthetic_demo,false
DEMO-IMAGE-2898,necklace,synthetic_demo,Synthetic demo metadata,https://github.com/wa52/ai-customer-service/tree/main/data,synthetic_demo,false
DEMO-IMAGE-2899,earring,synthetic_demo,Synthetic demo metadata,https://github.com/wa52/ai-customer-service/tree/main/data,synthetic_demo,false
DEMO-IMAGE-2900,bracelet,synthetic_demo,Synthetic demo metadata,https://github.com/wa52/ai-customer-service/tree/main/data,synthetic_demo,false
DEMO-IMAGE-2901,ring,synthetic_demo,Synthetic demo metadata,https://github.com/wa52/ai-customer-service/tree/main/data,synthetic_demo,false
DEMO-IMAGE-2902,necklace,synthetic_demo,Synthetic demo metadata,https://github.com/wa52/ai-customer-service/tree/main/data,synthetic_demo,false
DEMO-IMAGE-2903,earring,synthetic_demo,Synthetic demo metadata,https://github.com/wa52/ai-customer-service/tree/main/data,synthetic_demo,false
DEMO-IMAGE-2904,bracelet,synthetic_demo,Synthetic demo metadata,https://github.com/wa52/ai-customer-service/tree/main/data,synthetic_demo,false
DEMO-IMAGE-2905,ring,synthetic_demo,Synthetic demo metadata,https://github.com/wa52/ai-customer-service/tree/main/data,synthetic_demo,false
DEMO-IMAGE-2906,necklace,synthetic_demo,Synthetic demo metadata,https://github.com/wa52/ai-customer-service/tree/main/data,synthetic_demo,false
DEMO-IMAGE-2907,earring,synthetic_demo,Synthetic demo metadata,https://github.com/wa52/ai-customer-service/tree/main/data,synthetic_demo,false
DEMO-IMAGE-2908,bracelet,synthetic_demo,Synthetic demo metadata,https://github.com/wa52/ai-customer-service/tree/main/data,synthetic_demo,false
DEMO-IMAGE-2909,ring,synthetic_demo,Synthetic demo metadata,https://github.com/wa52/ai-customer-service/tree/main/data,synthetic_demo,false
DEMO-IMAGE-2910,necklace,synthetic_demo,Synthetic demo metadata,https://github.com/wa52/ai-customer-service/tree/main/data,synthetic_demo,false
DEMO-IMAGE-2911,earring,synthetic_demo,Synthetic demo metadata,https://github.com/wa52/ai-customer-service/tree/main/data,synthetic_demo,false
DEMO-IMAGE-2912,bracelet,synthetic_demo,Synthetic demo metadata,https://github.com/wa52/ai-customer-service/tree/main/data,synthetic_demo,false
DEMO-IMAGE-2913,ring,synthetic_demo,Synthetic demo metadata,https://github.com/wa52/ai-customer-service/tree/main/data,synthetic_demo,false
DEMO-IMAGE-2914,necklace,synthetic_demo,Synthetic demo metadata,https://github.com/wa52/ai-customer-service/tree/main/data,synthetic_demo,false
DEMO-IMAGE-2915,earring,synthetic_demo,Synthetic demo metadata,https://github.com/wa52/ai-customer-service/tree/main/data,synthetic_demo,false
DEMO-IMAGE-2916,bracelet,synthetic_demo,Synthetic demo metadata,https://github.com/wa52/ai-customer-service/tree/main/data,synthetic_demo,false
DEMO-IMAGE-2917,ring,synthetic_demo,Synthetic demo metadata,https://github.com/wa52/ai-customer-service/tree/main/data,synthetic_demo,false
DEMO-IMAGE-2918,necklace,synthetic_demo,Synthetic demo metadata,https://github.com/wa52/ai-customer-service/tree/main/data,synthetic_demo,false
DEMO-IMAGE-2919,earring,synthetic_demo,Synthetic demo metadata,https://github.com/wa52/ai-customer-service/tree/main/data,synthetic_demo,false
DEMO-IMAGE-2920,bracelet,synthetic_demo,Synthetic demo metadata,https://github.com/wa52/ai-customer-service/tree/main/data,synthetic_demo,false
DEMO-IMAGE-2921,ring,synthetic_demo,Synthetic demo metadata,https://github.com/wa52/ai-customer-service/tree/main/data,synthetic_demo,false
DEMO-IMAGE-2922,necklace,synthetic_demo,Synthetic demo metadata,https://github.com/wa52/ai-customer-service/tree/main/data,synthetic_demo,false
DEMO-IMAGE-2923,earring,synthetic_demo,Synthetic demo metadata,https://github.com/wa52/ai-customer-service/tree/main/data,synthetic_demo,false
DEMO-IMAGE-2924,bracelet,synthetic_demo,Synthetic demo metadata,https://github.com/wa52/ai-customer-service/tree/main/data,synthetic_demo,false
DEMO-IMAGE-2925,ring,synthetic_demo,Synthetic demo metadata,https://github.com/wa52/ai-customer-service/tree/main/data,synthetic_demo,false
DEMO-IMAGE-2926,necklace,synthetic_demo,Synthetic demo metadata,https://github.com/wa52/ai-customer-service/tree/main/data,synthetic_demo,false
DEMO-IMAGE-2927,earring,synthetic_demo,Synthetic demo metadata,https://github.com/wa52/ai-customer-service/tree/main/data,synthetic_demo,false
DEMO-IMAGE-2928,bracelet,synthetic_demo,Synthetic demo metadata,https://github.com/wa52/ai-customer-service/tree/main/data,synthetic_demo,false
DEMO-IMAGE-2929,ring,synthetic_demo,Synthetic demo metadata,https://github.com/wa52/ai-customer-service/tree/main/data,synthetic_demo,false
DEMO-IMAGE-2930,necklace,synthetic_demo,Synthetic demo metadata,https://github.com/wa52/ai-customer-service/tree/main/data,synthetic_demo,false
DEMO-IMAGE-2931,earring,synthetic_demo,Synthetic demo metadata,https://github.com/wa52/ai-customer-service/tree/main/data,synthetic_demo,false
DEMO-IMAGE-2932,bracelet,synthetic_demo,Synthetic demo metadata,https://github.com/wa52/ai-customer-service/tree/main/data,synthetic_demo,false
DEMO-IMAGE-2933,ring,synthetic_demo,Synthetic demo metadata,https://github.com/wa52/ai-customer-service/tree/main/data,synthetic_demo,false
DEMO-IMAGE-2934,necklace,synthetic_demo,Synthetic demo metadata,https://github.com/wa52/ai-customer-service/tree/main/data,synthetic_demo,false
DEMO-IMAGE-2935,earring,synthetic_demo,Synthetic demo metadata,https://github.com/wa52/ai-customer-service/tree/main/data,synthetic_demo,false
DEMO-IMAGE-2936,bracelet,synthetic_demo,Synthetic demo metadata,https://github.com/wa52/ai-customer-service/tree/main/data,synthetic_demo,false
DEMO-IMAGE-2937,ring,synthetic_demo,Synthetic demo metadata,https://github.com/wa52/ai-customer-service/tree/main/data,synthetic_demo,false
DEMO-IMAGE-2938,necklace,synthetic_demo,Synthetic demo metadata,https://github.com/wa52/ai-customer-service/tree/main/data,synthetic_demo,false
DEMO-IMAGE-2939,earring,synthetic_demo,Synthetic demo metadata,https://github.com/wa52/ai-customer-service/tree/main/data,synthetic_demo,false
DEMO-IMAGE-2940,bracelet,synthetic_demo,Synthetic demo metadata,https://github.com/wa52/ai-customer-service/tree/main/data,synthetic_demo,false
DEMO-IMAGE-2941,ring,synthetic_demo,Synthetic demo metadata,https://github.com/wa52/ai-customer-service/tree/main/data,synthetic_demo,false
DEMO-IMAGE-2942,necklace,synthetic_demo,Synthetic demo metadata,https://github.com/wa52/ai-customer-service/tree/main/data,synthetic_demo,false
DEMO-IMAGE-2943,earring,synthetic_demo,Synthetic demo metadata,https://github.com/wa52/ai-customer-service/tree/main/data,synthetic_demo,false
DEMO-IMAGE-2944,bracelet,synthetic_demo,Synthetic demo metadata,https://github.com/wa52/ai-customer-service/tree/main/data,synthetic_demo,false
DEMO-IMAGE-2945,ring,synthetic_demo,Synthetic demo metadata,https://github.com/wa52/ai-customer-service/tree/main/data,synthetic_demo,false
DEMO-IMAGE-2946,necklace,synthetic_demo,Synthetic demo metadata,https://github.com/wa52/ai-customer-service/tree/main/data,synthetic_demo,false
DEMO-IMAGE-2947,earring,synthetic_demo,Synthetic demo metadata,https://github.com/wa52/ai-customer-service/tree/main/data,synthetic_demo,false
DEMO-IMAGE-2948,bracelet,synthetic_demo,Synthetic demo metadata,https://github.com/wa52/ai-customer-service/tree/main/data,synthetic_demo,false
DEMO-IMAGE-2949,ring,synthetic_demo,Synthetic demo metadata,https://github.com/wa52/ai-customer-service/tree/main/data,synthetic_demo,false
DEMO-IMAGE-2950,necklace,synthetic_demo,Synthetic demo metadata,https://github.com/wa52/ai-customer-service/tree/main/data,synthetic_demo,false
DEMO-IMAGE-2951,earring,synthetic_demo,Synthetic demo metadata,https://github.com/wa52/ai-customer-service/tree/main/data,synthetic_demo,false
DEMO-IMAGE-2952,bracelet,synthetic_demo,Synthetic demo metadata,https://github.com/wa52/ai-customer-service/tree/main/data,synthetic_demo,false
DEMO-IMAGE-2953,ring,synthetic_demo,Synthetic demo metadata,https://github.com/wa52/ai-customer-service/tree/main/data,synthetic_demo,false
DEMO-IMAGE-2954,necklace,synthetic_demo,Synthetic demo metadata,https://github.com/wa52/ai-customer-service/tree/main/data,synthetic_demo,false
DEMO-IMAGE-2955,earring,synthetic_demo,Synthetic demo metadata,https://github.com/wa52/ai-customer-service/tree/main/data,synthetic_demo,false
DEMO-IMAGE-2956,bracelet,synthetic_demo,Synthetic demo metadata,https://github.com/wa52/ai-customer-service/tree/main/data,synthetic_demo,false
DEMO-IMAGE-2957,ring,synthetic_demo,Synthetic demo metadata,https://github.com/wa52/ai-customer-service/tree/main/data,synthetic_demo,false
DEMO-IMAGE-2958,necklace,synthetic_demo,Synthetic demo metadata,https://github.com/wa52/ai-customer-service/tree/main/data,synthetic_demo,false
DEMO-IMAGE-2959,earring,synthetic_demo,Synthetic demo metadata,https://github.com/wa52/ai-customer-service/tree/main/data,synthetic_demo,false
DEMO-IMAGE-2960,bracelet,synthetic_demo,Synthetic demo metadata,https://github.com/wa52/ai-customer-service/tree/main/data,synthetic_demo,false
DEMO-IMAGE-2961,ring,synthetic_demo,Synthetic demo metadata,https://github.com/wa52/ai-customer-service/tree/main/data,synthetic_demo,false
DEMO-IMAGE-2962,necklace,synthetic_demo,Synthetic demo metadata,https://github.com/wa52/ai-customer-service/tree/main/data,synthetic_demo,false
DEMO-IMAGE-2963,earring,synthetic_demo,Synthetic demo metadata,https://github.com/wa52/ai-customer-service/tree/main/data,synthetic_demo,false
DEMO-IMAGE-2964,bracelet,synthetic_demo,Synthetic demo metadata,https://github.com/wa52/ai-customer-service/tree/main/data,synthetic_demo,false
DEMO-IMAGE-2965,ring,synthetic_demo,Synthetic demo metadata,https://github.com/wa52/ai-customer-service/tree/main/data,synthetic_demo,false
DEMO-IMAGE-2966,necklace,synthetic_demo,Synthetic demo metadata,https://github.com/wa52/ai-customer-service/tree/main/data,synthetic_demo,false
DEMO-IMAGE-2967,earring,synthetic_demo,Synthetic demo metadata,https://github.com/wa52/ai-customer-service/tree/main/data,synthetic_demo,false
DEMO-IMAGE-2968,bracelet,synthetic_demo,Synthetic demo metadata,https://github.com/wa52/ai-customer-service/tree/main/data,synthetic_demo,false
DEMO-IMAGE-2969,ring,synthetic_demo,Synthetic demo metadata,https://github.com/wa52/ai-customer-service/tree/main/data,synthetic_demo,false
DEMO-IMAGE-2970,necklace,synthetic_demo,Synthetic demo metadata,https://github.com/wa52/ai-customer-service/tree/main/data,synthetic_demo,false
DEMO-IMAGE-2971,earring,synthetic_demo,Synthetic demo metadata,https://github.com/wa52/ai-customer-service/tree/main/data,synthetic_demo,false
DEMO-IMAGE-2972,bracelet,synthetic_demo,Synthetic demo metadata,https://github.com/wa52/ai-customer-service/tree/main/data,synthetic_demo,false
DEMO-IMAGE-2973,ring,synthetic_demo,Synthetic demo metadata,https://github.com/wa52/ai-customer-service/tree/main/data,synthetic_demo,false
DEMO-IMAGE-2974,necklace,synthetic_demo,Synthetic demo metadata,https://github.com/wa52/ai-customer-service/tree/main/data,synthetic_demo,false
DEMO-IMAGE-2975,earring,synthetic_demo,Synthetic demo metadata,https://github.com/wa52/ai-customer-service/tree/main/data,synthetic_demo,false
DEMO-IMAGE-2976,bracelet,synthetic_demo,Synthetic demo metadata,https://github.com/wa52/ai-customer-service/tree/main/data,synthetic_demo,false
DEMO-IMAGE-2977,ring,synthetic_demo,Synthetic demo metadata,https://github.com/wa52/ai-customer-service/tree/main/data,synthetic_demo,false
DEMO-IMAGE-2978,necklace,synthetic_demo,Synthetic demo metadata,https://github.com/wa52/ai-customer-service/tree/main/data,synthetic_demo,false
DEMO-IMAGE-2979,earring,synthetic_demo,Synthetic demo metadata,https://github.com/wa52/ai-customer-service/tree/main/data,synthetic_demo,false
DEMO-IMAGE-2980,bracelet,synthetic_demo,Synthetic demo metadata,https://github.com/wa52/ai-customer-service/tree/main/data,synthetic_demo,false
DEMO-IMAGE-2981,ring,synthetic_demo,Synthetic demo metadata,https://github.com/wa52/ai-customer-service/tree/main/data,synthetic_demo,false
DEMO-IMAGE-2982,necklace,synthetic_demo,Synthetic demo metadata,https://github.com/wa52/ai-customer-service/tree/main/data,synthetic_demo,false
DEMO-IMAGE-2983,earring,synthetic_demo,Synthetic demo metadata,https://github.com/wa52/ai-customer-service/tree/main/data,synthetic_demo,false
DEMO-IMAGE-2984,bracelet,synthetic_demo,Synthetic demo metadata,https://github.com/wa52/ai-customer-service/tree/main/data,synthetic_demo,false
DEMO-IMAGE-2985,ring,synthetic_demo,Synthetic demo metadata,https://github.com/wa52/ai-customer-service/tree/main/data,synthetic_demo,false
DEMO-IMAGE-2986,necklace,synthetic_demo,Synthetic demo metadata,https://github.com/wa52/ai-customer-service/tree/main/data,synthetic_demo,false
DEMO-IMAGE-2987,earring,synthetic_demo,Synthetic demo metadata,https://github.com/wa52/ai-customer-service/tree/main/data,synthetic_demo,false
DEMO-IMAGE-2988,bracelet,synthetic_demo,Synthetic demo metadata,https://github.com/wa52/ai-customer-service/tree/main/data,synthetic_demo,false
DEMO-IMAGE-2989,ring,synthetic_demo,Synthetic demo metadata,https://github.com/wa52/ai-customer-service/tree/main/data,synthetic_demo,false
DEMO-IMAGE-2990,necklace,synthetic_demo,Synthetic demo metadata,https://github.com/wa52/ai-customer-service/tree/main/data,synthetic_demo,false
DEMO-IMAGE-2991,earring,synthetic_demo,Synthetic demo metadata,https://github.com/wa52/ai-customer-service/tree/main/data,synthetic_demo,false
DEMO-IMAGE-2992,bracelet,synthetic_demo,Synthetic demo metadata,https://github.com/wa52/ai-customer-service/tree/main/data,synthetic_demo,false
DEMO-IMAGE-2993,ring,synthetic_demo,Synthetic demo metadata,https://github.com/wa52/ai-customer-service/tree/main/data,synthetic_demo,false
DEMO-IMAGE-2994,necklace,synthetic_demo,Synthetic demo metadata,https://github.com/wa52/ai-customer-service/tree/main/data,synthetic_demo,false
DEMO-IMAGE-2995,earring,synthetic_demo,Synthetic demo metadata,https://github.com/wa52/ai-customer-service/tree/main/data,synthetic_demo,false
DEMO-IMAGE-2996,bracelet,synthetic_demo,Synthetic demo metadata,https://github.com/wa52/ai-customer-service/tree/main/data,synthetic_demo,false
DEMO-IMAGE-2997,ring,synthetic_demo,Synthetic demo metadata,https://github.com/wa52/ai-customer-service/tree/main/data,synthetic_demo,false
DEMO-IMAGE-2998,necklace,synthetic_demo,Synthetic demo metadata,https://github.com/wa52/ai-customer-service/tree/main/data,synthetic_demo,false
DEMO-IMAGE-2999,earring,synthetic_demo,Synthetic demo metadata,https://github.com/wa52/ai-customer-service/tree/main/data,synthetic_demo,false
DEMO-IMAGE-3000,bracelet,synthetic_demo,Synthetic demo metadata,https://github.com/wa52/ai-customer-service/tree/main/data,synthetic_demo,false
DEMO-IMAGE-3001,ring,synthetic_demo,Synthetic demo metadata,https://github.com/wa52/ai-customer-service/tree/main/data,synthetic_demo,false
DEMO-IMAGE-3002,necklace,synthetic_demo,Synthetic demo metadata,https://github.com/wa52/ai-customer-service/tree/main/data,synthetic_demo,false
DEMO-IMAGE-3003,earring,synthetic_demo,Synthetic demo metadata,https://github.com/wa52/ai-customer-service/tree/main/data,synthetic_demo,false
DEMO-IMAGE-3004,bracelet,synthetic_demo,Synthetic demo metadata,https://github.com/wa52/ai-customer-service/tree/main/data,synthetic_demo,false
DEMO-IMAGE-3005,ring,synthetic_demo,Synthetic demo metadata,https://github.com/wa52/ai-customer-service/tree/main/data,synthetic_demo,false
DEMO-IMAGE-3006,necklace,synthetic_demo,Synthetic demo metadata,https://github.com/wa52/ai-customer-service/tree/main/data,synthetic_demo,false
DEMO-IMAGE-3007,earring,synthetic_demo,Synthetic demo metadata,https://github.com/wa52/ai-customer-service/tree/main/data,synthetic_demo,false
DEMO-IMAGE-3008,bracelet,synthetic_demo,Synthetic demo metadata,https://github.com/wa52/ai-customer-service/tree/main/data,synthetic_demo,false
DEMO-IMAGE-3009,ring,synthetic_demo,Synthetic demo metadata,https://github.com/wa52/ai-customer-service/tree/main/data,synthetic_demo,false
DEMO-IMAGE-3010,necklace,synthetic_demo,Synthetic demo metadata,https://github.com/wa52/ai-customer-service/tree/main/data,synthetic_demo,false
DEMO-IMAGE-3011,earring,synthetic_demo,Synthetic demo metadata,https://github.com/wa52/ai-customer-service/tree/main/data,synthetic_demo,false
DEMO-IMAGE-3012,bracelet,synthetic_demo,Synthetic demo metadata,https://github.com/wa52/ai-customer-service/tree/main/data,synthetic_demo,false
DEMO-IMAGE-3013,ring,synthetic_demo,Synthetic demo metadata,https://github.com/wa52/ai-customer-service/tree/main/data,synthetic_demo,false
DEMO-IMAGE-3014,necklace,synthetic_demo,Synthetic demo metadata,https://github.com/wa52/ai-customer-service/tree/main/data,synthetic_demo,false
DEMO-IMAGE-3015,earring,synthetic_demo,Synthetic demo metadata,https://github.com/wa52/ai-customer-service/tree/main/data,synthetic_demo,false
DEMO-IMAGE-3016,bracelet,synthetic_demo,Synthetic demo metadata,https://github.com/wa52/ai-customer-service/tree/main/data,synthetic_demo,false
DEMO-IMAGE-3017,ring,synthetic_demo,Synthetic demo metadata,https://github.com/wa52/ai-customer-service/tree/main/data,synthetic_demo,false
DEMO-IMAGE-3018,necklace,synthetic_demo,Synthetic demo metadata,https://github.com/wa52/ai-customer-service/tree/main/data,synthetic_demo,false
DEMO-IMAGE-3019,earring,synthetic_demo,Synthetic demo metadata,https://github.com/wa52/ai-customer-service/tree/main/data,synthetic_demo,false
DEMO-IMAGE-3020,bracelet,synthetic_demo,Synthetic demo metadata,https://github.com/wa52/ai-customer-service/tree/main/data,synthetic_demo,false
DEMO-IMAGE-3021,ring,synthetic_demo,Synthetic demo metadata,https://github.com/wa52/ai-customer-service/tree/main/data,synthetic_demo,false
DEMO-IMAGE-3022,necklace,synthetic_demo,Synthetic demo metadata,https://github.com/wa52/ai-customer-service/tree/main/data,synthetic_demo,false
DEMO-IMAGE-3023,earring,synthetic_demo,Synthetic demo metadata,https://github.com/wa52/ai-customer-service/tree/main/data,synthetic_demo,false
DEMO-IMAGE-3024,bracelet,synthetic_demo,Synthetic demo metadata,https://github.com/wa52/ai-customer-service/tree/main/data,synthetic_demo,false
DEMO-IMAGE-3025,ring,synthetic_demo,Synthetic demo metadata,https://github.com/wa52/ai-customer-service/tree/main/data,synthetic_demo,false
DEMO-IMAGE-3026,necklace,synthetic_demo,Synthetic demo metadata,https://github.com/wa52/ai-customer-service/tree/main/data,synthetic_demo,false
DEMO-IMAGE-3027,earring,synthetic_demo,Synthetic demo metadata,https://github.com/wa52/ai-customer-service/tree/main/data,synthetic_demo,false
DEMO-IMAGE-3028,bracelet,synthetic_demo,Synthetic demo metadata,https://github.com/wa52/ai-customer-service/tree/main/data,synthetic_demo,false
DEMO-IMAGE-3029,ring,synthetic_demo,Synthetic demo metadata,https://github.com/wa52/ai-customer-service/tree/main/data,synthetic_demo,false
DEMO-IMAGE-3030,necklace,synthetic_demo,Synthetic demo metadata,https://github.com/wa52/ai-customer-service/tree/main/data,synthetic_demo,false
DEMO-IMAGE-3031,earring,synthetic_demo,Synthetic demo metadata,https://github.com/wa52/ai-customer-service/tree/main/data,synthetic_demo,false
DEMO-IMAGE-3032,bracelet,synthetic_demo,Synthetic demo metadata,https://github.com/wa52/ai-customer-service/tree/main/data,synthetic_demo,false
DEMO-IMAGE-3033,ring,synthetic_demo,Synthetic demo metadata,https://github.com/wa52/ai-customer-service/tree/main/data,synthetic_demo,false
DEMO-IMAGE-3034,necklace,synthetic_demo,Synthetic demo metadata,https://github.com/wa52/ai-customer-service/tree/main/data,synthetic_demo,false
DEMO-IMAGE-3035,earring,synthetic_demo,Synthetic demo metadata,https://github.com/wa52/ai-customer-service/tree/main/data,synthetic_demo,false
DEMO-IMAGE-3036,bracelet,synthetic_demo,Synthetic demo metadata,https://github.com/wa52/ai-customer-service/tree/main/data,synthetic_demo,false
DEMO-IMAGE-3037,ring,synthetic_demo,Synthetic demo metadata,https://github.com/wa52/ai-customer-service/tree/main/data,synthetic_demo,false
DEMO-IMAGE-3038,necklace,synthetic_demo,Synthetic demo metadata,https://github.com/wa52/ai-customer-service/tree/main/data,synthetic_demo,false
DEMO-IMAGE-3039,earring,synthetic_demo,Synthetic demo metadata,https://github.com/wa52/ai-customer-service/tree/main/data,synthetic_demo,false
DEMO-IMAGE-3040,bracelet,synthetic_demo,Synthetic demo metadata,https://github.com/wa52/ai-customer-service/tree/main/data,synthetic_demo,false
DEMO-IMAGE-3041,ring,synthetic_demo,Synthetic demo metadata,https://github.com/wa52/ai-customer-service/tree/main/data,synthetic_demo,false
DEMO-IMAGE-3042,necklace,synthetic_demo,Synthetic demo metadata,https://github.com/wa52/ai-customer-service/tree/main/data,synthetic_demo,false
DEMO-IMAGE-3043,earring,synthetic_demo,Synthetic demo metadata,https://github.com/wa52/ai-customer-service/tree/main/data,synthetic_demo,false
DEMO-IMAGE-3044,bracelet,synthetic_demo,Synthetic demo metadata,https://github.com/wa52/ai-customer-service/tree/main/data,synthetic_demo,false
DEMO-IMAGE-3045,ring,synthetic_demo,Synthetic demo metadata,https://github.com/wa52/ai-customer-service/tree/main/data,synthetic_demo,false
DEMO-IMAGE-3046,necklace,synthetic_demo,Synthetic demo metadata,https://github.com/wa52/ai-customer-service/tree/main/data,synthetic_demo,false
DEMO-IMAGE-3047,earring,synthetic_demo,Synthetic demo metadata,https://github.com/wa52/ai-customer-service/tree/main/data,synthetic_demo,false
DEMO-IMAGE-3048,bracelet,synthetic_demo,Synthetic demo metadata,https://github.com/wa52/ai-customer-service/tree/main/data,synthetic_demo,false
DEMO-IMAGE-3049,ring,synthetic_demo,Synthetic demo metadata,https://github.com/wa52/ai-customer-service/tree/main/data,synthetic_demo,false
DEMO-IMAGE-3050,necklace,synthetic_demo,Synthetic demo metadata,https://github.com/wa52/ai-customer-service/tree/main/data,synthetic_demo,false
DEMO-IMAGE-3051,earring,synthetic_demo,Synthetic demo metadata,https://github.com/wa52/ai-customer-service/tree/main/data,synthetic_demo,false
DEMO-IMAGE-3052,bracelet,synthetic_demo,Synthetic demo metadata,https://github.com/wa52/ai-customer-service/tree/main/data,synthetic_demo,false
DEMO-IMAGE-3053,ring,synthetic_demo,Synthetic demo metadata,https://github.com/wa52/ai-customer-service/tree/main/data,synthetic_demo,false
DEMO-IMAGE-3054,necklace,synthetic_demo,Synthetic demo metadata,https://github.com/wa52/ai-customer-service/tree/main/data,synthetic_demo,false
DEMO-IMAGE-3055,earring,synthetic_demo,Synthetic demo metadata,https://github.com/wa52/ai-customer-service/tree/main/data,synthetic_demo,false
DEMO-IMAGE-3056,bracelet,synthetic_demo,Synthetic demo metadata,https://github.com/wa52/ai-customer-service/tree/main/data,synthetic_demo,false
DEMO-IMAGE-3057,ring,synthetic_demo,Synthetic demo metadata,https://github.com/wa52/ai-customer-service/tree/main/data,synthetic_demo,false
DEMO-IMAGE-3058,necklace,synthetic_demo,Synthetic demo metadata,https://github.com/wa52/ai-customer-service/tree/main/data,synthetic_demo,false
DEMO-IMAGE-3059,earring,synthetic_demo,Synthetic demo metadata,https://github.com/wa52/ai-customer-service/tree/main/data,synthetic_demo,false
DEMO-IMAGE-3060,bracelet,synthetic_demo,Synthetic demo metadata,https://github.com/wa52/ai-customer-service/tree/main/data,synthetic_demo,false
DEMO-IMAGE-3061,ring,synthetic_demo,Synthetic demo metadata,https://github.com/wa52/ai-customer-service/tree/main/data,synthetic_demo,false
DEMO-IMAGE-3062,necklace,synthetic_demo,Synthetic demo metadata,https://github.com/wa52/ai-customer-service/tree/main/data,synthetic_demo,false
DEMO-IMAGE-3063,earring,synthetic_demo,Synthetic demo metadata,https://github.com/wa52/ai-customer-service/tree/main/data,synthetic_demo,false
DEMO-IMAGE-3064,bracelet,synthetic_demo,Synthetic demo metadata,https://github.com/wa52/ai-customer-service/tree/main/data,synthetic_demo,false
DEMO-IMAGE-3065,ring,synthetic_demo,Synthetic demo metadata,https://github.com/wa52/ai-customer-service/tree/main/data,synthetic_demo,false
DEMO-IMAGE-3066,necklace,synthetic_demo,Synthetic demo metadata,https://github.com/wa52/ai-customer-service/tree/main/data,synthetic_demo,false
DEMO-IMAGE-3067,earring,synthetic_demo,Synthetic demo metadata,https://github.com/wa52/ai-customer-service/tree/main/data,synthetic_demo,false
DEMO-IMAGE-3068,bracelet,synthetic_demo,Synthetic demo metadata,https://github.com/wa52/ai-customer-service/tree/main/data,synthetic_demo,false
DEMO-IMAGE-3069,ring,synthetic_demo,Synthetic demo metadata,https://github.com/wa52/ai-customer-service/tree/main/data,synthetic_demo,false
DEMO-IMAGE-3070,necklace,synthetic_demo,Synthetic demo metadata,https://github.com/wa52/ai-customer-service/tree/main/data,synthetic_demo,false
DEMO-IMAGE-3071,earring,synthetic_demo,Synthetic demo metadata,https://github.com/wa52/ai-customer-service/tree/main/data,synthetic_demo,false
DEMO-IMAGE-3072,bracelet,synthetic_demo,Synthetic demo metadata,https://github.com/wa52/ai-customer-service/tree/main/data,synthetic_demo,false
DEMO-IMAGE-3073,ring,synthetic_demo,Synthetic demo metadata,https://github.com/wa52/ai-customer-service/tree/main/data,synthetic_demo,false
DEMO-IMAGE-3074,necklace,synthetic_demo,Synthetic demo metadata,https://github.com/wa52/ai-customer-service/tree/main/data,synthetic_demo,false
DEMO-IMAGE-3075,earring,synthetic_demo,Synthetic demo metadata,https://github.com/wa52/ai-customer-service/tree/main/data,synthetic_demo,false
DEMO-IMAGE-3076,bracelet,synthetic_demo,Synthetic demo metadata,https://github.com/wa52/ai-customer-service/tree/main/data,synthetic_demo,false
DEMO-IMAGE-3077,ring,synthetic_demo,Synthetic demo metadata,https://github.com/wa52/ai-customer-service/tree/main/data,synthetic_demo,false
DEMO-IMAGE-3078,necklace,synthetic_demo,Synthetic demo metadata,https://github.com/wa52/ai-customer-service/tree/main/data,synthetic_demo,false
DEMO-IMAGE-3079,earring,synthetic_demo,Synthetic demo metadata,https://github.com/wa52/ai-customer-service/tree/main/data,synthetic_demo,false
DEMO-IMAGE-3080,bracelet,synthetic_demo,Synthetic demo metadata,https://github.com/wa52/ai-customer-service/tree/main/data,synthetic_demo,false
DEMO-IMAGE-3081,ring,synthetic_demo,Synthetic demo metadata,https://github.com/wa52/ai-customer-service/tree/main/data,synthetic_demo,false
DEMO-IMAGE-3082,necklace,synthetic_demo,Synthetic demo metadata,https://github.com/wa52/ai-customer-service/tree/main/data,synthetic_demo,false
DEMO-IMAGE-3083,earring,synthetic_demo,Synthetic demo metadata,https://github.com/wa52/ai-customer-service/tree/main/data,synthetic_demo,false
DEMO-IMAGE-3084,bracelet,synthetic_demo,Synthetic demo metadata,https://github.com/wa52/ai-customer-service/tree/main/data,synthetic_demo,false
DEMO-IMAGE-3085,ring,synthetic_demo,Synthetic demo metadata,https://github.com/wa52/ai-customer-service/tree/main/data,synthetic_demo,false
DEMO-IMAGE-3086,necklace,synthetic_demo,Synthetic demo metadata,https://github.com/wa52/ai-customer-service/tree/main/data,synthetic_demo,false
DEMO-IMAGE-3087,earring,synthetic_demo,Synthetic demo metadata,https://github.com/wa52/ai-customer-service/tree/main/data,synthetic_demo,false
DEMO-IMAGE-3088,bracelet,synthetic_demo,Synthetic demo metadata,https://github.com/wa52/ai-customer-service/tree/main/data,synthetic_demo,false
DEMO-IMAGE-3089,ring,synthetic_demo,Synthetic demo metadata,https://github.com/wa52/ai-customer-service/tree/main/data,synthetic_demo,false
DEMO-IMAGE-3090,necklace,synthetic_demo,Synthetic demo metadata,https://github.com/wa52/ai-customer-service/tree/main/data,synthetic_demo,false
DEMO-IMAGE-3091,earring,synthetic_demo,Synthetic demo metadata,https://github.com/wa52/ai-customer-service/tree/main/data,synthetic_demo,false
DEMO-IMAGE-3092,bracelet,synthetic_demo,Synthetic demo metadata,https://github.com/wa52/ai-customer-service/tree/main/data,synthetic_demo,false
DEMO-IMAGE-3093,ring,synthetic_demo,Synthetic demo metadata,https://github.com/wa52/ai-customer-service/tree/main/data,synthetic_demo,false
DEMO-IMAGE-3094,necklace,synthetic_demo,Synthetic demo metadata,https://github.com/wa52/ai-customer-service/tree/main/data,synthetic_demo,false
DEMO-IMAGE-3095,earring,synthetic_demo,Synthetic demo metadata,https://github.com/wa52/ai-customer-service/tree/main/data,synthetic_demo,false
DEMO-IMAGE-3096,bracelet,synthetic_demo,Synthetic demo metadata,https://github.com/wa52/ai-customer-service/tree/main/data,synthetic_demo,false
DEMO-IMAGE-3097,ring,synthetic_demo,Synthetic demo metadata,https://github.com/wa52/ai-customer-service/tree/main/data,synthetic_demo,false
DEMO-IMAGE-3098,necklace,synthetic_demo,Synthetic demo metadata,https://github.com/wa52/ai-customer-service/tree/main/data,synthetic_demo,false
DEMO-IMAGE-3099,earring,synthetic_demo,Synthetic demo metadata,https://github.com/wa52/ai-customer-service/tree/main/data,synthetic_demo,false
DEMO-IMAGE-3100,bracelet,synthetic_demo,Synthetic demo metadata,https://github.com/wa52/ai-customer-service/tree/main/data,synthetic_demo,false
DEMO-IMAGE-3101,ring,synthetic_demo,Synthetic demo metadata,https://github.com/wa52/ai-customer-service/tree/main/data,synthetic_demo,false
DEMO-IMAGE-3102,necklace,synthetic_demo,Synthetic demo metadata,https://github.com/wa52/ai-customer-service/tree/main/data,synthetic_demo,false
DEMO-IMAGE-3103,earring,synthetic_demo,Synthetic demo metadata,https://github.com/wa52/ai-customer-service/tree/main/data,synthetic_demo,false
DEMO-IMAGE-3104,bracelet,synthetic_demo,Synthetic demo metadata,https://github.com/wa52/ai-customer-service/tree/main/data,synthetic_demo,false
DEMO-IMAGE-3105,ring,synthetic_demo,Synthetic demo metadata,https://github.com/wa52/ai-customer-service/tree/main/data,synthetic_demo,false
DEMO-IMAGE-3106,necklace,synthetic_demo,Synthetic demo metadata,https://github.com/wa52/ai-customer-service/tree/main/data,synthetic_demo,false
DEMO-IMAGE-3107,earring,synthetic_demo,Synthetic demo metadata,https://github.com/wa52/ai-customer-service/tree/main/data,synthetic_demo,false
DEMO-IMAGE-3108,bracelet,synthetic_demo,Synthetic demo metadata,https://github.com/wa52/ai-customer-service/tree/main/data,synthetic_demo,false
DEMO-IMAGE-3109,ring,synthetic_demo,Synthetic demo metadata,https://github.com/wa52/ai-customer-service/tree/main/data,synthetic_demo,false
DEMO-IMAGE-3110,necklace,synthetic_demo,Synthetic demo metadata,https://github.com/wa52/ai-customer-service/tree/main/data,synthetic_demo,false
DEMO-IMAGE-3111,earring,synthetic_demo,Synthetic demo metadata,https://github.com/wa52/ai-customer-service/tree/main/data,synthetic_demo,false
DEMO-IMAGE-3112,bracelet,synthetic_demo,Synthetic demo metadata,https://github.com/wa52/ai-customer-service/tree/main/data,synthetic_demo,false
DEMO-IMAGE-3113,ring,synthetic_demo,Synthetic demo metadata,https://github.com/wa52/ai-customer-service/tree/main/data,synthetic_demo,false
DEMO-IMAGE-3114,necklace,synthetic_demo,Synthetic demo metadata,https://github.com/wa52/ai-customer-service/tree/main/data,synthetic_demo,false
DEMO-IMAGE-3115,earring,synthetic_demo,Synthetic demo metadata,https://github.com/wa52/ai-customer-service/tree/main/data,synthetic_demo,false
DEMO-IMAGE-3116,bracelet,synthetic_demo,Synthetic demo metadata,https://github.com/wa52/ai-customer-service/tree/main/data,synthetic_demo,false
DEMO-IMAGE-3117,ring,synthetic_demo,Synthetic demo metadata,https://github.com/wa52/ai-customer-service/tree/main/data,synthetic_demo,false
DEMO-IMAGE-3118,necklace,synthetic_demo,Synthetic demo metadata,https://github.com/wa52/ai-customer-service/tree/main/data,synthetic_demo,false
DEMO-IMAGE-3119,earring,synthetic_demo,Synthetic demo metadata,https://github.com/wa52/ai-customer-service/tree/main/data,synthetic_demo,false
DEMO-IMAGE-3120,bracelet,synthetic_demo,Synthetic demo metadata,https://github.com/wa52/ai-customer-service/tree/main/data,synthetic_demo,false
DEMO-IMAGE-3121,ring,synthetic_demo,Synthetic demo metadata,https://github.com/wa52/ai-customer-service/tree/main/data,synthetic_demo,false
DEMO-IMAGE-3122,necklace,synthetic_demo,Synthetic demo metadata,https://github.com/wa52/ai-customer-service/tree/main/data,synthetic_demo,false
DEMO-IMAGE-3123,earring,synthetic_demo,Synthetic demo metadata,https://github.com/wa52/ai-customer-service/tree/main/data,synthetic_demo,false
DEMO-IMAGE-3124,bracelet,synthetic_demo,Synthetic demo metadata,https://github.com/wa52/ai-customer-service/tree/main/data,synthetic_demo,false
DEMO-IMAGE-3125,ring,synthetic_demo,Synthetic demo metadata,https://github.com/wa52/ai-customer-service/tree/main/data,synthetic_demo,false
DEMO-IMAGE-3126,necklace,synthetic_demo,Synthetic demo metadata,https://github.com/wa52/ai-customer-service/tree/main/data,synthetic_demo,false
DEMO-IMAGE-3127,earring,synthetic_demo,Synthetic demo metadata,https://github.com/wa52/ai-customer-service/tree/main/data,synthetic_demo,false
DEMO-IMAGE-3128,bracelet,synthetic_demo,Synthetic demo metadata,https://github.com/wa52/ai-customer-service/tree/main/data,synthetic_demo,false
DEMO-IMAGE-3129,ring,synthetic_demo,Synthetic demo metadata,https://github.com/wa52/ai-customer-service/tree/main/data,synthetic_demo,false
DEMO-IMAGE-3130,necklace,synthetic_demo,Synthetic demo metadata,https://github.com/wa52/ai-customer-service/tree/main/data,synthetic_demo,false
DEMO-IMAGE-3131,earring,synthetic_demo,Synthetic demo metadata,https://github.com/wa52/ai-customer-service/tree/main/data,synthetic_demo,false
DEMO-IMAGE-3132,bracelet,synthetic_demo,Synthetic demo metadata,https://github.com/wa52/ai-customer-service/tree/main/data,synthetic_demo,false
DEMO-IMAGE-3133,ring,synthetic_demo,Synthetic demo metadata,https://github.com/wa52/ai-customer-service/tree/main/data,synthetic_demo,false
DEMO-IMAGE-3134,necklace,synthetic_demo,Synthetic demo metadata,https://github.com/wa52/ai-customer-service/tree/main/data,synthetic_demo,false
DEMO-IMAGE-3135,earring,synthetic_demo,Synthetic demo metadata,https://github.com/wa52/ai-customer-service/tree/main/data,synthetic_demo,false
DEMO-IMAGE-3136,bracelet,synthetic_demo,Synthetic demo metadata,https://github.com/wa52/ai-customer-service/tree/main/data,synthetic_demo,false
DEMO-IMAGE-3137,ring,synthetic_demo,Synthetic demo metadata,https://github.com/wa52/ai-customer-service/tree/main/data,synthetic_demo,false
DEMO-IMAGE-3138,necklace,synthetic_demo,Synthetic demo metadata,https://github.com/wa52/ai-customer-service/tree/main/data,synthetic_demo,false
DEMO-IMAGE-3139,earring,synthetic_demo,Synthetic demo metadata,https://github.com/wa52/ai-customer-service/tree/main/data,synthetic_demo,false
DEMO-IMAGE-3140,bracelet,synthetic_demo,Synthetic demo metadata,https://github.com/wa52/ai-customer-service/tree/main/data,synthetic_demo,false
DEMO-IMAGE-3141,ring,synthetic_demo,Synthetic demo metadata,https://github.com/wa52/ai-customer-service/tree/main/data,synthetic_demo,false
DEMO-IMAGE-3142,necklace,synthetic_demo,Synthetic demo metadata,https://github.com/wa52/ai-customer-service/tree/main/data,synthetic_demo,false
DEMO-IMAGE-3143,earring,synthetic_demo,Synthetic demo metadata,https://github.com/wa52/ai-customer-service/tree/main/data,synthetic_demo,false
DEMO-IMAGE-3144,bracelet,synthetic_demo,Synthetic demo metadata,https://github.com/wa52/ai-customer-service/tree/main/data,synthetic_demo,false
DEMO-IMAGE-3145,ring,synthetic_demo,Synthetic demo metadata,https://github.com/wa52/ai-customer-service/tree/main/data,synthetic_demo,false
DEMO-IMAGE-3146,necklace,synthetic_demo,Synthetic demo metadata,https://github.com/wa52/ai-customer-service/tree/main/data,synthetic_demo,false
DEMO-IMAGE-3147,earring,synthetic_demo,Synthetic demo metadata,https://github.com/wa52/ai-customer-service/tree/main/data,synthetic_demo,false
DEMO-IMAGE-3148,bracelet,synthetic_demo,Synthetic demo metadata,https://github.com/wa52/ai-customer-service/tree/main/data,synthetic_demo,false
DEMO-IMAGE-3149,ring,synthetic_demo,Synthetic demo metadata,https://github.com/wa52/ai-customer-service/tree/main/data,synthetic_demo,false
DEMO-IMAGE-3150,necklace,synthetic_demo,Synthetic demo metadata,https://github.com/wa52/ai-customer-service/tree/main/data,synthetic_demo,false
DEMO-IMAGE-3151,earring,synthetic_demo,Synthetic demo metadata,https://github.com/wa52/ai-customer-service/tree/main/data,synthetic_demo,false
DEMO-IMAGE-3152,bracelet,synthetic_demo,Synthetic demo metadata,https://github.com/wa52/ai-customer-service/tree/main/data,synthetic_demo,false
DEMO-IMAGE-3153,ring,synthetic_demo,Synthetic demo metadata,https://github.com/wa52/ai-customer-service/tree/main/data,synthetic_demo,false
DEMO-IMAGE-3154,necklace,synthetic_demo,Synthetic demo metadata,https://github.com/wa52/ai-customer-service/tree/main/data,synthetic_demo,false
DEMO-IMAGE-3155,earring,synthetic_demo,Synthetic demo metadata,https://github.com/wa52/ai-customer-service/tree/main/data,synthetic_demo,false
DEMO-IMAGE-3156,bracelet,synthetic_demo,Synthetic demo metadata,https://github.com/wa52/ai-customer-service/tree/main/data,synthetic_demo,false
DEMO-IMAGE-3157,ring,synthetic_demo,Synthetic demo metadata,https://github.com/wa52/ai-customer-service/tree/main/data,synthetic_demo,false
DEMO-IMAGE-3158,necklace,synthetic_demo,Synthetic demo metadata,https://github.com/wa52/ai-customer-service/tree/main/data,synthetic_demo,false
DEMO-IMAGE-3159,earring,synthetic_demo,Synthetic demo metadata,https://github.com/wa52/ai-customer-service/tree/main/data,synthetic_demo,false
DEMO-IMAGE-3160,bracelet,synthetic_demo,Synthetic demo metadata,https://github.com/wa52/ai-customer-service/tree/main/data,synthetic_demo,false
DEMO-IMAGE-3161,ring,synthetic_demo,Synthetic demo metadata,https://github.com/wa52/ai-customer-service/tree/main/data,synthetic_demo,false
DEMO-IMAGE-3162,necklace,synthetic_demo,Synthetic demo metadata,https://github.com/wa52/ai-customer-service/tree/main/data,synthetic_demo,false
DEMO-IMAGE-3163,earring,synthetic_demo,Synthetic demo metadata,https://github.com/wa52/ai-customer-service/tree/main/data,synthetic_demo,false
DEMO-IMAGE-3164,bracelet,synthetic_demo,Synthetic demo metadata,https://github.com/wa52/ai-customer-service/tree/main/data,synthetic_demo,false
DEMO-IMAGE-3165,ring,synthetic_demo,Synthetic demo metadata,https://github.com/wa52/ai-customer-service/tree/main/data,synthetic_demo,false
DEMO-IMAGE-3166,necklace,synthetic_demo,Synthetic demo metadata,https://github.com/wa52/ai-customer-service/tree/main/data,synthetic_demo,false
DEMO-IMAGE-3167,earring,synthetic_demo,Synthetic demo metadata,https://github.com/wa52/ai-customer-service/tree/main/data,synthetic_demo,false
DEMO-IMAGE-3168,bracelet,synthetic_demo,Synthetic demo metadata,https://github.com/wa52/ai-customer-service/tree/main/data,synthetic_demo,false
DEMO-IMAGE-3169,ring,synthetic_demo,Synthetic demo metadata,https://github.com/wa52/ai-customer-service/tree/main/data,synthetic_demo,false
DEMO-IMAGE-3170,necklace,synthetic_demo,Synthetic demo metadata,https://github.com/wa52/ai-customer-service/tree/main/data,synthetic_demo,false
DEMO-IMAGE-3171,earring,synthetic_demo,Synthetic demo metadata,https://github.com/wa52/ai-customer-service/tree/main/data,synthetic_demo,false
DEMO-IMAGE-3172,bracelet,synthetic_demo,Synthetic demo metadata,https://github.com/wa52/ai-customer-service/tree/main/data,synthetic_demo,false
DEMO-IMAGE-3173,ring,synthetic_demo,Synthetic demo metadata,https://github.com/wa52/ai-customer-service/tree/main/data,synthetic_demo,false
DEMO-IMAGE-3174,necklace,synthetic_demo,Synthetic demo metadata,https://github.com/wa52/ai-customer-service/tree/main/data,synthetic_demo,false
DEMO-IMAGE-3175,earring,synthetic_demo,Synthetic demo metadata,https://github.com/wa52/ai-customer-service/tree/main/data,synthetic_demo,false
DEMO-IMAGE-3176,bracelet,synthetic_demo,Synthetic demo metadata,https://github.com/wa52/ai-customer-service/tree/main/data,synthetic_demo,false
DEMO-IMAGE-3177,ring,synthetic_demo,Synthetic demo metadata,https://github.com/wa52/ai-customer-service/tree/main/data,synthetic_demo,false
DEMO-IMAGE-3178,necklace,synthetic_demo,Synthetic demo metadata,https://github.com/wa52/ai-customer-service/tree/main/data,synthetic_demo,false
DEMO-IMAGE-3179,earring,synthetic_demo,Synthetic demo metadata,https://github.com/wa52/ai-customer-service/tree/main/data,synthetic_demo,false
DEMO-IMAGE-3180,bracelet,synthetic_demo,Synthetic demo metadata,https://github.com/wa52/ai-customer-service/tree/main/data,synthetic_demo,false
DEMO-IMAGE-3181,ring,synthetic_demo,Synthetic demo metadata,https://github.com/wa52/ai-customer-service/tree/main/data,synthetic_demo,false
DEMO-IMAGE-3182,necklace,synthetic_demo,Synthetic demo metadata,https://github.com/wa52/ai-customer-service/tree/main/data,synthetic_demo,false
DEMO-IMAGE-3183,earring,synthetic_demo,Synthetic demo metadata,https://github.com/wa52/ai-customer-service/tree/main/data,synthetic_demo,false
DEMO-IMAGE-3184,bracelet,synthetic_demo,Synthetic demo metadata,https://github.com/wa52/ai-customer-service/tree/main/data,synthetic_demo,false
DEMO-IMAGE-3185,ring,synthetic_demo,Synthetic demo metadata,https://github.com/wa52/ai-customer-service/tree/main/data,synthetic_demo,false
DEMO-IMAGE-3186,necklace,synthetic_demo,Synthetic demo metadata,https://github.com/wa52/ai-customer-service/tree/main/data,synthetic_demo,false
DEMO-IMAGE-3187,earring,synthetic_demo,Synthetic demo metadata,https://github.com/wa52/ai-customer-service/tree/main/data,synthetic_demo,false
DEMO-IMAGE-3188,bracelet,synthetic_demo,Synthetic demo metadata,https://github.com/wa52/ai-customer-service/tree/main/data,synthetic_demo,false
DEMO-IMAGE-3189,ring,synthetic_demo,Synthetic demo metadata,https://github.com/wa52/ai-customer-service/tree/main/data,synthetic_demo,false
DEMO-IMAGE-3190,necklace,synthetic_demo,Synthetic demo metadata,https://github.com/wa52/ai-customer-service/tree/main/data,synthetic_demo,false
DEMO-IMAGE-3191,earring,synthetic_demo,Synthetic demo metadata,https://github.com/wa52/ai-customer-service/tree/main/data,synthetic_demo,false
DEMO-IMAGE-3192,bracelet,synthetic_demo,Synthetic demo metadata,https://github.com/wa52/ai-customer-service/tree/main/data,synthetic_demo,false
DEMO-IMAGE-3193,ring,synthetic_demo,Synthetic demo metadata,https://github.com/wa52/ai-customer-service/tree/main/data,synthetic_demo,false
DEMO-IMAGE-3194,necklace,synthetic_demo,Synthetic demo metadata,https://github.com/wa52/ai-customer-service/tree/main/data,synthetic_demo,false
DEMO-IMAGE-3195,earring,synthetic_demo,Synthetic demo metadata,https://github.com/wa52/ai-customer-service/tree/main/data,synthetic_demo,false
DEMO-IMAGE-3196,bracelet,synthetic_demo,Synthetic demo metadata,https://github.com/wa52/ai-customer-service/tree/main/data,synthetic_demo,false
DEMO-IMAGE-3197,ring,synthetic_demo,Synthetic demo metadata,https://github.com/wa52/ai-customer-service/tree/main/data,synthetic_demo,false
DEMO-IMAGE-3198,necklace,synthetic_demo,Synthetic demo metadata,https://github.com/wa52/ai-customer-service/tree/main/data,synthetic_demo,false
DEMO-IMAGE-3199,earring,synthetic_demo,Synthetic demo metadata,https://github.com/wa52/ai-customer-service/tree/main/data,synthetic_demo,false
DEMO-IMAGE-3200,bracelet,synthetic_demo,Synthetic demo metadata,https://github.com/wa52/ai-customer-service/tree/main/data,synthetic_demo,false
DEMO-IMAGE-3201,ring,synthetic_demo,Synthetic demo metadata,https://github.com/wa52/ai-customer-service/tree/main/data,synthetic_demo,false
DEMO-IMAGE-3202,necklace,synthetic_demo,Synthetic demo metadata,https://github.com/wa52/ai-customer-service/tree/main/data,synthetic_demo,false
DEMO-IMAGE-3203,earring,synthetic_demo,Synthetic demo metadata,https://github.com/wa52/ai-customer-service/tree/main/data,synthetic_demo,false
DEMO-IMAGE-3204,bracelet,synthetic_demo,Synthetic demo metadata,https://github.com/wa52/ai-customer-service/tree/main/data,synthetic_demo,false
DEMO-IMAGE-3205,ring,synthetic_demo,Synthetic demo metadata,https://github.com/wa52/ai-customer-service/tree/main/data,synthetic_demo,false
DEMO-IMAGE-3206,necklace,synthetic_demo,Synthetic demo metadata,https://github.com/wa52/ai-customer-service/tree/main/data,synthetic_demo,false
DEMO-IMAGE-3207,earring,synthetic_demo,Synthetic demo metadata,https://github.com/wa52/ai-customer-service/tree/main/data,synthetic_demo,false
DEMO-IMAGE-3208,bracelet,synthetic_demo,Synthetic demo metadata,https://github.com/wa52/ai-customer-service/tree/main/data,synthetic_demo,false
DEMO-IMAGE-3209,ring,synthetic_demo,Synthetic demo metadata,https://github.com/wa52/ai-customer-service/tree/main/data,synthetic_demo,false
DEMO-IMAGE-3210,necklace,synthetic_demo,Synthetic demo metadata,https://github.com/wa52/ai-customer-service/tree/main/data,synthetic_demo,false
DEMO-IMAGE-3211,earring,synthetic_demo,Synthetic demo metadata,https://github.com/wa52/ai-customer-service/tree/main/data,synthetic_demo,false
DEMO-IMAGE-3212,bracelet,synthetic_demo,Synthetic demo metadata,https://github.com/wa52/ai-customer-service/tree/main/data,synthetic_demo,false
DEMO-IMAGE-3213,ring,synthetic_demo,Synthetic demo metadata,https://github.com/wa52/ai-customer-service/tree/main/data,synthetic_demo,false
DEMO-IMAGE-3214,necklace,synthetic_demo,Synthetic demo metadata,https://github.com/wa52/ai-customer-service/tree/main/data,synthetic_demo,false
DEMO-IMAGE-3215,earring,synthetic_demo,Synthetic demo metadata,https://github.com/wa52/ai-customer-service/tree/main/data,synthetic_demo,false
DEMO-IMAGE-3216,bracelet,synthetic_demo,Synthetic demo metadata,https://github.com/wa52/ai-customer-service/tree/main/data,synthetic_demo,false
DEMO-IMAGE-3217,ring,synthetic_demo,Synthetic demo metadata,https://github.com/wa52/ai-customer-service/tree/main/data,synthetic_demo,false
DEMO-IMAGE-3218,necklace,synthetic_demo,Synthetic demo metadata,https://github.com/wa52/ai-customer-service/tree/main/data,synthetic_demo,false
DEMO-IMAGE-3219,earring,synthetic_demo,Synthetic demo metadata,https://github.com/wa52/ai-customer-service/tree/main/data,synthetic_demo,false
DEMO-IMAGE-3220,bracelet,synthetic_demo,Synthetic demo metadata,https://github.com/wa52/ai-customer-service/tree/main/data,synthetic_demo,false
DEMO-IMAGE-3221,ring,synthetic_demo,Synthetic demo metadata,https://github.com/wa52/ai-customer-service/tree/main/data,synthetic_demo,false
DEMO-IMAGE-3222,necklace,synthetic_demo,Synthetic demo metadata,https://github.com/wa52/ai-customer-service/tree/main/data,synthetic_demo,false
DEMO-IMAGE-3223,earring,synthetic_demo,Synthetic demo metadata,https://github.com/wa52/ai-customer-service/tree/main/data,synthetic_demo,false
DEMO-IMAGE-3224,bracelet,synthetic_demo,Synthetic demo metadata,https://github.com/wa52/ai-customer-service/tree/main/data,synthetic_demo,false
DEMO-IMAGE-3225,ring,synthetic_demo,Synthetic demo metadata,https://github.com/wa52/ai-customer-service/tree/main/data,synthetic_demo,false
DEMO-IMAGE-3226,necklace,synthetic_demo,Synthetic demo metadata,https://github.com/wa52/ai-customer-service/tree/main/data,synthetic_demo,false
DEMO-IMAGE-3227,earring,synthetic_demo,Synthetic demo metadata,https://github.com/wa52/ai-customer-service/tree/main/data,synthetic_demo,false
DEMO-IMAGE-3228,bracelet,synthetic_demo,Synthetic demo metadata,https://github.com/wa52/ai-customer-service/tree/main/data,synthetic_demo,false
DEMO-IMAGE-3229,ring,synthetic_demo,Synthetic demo metadata,https://github.com/wa52/ai-customer-service/tree/main/data,synthetic_demo,false
DEMO-IMAGE-3230,necklace,synthetic_demo,Synthetic demo metadata,https://github.com/wa52/ai-customer-service/tree/main/data,synthetic_demo,false
DEMO-IMAGE-3231,earring,synthetic_demo,Synthetic demo metadata,https://github.com/wa52/ai-customer-service/tree/main/data,synthetic_demo,false
DEMO-IMAGE-3232,bracelet,synthetic_demo,Synthetic demo metadata,https://github.com/wa52/ai-customer-service/tree/main/data,synthetic_demo,false
DEMO-IMAGE-3233,ring,synthetic_demo,Synthetic demo metadata,https://github.com/wa52/ai-customer-service/tree/main/data,synthetic_demo,false
DEMO-IMAGE-3234,necklace,synthetic_demo,Synthetic demo metadata,https://github.com/wa52/ai-customer-service/tree/main/data,synthetic_demo,false
DEMO-IMAGE-3235,earring,synthetic_demo,Synthetic demo metadata,https://github.com/wa52/ai-customer-service/tree/main/data,synthetic_demo,false
DEMO-IMAGE-3236,bracelet,synthetic_demo,Synthetic demo metadata,https://github.com/wa52/ai-customer-service/tree/main/data,synthetic_demo,false
DEMO-IMAGE-3237,ring,synthetic_demo,Synthetic demo metadata,https://github.com/wa52/ai-customer-service/tree/main/data,synthetic_demo,false
DEMO-IMAGE-3238,necklace,synthetic_demo,Synthetic demo metadata,https://github.com/wa52/ai-customer-service/tree/main/data,synthetic_demo,false
DEMO-IMAGE-3239,earring,synthetic_demo,Synthetic demo metadata,https://github.com/wa52/ai-customer-service/tree/main/data,synthetic_demo,false
DEMO-IMAGE-3240,bracelet,synthetic_demo,Synthetic demo metadata,https://github.com/wa52/ai-customer-service/tree/main/data,synthetic_demo,false
DEMO-IMAGE-3241,ring,synthetic_demo,Synthetic demo metadata,https://github.com/wa52/ai-customer-service/tree/main/data,synthetic_demo,false
DEMO-IMAGE-3242,necklace,synthetic_demo,Synthetic demo metadata,https://github.com/wa52/ai-customer-service/tree/main/data,synthetic_demo,false
DEMO-IMAGE-3243,earring,synthetic_demo,Synthetic demo metadata,https://github.com/wa52/ai-customer-service/tree/main/data,synthetic_demo,false
DEMO-IMAGE-3244,bracelet,synthetic_demo,Synthetic demo metadata,https://github.com/wa52/ai-customer-service/tree/main/data,synthetic_demo,false
DEMO-IMAGE-3245,ring,synthetic_demo,Synthetic demo metadata,https://github.com/wa52/ai-customer-service/tree/main/data,synthetic_demo,false
DEMO-IMAGE-3246,necklace,synthetic_demo,Synthetic demo metadata,https://github.com/wa52/ai-customer-service/tree/main/data,synthetic_demo,false
DEMO-IMAGE-3247,earring,synthetic_demo,Synthetic demo metadata,https://github.com/wa52/ai-customer-service/tree/main/data,synthetic_demo,false
DEMO-IMAGE-3248,bracelet,synthetic_demo,Synthetic demo metadata,https://github.com/wa52/ai-customer-service/tree/main/data,synthetic_demo,false
DEMO-IMAGE-3249,ring,synthetic_demo,Synthetic demo metadata,https://github.com/wa52/ai-customer-service/tree/main/data,synthetic_demo,false
DEMO-IMAGE-3250,necklace,synthetic_demo,Synthetic demo metadata,https://github.com/wa52/ai-customer-service/tree/main/data,synthetic_demo,false
DEMO-IMAGE-3251,earring,synthetic_demo,Synthetic demo metadata,https://github.com/wa52/ai-customer-service/tree/main/data,synthetic_demo,false
DEMO-IMAGE-3252,bracelet,synthetic_demo,Synthetic demo metadata,https://github.com/wa52/ai-customer-service/tree/main/data,synthetic_demo,false
DEMO-IMAGE-3253,ring,synthetic_demo,Synthetic demo metadata,https://github.com/wa52/ai-customer-service/tree/main/data,synthetic_demo,false
DEMO-IMAGE-3254,necklace,synthetic_demo,Synthetic demo metadata,https://github.com/wa52/ai-customer-service/tree/main/data,synthetic_demo,false
DEMO-IMAGE-3255,earring,synthetic_demo,Synthetic demo metadata,https://github.com/wa52/ai-customer-service/tree/main/data,synthetic_demo,false
DEMO-IMAGE-3256,bracelet,synthetic_demo,Synthetic demo metadata,https://github.com/wa52/ai-customer-service/tree/main/data,synthetic_demo,false
DEMO-IMAGE-3257,ring,synthetic_demo,Synthetic demo metadata,https://github.com/wa52/ai-customer-service/tree/main/data,synthetic_demo,false
DEMO-IMAGE-3258,necklace,synthetic_demo,Synthetic demo metadata,https://github.com/wa52/ai-customer-service/tree/main/data,synthetic_demo,false
DEMO-IMAGE-3259,earring,synthetic_demo,Synthetic demo metadata,https://github.com/wa52/ai-customer-service/tree/main/data,synthetic_demo,false
DEMO-IMAGE-3260,bracelet,synthetic_demo,Synthetic demo metadata,https://github.com/wa52/ai-customer-service/tree/main/data,synthetic_demo,false
DEMO-IMAGE-3261,ring,synthetic_demo,Synthetic demo metadata,https://github.com/wa52/ai-customer-service/tree/main/data,synthetic_demo,false
DEMO-IMAGE-3262,necklace,synthetic_demo,Synthetic demo metadata,https://github.com/wa52/ai-customer-service/tree/main/data,synthetic_demo,false
DEMO-IMAGE-3263,earring,synthetic_demo,Synthetic demo metadata,https://github.com/wa52/ai-customer-service/tree/main/data,synthetic_demo,false
DEMO-IMAGE-3264,bracelet,synthetic_demo,Synthetic demo metadata,https://github.com/wa52/ai-customer-service/tree/main/data,synthetic_demo,false
DEMO-IMAGE-3265,ring,synthetic_demo,Synthetic demo metadata,https://github.com/wa52/ai-customer-service/tree/main/data,synthetic_demo,false
DEMO-IMAGE-3266,necklace,synthetic_demo,Synthetic demo metadata,https://github.com/wa52/ai-customer-service/tree/main/data,synthetic_demo,false
DEMO-IMAGE-3267,earring,synthetic_demo,Synthetic demo metadata,https://github.com/wa52/ai-customer-service/tree/main/data,synthetic_demo,false
DEMO-IMAGE-3268,bracelet,synthetic_demo,Synthetic demo metadata,https://github.com/wa52/ai-customer-service/tree/main/data,synthetic_demo,false
DEMO-IMAGE-3269,ring,synthetic_demo,Synthetic demo metadata,https://github.com/wa52/ai-customer-service/tree/main/data,synthetic_demo,false
DEMO-IMAGE-3270,necklace,synthetic_demo,Synthetic demo metadata,https://github.com/wa52/ai-customer-service/tree/main/data,synthetic_demo,false
DEMO-IMAGE-3271,earring,synthetic_demo,Synthetic demo metadata,https://github.com/wa52/ai-customer-service/tree/main/data,synthetic_demo,false
DEMO-IMAGE-3272,bracelet,synthetic_demo,Synthetic demo metadata,https://github.com/wa52/ai-customer-service/tree/main/data,synthetic_demo,false
DEMO-IMAGE-3273,ring,synthetic_demo,Synthetic demo metadata,https://github.com/wa52/ai-customer-service/tree/main/data,synthetic_demo,false
DEMO-IMAGE-3274,necklace,synthetic_demo,Synthetic demo metadata,https://github.com/wa52/ai-customer-service/tree/main/data,synthetic_demo,false
DEMO-IMAGE-3275,earring,synthetic_demo,Synthetic demo metadata,https://github.com/wa52/ai-customer-service/tree/main/data,synthetic_demo,false
DEMO-IMAGE-3276,bracelet,synthetic_demo,Synthetic demo metadata,https://github.com/wa52/ai-customer-service/tree/main/data,synthetic_demo,false
DEMO-IMAGE-3277,ring,synthetic_demo,Synthetic demo metadata,https://github.com/wa52/ai-customer-service/tree/main/data,synthetic_demo,false
DEMO-IMAGE-3278,necklace,synthetic_demo,Synthetic demo metadata,https://github.com/wa52/ai-customer-service/tree/main/data,synthetic_demo,false
DEMO-IMAGE-3279,earring,synthetic_demo,Synthetic demo metadata,https://github.com/wa52/ai-customer-service/tree/main/data,synthetic_demo,false
DEMO-IMAGE-3280,bracelet,synthetic_demo,Synthetic demo metadata,https://github.com/wa52/ai-customer-service/tree/main/data,synthetic_demo,false
DEMO-IMAGE-3281,ring,synthetic_demo,Synthetic demo metadata,https://github.com/wa52/ai-customer-service/tree/main/data,synthetic_demo,false
DEMO-IMAGE-3282,necklace,synthetic_demo,Synthetic demo metadata,https://github.com/wa52/ai-customer-service/tree/main/data,synthetic_demo,false
DEMO-IMAGE-3283,earring,synthetic_demo,Synthetic demo metadata,https://github.com/wa52/ai-customer-service/tree/main/data,synthetic_demo,false
DEMO-IMAGE-3284,bracelet,synthetic_demo,Synthetic demo metadata,https://github.com/wa52/ai-customer-service/tree/main/data,synthetic_demo,false
DEMO-IMAGE-3285,ring,synthetic_demo,Synthetic demo metadata,https://github.com/wa52/ai-customer-service/tree/main/data,synthetic_demo,false
DEMO-IMAGE-3286,necklace,synthetic_demo,Synthetic demo metadata,https://github.com/wa52/ai-customer-service/tree/main/data,synthetic_demo,false
DEMO-IMAGE-3287,earring,synthetic_demo,Synthetic demo metadata,https://github.com/wa52/ai-customer-service/tree/main/data,synthetic_demo,false
DEMO-IMAGE-3288,bracelet,synthetic_demo,Synthetic demo metadata,https://github.com/wa52/ai-customer-service/tree/main/data,synthetic_demo,false
DEMO-IMAGE-3289,ring,synthetic_demo,Synthetic demo metadata,https://github.com/wa52/ai-customer-service/tree/main/data,synthetic_demo,false
DEMO-IMAGE-3290,necklace,synthetic_demo,Synthetic demo metadata,https://github.com/wa52/ai-customer-service/tree/main/data,synthetic_demo,false
DEMO-IMAGE-3291,earring,synthetic_demo,Synthetic demo metadata,https://github.com/wa52/ai-customer-service/tree/main/data,synthetic_demo,false
DEMO-IMAGE-3292,bracelet,synthetic_demo,Synthetic demo metadata,https://github.com/wa52/ai-customer-service/tree/main/data,synthetic_demo,false
DEMO-IMAGE-3293,ring,synthetic_demo,Synthetic demo metadata,https://github.com/wa52/ai-customer-service/tree/main/data,synthetic_demo,false
DEMO-IMAGE-3294,necklace,synthetic_demo,Synthetic demo metadata,https://github.com/wa52/ai-customer-service/tree/main/data,synthetic_demo,false
DEMO-IMAGE-3295,earring,synthetic_demo,Synthetic demo metadata,https://github.com/wa52/ai-customer-service/tree/main/data,synthetic_demo,false
DEMO-IMAGE-3296,bracelet,synthetic_demo,Synthetic demo metadata,https://github.com/wa52/ai-customer-service/tree/main/data,synthetic_demo,false
DEMO-IMAGE-3297,ring,synthetic_demo,Synthetic demo metadata,https://github.com/wa52/ai-customer-service/tree/main/data,synthetic_demo,false
DEMO-IMAGE-3298,necklace,synthetic_demo,Synthetic demo metadata,https://github.com/wa52/ai-customer-service/tree/main/data,synthetic_demo,false
DEMO-IMAGE-3299,earring,synthetic_demo,Synthetic demo metadata,https://github.com/wa52/ai-customer-service/tree/main/data,synthetic_demo,false
DEMO-IMAGE-3300,bracelet,synthetic_demo,Synthetic demo metadata,https://github.com/wa52/ai-customer-service/tree/main/data,synthetic_demo,false
DEMO-IMAGE-3301,ring,synthetic_demo,Synthetic demo metadata,https://github.com/wa52/ai-customer-service/tree/main/data,synthetic_demo,false
DEMO-IMAGE-3302,necklace,synthetic_demo,Synthetic demo metadata,https://github.com/wa52/ai-customer-service/tree/main/data,synthetic_demo,false
DEMO-IMAGE-3303,earring,synthetic_demo,Synthetic demo metadata,https://github.com/wa52/ai-customer-service/tree/main/data,synthetic_demo,false
DEMO-IMAGE-3304,bracelet,synthetic_demo,Synthetic demo metadata,https://github.com/wa52/ai-customer-service/tree/main/data,synthetic_demo,false
DEMO-IMAGE-3305,ring,synthetic_demo,Synthetic demo metadata,https://github.com/wa52/ai-customer-service/tree/main/data,synthetic_demo,false
DEMO-IMAGE-3306,necklace,synthetic_demo,Synthetic demo metadata,https://github.com/wa52/ai-customer-service/tree/main/data,synthetic_demo,false
DEMO-IMAGE-3307,earring,synthetic_demo,Synthetic demo metadata,https://github.com/wa52/ai-customer-service/tree/main/data,synthetic_demo,false
DEMO-IMAGE-3308,bracelet,synthetic_demo,Synthetic demo metadata,https://github.com/wa52/ai-customer-service/tree/main/data,synthetic_demo,false
DEMO-IMAGE-3309,ring,synthetic_demo,Synthetic demo metadata,https://github.com/wa52/ai-customer-service/tree/main/data,synthetic_demo,false
DEMO-IMAGE-3310,necklace,synthetic_demo,Synthetic demo metadata,https://github.com/wa52/ai-customer-service/tree/main/data,synthetic_demo,false
DEMO-IMAGE-3311,earring,synthetic_demo,Synthetic demo metadata,https://github.com/wa52/ai-customer-service/tree/main/data,synthetic_demo,false
DEMO-IMAGE-3312,bracelet,synthetic_demo,Synthetic demo metadata,https://github.com/wa52/ai-customer-service/tree/main/data,synthetic_demo,false
DEMO-IMAGE-3313,ring,synthetic_demo,Synthetic demo metadata,https://github.com/wa52/ai-customer-service/tree/main/data,synthetic_demo,false
DEMO-IMAGE-3314,necklace,synthetic_demo,Synthetic demo metadata,https://github.com/wa52/ai-customer-service/tree/main/data,synthetic_demo,false
DEMO-IMAGE-3315,earring,synthetic_demo,Synthetic demo metadata,https://github.com/wa52/ai-customer-service/tree/main/data,synthetic_demo,false
DEMO-IMAGE-3316,bracelet,synthetic_demo,Synthetic demo metadata,https://github.com/wa52/ai-customer-service/tree/main/data,synthetic_demo,false
DEMO-IMAGE-3317,ring,synthetic_demo,Synthetic demo metadata,https://github.com/wa52/ai-customer-service/tree/main/data,synthetic_demo,false
DEMO-IMAGE-3318,necklace,synthetic_demo,Synthetic demo metadata,https://github.com/wa52/ai-customer-service/tree/main/data,synthetic_demo,false
DEMO-IMAGE-3319,earring,synthetic_demo,Synthetic demo metadata,https://github.com/wa52/ai-customer-service/tree/main/data,synthetic_demo,false
DEMO-IMAGE-3320,bracelet,synthetic_demo,Synthetic demo metadata,https://github.com/wa52/ai-customer-service/tree/main/data,synthetic_demo,false
DEMO-IMAGE-3321,ring,synthetic_demo,Synthetic demo metadata,https://github.com/wa52/ai-customer-service/tree/main/data,synthetic_demo,false
DEMO-IMAGE-3322,necklace,synthetic_demo,Synthetic demo metadata,https://github.com/wa52/ai-customer-service/tree/main/data,synthetic_demo,false
DEMO-IMAGE-3323,earring,synthetic_demo,Synthetic demo metadata,https://github.com/wa52/ai-customer-service/tree/main/data,synthetic_demo,false
DEMO-IMAGE-3324,bracelet,synthetic_demo,Synthetic demo metadata,https://github.com/wa52/ai-customer-service/tree/main/data,synthetic_demo,false
DEMO-IMAGE-3325,ring,synthetic_demo,Synthetic demo metadata,https://github.com/wa52/ai-customer-service/tree/main/data,synthetic_demo,false
DEMO-IMAGE-3326,necklace,synthetic_demo,Synthetic demo metadata,https://github.com/wa52/ai-customer-service/tree/main/data,synthetic_demo,false
DEMO-IMAGE-3327,earring,synthetic_demo,Synthetic demo metadata,https://github.com/wa52/ai-customer-service/tree/main/data,synthetic_demo,false
DEMO-IMAGE-3328,bracelet,synthetic_demo,Synthetic demo metadata,https://github.com/wa52/ai-customer-service/tree/main/data,synthetic_demo,false
DEMO-IMAGE-3329,ring,synthetic_demo,Synthetic demo metadata,https://github.com/wa52/ai-customer-service/tree/main/data,synthetic_demo,false
DEMO-IMAGE-3330,necklace,synthetic_demo,Synthetic demo metadata,https://github.com/wa52/ai-customer-service/tree/main/data,synthetic_demo,false
DEMO-IMAGE-3331,earring,synthetic_demo,Synthetic demo metadata,https://github.com/wa52/ai-customer-service/tree/main/data,synthetic_demo,false
DEMO-IMAGE-3332,bracelet,synthetic_demo,Synthetic demo metadata,https://github.com/wa52/ai-customer-service/tree/main/data,synthetic_demo,false
DEMO-IMAGE-3333,ring,synthetic_demo,Synthetic demo metadata,https://github.com/wa52/ai-customer-service/tree/main/data,synthetic_demo,false
DEMO-IMAGE-3334,necklace,synthetic_demo,Synthetic demo metadata,https://github.com/wa52/ai-customer-service/tree/main/data,synthetic_demo,false
DEMO-IMAGE-3335,earring,synthetic_demo,Synthetic demo metadata,https://github.com/wa52/ai-customer-service/tree/main/data,synthetic_demo,false
DEMO-IMAGE-3336,bracelet,synthetic_demo,Synthetic demo metadata,https://github.com/wa52/ai-customer-service/tree/main/data,synthetic_demo,false
DEMO-IMAGE-3337,ring,synthetic_demo,Synthetic demo metadata,https://github.com/wa52/ai-customer-service/tree/main/data,synthetic_demo,false
DEMO-IMAGE-3338,necklace,synthetic_demo,Synthetic demo metadata,https://github.com/wa52/ai-customer-service/tree/main/data,synthetic_demo,false
DEMO-IMAGE-3339,earring,synthetic_demo,Synthetic demo metadata,https://github.com/wa52/ai-customer-service/tree/main/data,synthetic_demo,false
DEMO-IMAGE-3340,bracelet,synthetic_demo,Synthetic demo metadata,https://github.com/wa52/ai-customer-service/tree/main/data,synthetic_demo,false
DEMO-IMAGE-3341,ring,synthetic_demo,Synthetic demo metadata,https://github.com/wa52/ai-customer-service/tree/main/data,synthetic_demo,false
DEMO-IMAGE-3342,necklace,synthetic_demo,Synthetic demo metadata,https://github.com/wa52/ai-customer-service/tree/main/data,synthetic_demo,false
DEMO-IMAGE-3343,earring,synthetic_demo,Synthetic demo metadata,https://github.com/wa52/ai-customer-service/tree/main/data,synthetic_demo,false
DEMO-IMAGE-3344,bracelet,synthetic_demo,Synthetic demo metadata,https://github.com/wa52/ai-customer-service/tree/main/data,synthetic_demo,false
DEMO-IMAGE-3345,ring,synthetic_demo,Synthetic demo metadata,https://github.com/wa52/ai-customer-service/tree/main/data,synthetic_demo,false
DEMO-IMAGE-3346,necklace,synthetic_demo,Synthetic demo metadata,https://github.com/wa52/ai-customer-service/tree/main/data,synthetic_demo,false
DEMO-IMAGE-3347,earring,synthetic_demo,Synthetic demo metadata,https://github.com/wa52/ai-customer-service/tree/main/data,synthetic_demo,false
DEMO-IMAGE-3348,bracelet,synthetic_demo,Synthetic demo metadata,https://github.com/wa52/ai-customer-service/tree/main/data,synthetic_demo,false
DEMO-IMAGE-3349,ring,synthetic_demo,Synthetic demo metadata,https://github.com/wa52/ai-customer-service/tree/main/data,synthetic_demo,false
DEMO-IMAGE-3350,necklace,synthetic_demo,Synthetic demo metadata,https://github.com/wa52/ai-customer-service/tree/main/data,synthetic_demo,false
DEMO-IMAGE-3351,earring,synthetic_demo,Synthetic demo metadata,https://github.com/wa52/ai-customer-service/tree/main/data,synthetic_demo,false
DEMO-IMAGE-3352,bracelet,synthetic_demo,Synthetic demo metadata,https://github.com/wa52/ai-customer-service/tree/main/data,synthetic_demo,false
DEMO-IMAGE-3353,ring,synthetic_demo,Synthetic demo metadata,https://github.com/wa52/ai-customer-service/tree/main/data,synthetic_demo,false
DEMO-IMAGE-3354,necklace,synthetic_demo,Synthetic demo metadata,https://github.com/wa52/ai-customer-service/tree/main/data,synthetic_demo,false
DEMO-IMAGE-3355,earring,synthetic_demo,Synthetic demo metadata,https://github.com/wa52/ai-customer-service/tree/main/data,synthetic_demo,false
DEMO-IMAGE-3356,bracelet,synthetic_demo,Synthetic demo metadata,https://github.com/wa52/ai-customer-service/tree/main/data,synthetic_demo,false
DEMO-IMAGE-3357,ring,synthetic_demo,Synthetic demo metadata,https://github.com/wa52/ai-customer-service/tree/main/data,synthetic_demo,false
DEMO-IMAGE-3358,necklace,synthetic_demo,Synthetic demo metadata,https://github.com/wa52/ai-customer-service/tree/main/data,synthetic_demo,false
DEMO-IMAGE-3359,earring,synthetic_demo,Synthetic demo metadata,https://github.com/wa52/ai-customer-service/tree/main/data,synthetic_demo,false
DEMO-IMAGE-3360,bracelet,synthetic_demo,Synthetic demo metadata,https://github.com/wa52/ai-customer-service/tree/main/data,synthetic_demo,false
DEMO-IMAGE-3361,ring,synthetic_demo,Synthetic demo metadata,https://github.com/wa52/ai-customer-service/tree/main/data,synthetic_demo,false
DEMO-IMAGE-3362,necklace,synthetic_demo,Synthetic demo metadata,https://github.com/wa52/ai-customer-service/tree/main/data,synthetic_demo,false
DEMO-IMAGE-3363,earring,synthetic_demo,Synthetic demo metadata,https://github.com/wa52/ai-customer-service/tree/main/data,synthetic_demo,false
DEMO-IMAGE-3364,bracelet,synthetic_demo,Synthetic demo metadata,https://github.com/wa52/ai-customer-service/tree/main/data,synthetic_demo,false
DEMO-IMAGE-3365,ring,synthetic_demo,Synthetic demo metadata,https://github.com/wa52/ai-customer-service/tree/main/data,synthetic_demo,false
DEMO-IMAGE-3366,necklace,synthetic_demo,Synthetic demo metadata,https://github.com/wa52/ai-customer-service/tree/main/data,synthetic_demo,false
DEMO-IMAGE-3367,earring,synthetic_demo,Synthetic demo metadata,https://github.com/wa52/ai-customer-service/tree/main/data,synthetic_demo,false
DEMO-IMAGE-3368,bracelet,synthetic_demo,Synthetic demo metadata,https://github.com/wa52/ai-customer-service/tree/main/data,synthetic_demo,false
DEMO-IMAGE-3369,ring,synthetic_demo,Synthetic demo metadata,https://github.com/wa52/ai-customer-service/tree/main/data,synthetic_demo,false
DEMO-IMAGE-3370,necklace,synthetic_demo,Synthetic demo metadata,https://github.com/wa52/ai-customer-service/tree/main/data,synthetic_demo,false
DEMO-IMAGE-3371,earring,synthetic_demo,Synthetic demo metadata,https://github.com/wa52/ai-customer-service/tree/main/data,synthetic_demo,false
DEMO-IMAGE-3372,bracelet,synthetic_demo,Synthetic demo metadata,https://github.com/wa52/ai-customer-service/tree/main/data,synthetic_demo,false
DEMO-IMAGE-3373,ring,synthetic_demo,Synthetic demo metadata,https://github.com/wa52/ai-customer-service/tree/main/data,synthetic_demo,false
DEMO-IMAGE-3374,necklace,synthetic_demo,Synthetic demo metadata,https://github.com/wa52/ai-customer-service/tree/main/data,synthetic_demo,false
DEMO-IMAGE-3375,earring,synthetic_demo,Synthetic demo metadata,https://github.com/wa52/ai-customer-service/tree/main/data,synthetic_demo,false
DEMO-IMAGE-3376,bracelet,synthetic_demo,Synthetic demo metadata,https://github.com/wa52/ai-customer-service/tree/main/data,synthetic_demo,false
DEMO-IMAGE-3377,ring,synthetic_demo,Synthetic demo metadata,https://github.com/wa52/ai-customer-service/tree/main/data,synthetic_demo,false
DEMO-IMAGE-3378,necklace,synthetic_demo,Synthetic demo metadata,https://github.com/wa52/ai-customer-service/tree/main/data,synthetic_demo,false
DEMO-IMAGE-3379,earring,synthetic_demo,Synthetic demo metadata,https://github.com/wa52/ai-customer-service/tree/main/data,synthetic_demo,false
DEMO-IMAGE-3380,bracelet,synthetic_demo,Synthetic demo metadata,https://github.com/wa52/ai-customer-service/tree/main/data,synthetic_demo,false
DEMO-IMAGE-3381,ring,synthetic_demo,Synthetic demo metadata,https://github.com/wa52/ai-customer-service/tree/main/data,synthetic_demo,false
DEMO-IMAGE-3382,necklace,synthetic_demo,Synthetic demo metadata,https://github.com/wa52/ai-customer-service/tree/main/data,synthetic_demo,false
DEMO-IMAGE-3383,earring,synthetic_demo,Synthetic demo metadata,https://github.com/wa52/ai-customer-service/tree/main/data,synthetic_demo,false
DEMO-IMAGE-3384,bracelet,synthetic_demo,Synthetic demo metadata,https://github.com/wa52/ai-customer-service/tree/main/data,synthetic_demo,false
DEMO-IMAGE-3385,ring,synthetic_demo,Synthetic demo metadata,https://github.com/wa52/ai-customer-service/tree/main/data,synthetic_demo,false
DEMO-IMAGE-3386,necklace,synthetic_demo,Synthetic demo metadata,https://github.com/wa52/ai-customer-service/tree/main/data,synthetic_demo,false
DEMO-IMAGE-3387,earring,synthetic_demo,Synthetic demo metadata,https://github.com/wa52/ai-customer-service/tree/main/data,synthetic_demo,false
DEMO-IMAGE-3388,bracelet,synthetic_demo,Synthetic demo metadata,https://github.com/wa52/ai-customer-service/tree/main/data,synthetic_demo,false
DEMO-IMAGE-3389,ring,synthetic_demo,Synthetic demo metadata,https://github.com/wa52/ai-customer-service/tree/main/data,synthetic_demo,false
DEMO-IMAGE-3390,necklace,synthetic_demo,Synthetic demo metadata,https://github.com/wa52/ai-customer-service/tree/main/data,synthetic_demo,false
DEMO-IMAGE-3391,earring,synthetic_demo,Synthetic demo metadata,https://github.com/wa52/ai-customer-service/tree/main/data,synthetic_demo,false
DEMO-IMAGE-3392,bracelet,synthetic_demo,Synthetic demo metadata,https://github.com/wa52/ai-customer-service/tree/main/data,synthetic_demo,false
DEMO-IMAGE-3393,ring,synthetic_demo,Synthetic demo metadata,https://github.com/wa52/ai-customer-service/tree/main/data,synthetic_demo,false
DEMO-IMAGE-3394,necklace,synthetic_demo,Synthetic demo metadata,https://github.com/wa52/ai-customer-service/tree/main/data,synthetic_demo,false
DEMO-IMAGE-3395,earring,synthetic_demo,Synthetic demo metadata,https://github.com/wa52/ai-customer-service/tree/main/data,synthetic_demo,false
DEMO-IMAGE-3396,bracelet,synthetic_demo,Synthetic demo metadata,https://github.com/wa52/ai-customer-service/tree/main/data,synthetic_demo,false
DEMO-IMAGE-3397,ring,synthetic_demo,Synthetic demo metadata,https://github.com/wa52/ai-customer-service/tree/main/data,synthetic_demo,false
DEMO-IMAGE-3398,necklace,synthetic_demo,Synthetic demo metadata,https://github.com/wa52/ai-customer-service/tree/main/data,synthetic_demo,false
DEMO-IMAGE-3399,earring,synthetic_demo,Synthetic demo metadata,https://github.com/wa52/ai-customer-service/tree/main/data,synthetic_demo,false
DEMO-IMAGE-3400,bracelet,synthetic_demo,Synthetic demo metadata,https://github.com/wa52/ai-customer-service/tree/main/data,synthetic_demo,false
DEMO-IMAGE-3401,ring,synthetic_demo,Synthetic demo metadata,https://github.com/wa52/ai-customer-service/tree/main/data,synthetic_demo,false
DEMO-IMAGE-3402,necklace,synthetic_demo,Synthetic demo metadata,https://github.com/wa52/ai-customer-service/tree/main/data,synthetic_demo,false
DEMO-IMAGE-3403,earring,synthetic_demo,Synthetic demo metadata,https://github.com/wa52/ai-customer-service/tree/main/data,synthetic_demo,false
DEMO-IMAGE-3404,bracelet,synthetic_demo,Synthetic demo metadata,https://github.com/wa52/ai-customer-service/tree/main/data,synthetic_demo,false
DEMO-IMAGE-3405,ring,synthetic_demo,Synthetic demo metadata,https://github.com/wa52/ai-customer-service/tree/main/data,synthetic_demo,false
DEMO-IMAGE-3406,necklace,synthetic_demo,Synthetic demo metadata,https://github.com/wa52/ai-customer-service/tree/main/data,synthetic_demo,false
DEMO-IMAGE-3407,earring,synthetic_demo,Synthetic demo metadata,https://github.com/wa52/ai-customer-service/tree/main/data,synthetic_demo,false
DEMO-IMAGE-3408,bracelet,synthetic_demo,Synthetic demo metadata,https://github.com/wa52/ai-customer-service/tree/main/data,synthetic_demo,false
DEMO-IMAGE-3409,ring,synthetic_demo,Synthetic demo metadata,https://github.com/wa52/ai-customer-service/tree/main/data,synthetic_demo,false
DEMO-IMAGE-3410,necklace,synthetic_demo,Synthetic demo metadata,https://github.com/wa52/ai-customer-service/tree/main/data,synthetic_demo,false
DEMO-IMAGE-3411,earring,synthetic_demo,Synthetic demo metadata,https://github.com/wa52/ai-customer-service/tree/main/data,synthetic_demo,false
DEMO-IMAGE-3412,bracelet,synthetic_demo,Synthetic demo metadata,https://github.com/wa52/ai-customer-service/tree/main/data,synthetic_demo,false
DEMO-IMAGE-3413,ring,synthetic_demo,Synthetic demo metadata,https://github.com/wa52/ai-customer-service/tree/main/data,synthetic_demo,false
DEMO-IMAGE-3414,necklace,synthetic_demo,Synthetic demo metadata,https://github.com/wa52/ai-customer-service/tree/main/data,synthetic_demo,false
DEMO-IMAGE-3415,earring,synthetic_demo,Synthetic demo metadata,https://github.com/wa52/ai-customer-service/tree/main/data,synthetic_demo,false
DEMO-IMAGE-3416,bracelet,synthetic_demo,Synthetic demo metadata,https://github.com/wa52/ai-customer-service/tree/main/data,synthetic_demo,false
DEMO-IMAGE-3417,ring,synthetic_demo,Synthetic demo metadata,https://github.com/wa52/ai-customer-service/tree/main/data,synthetic_demo,false
DEMO-IMAGE-3418,necklace,synthetic_demo,Synthetic demo metadata,https://github.com/wa52/ai-customer-service/tree/main/data,synthetic_demo,false
DEMO-IMAGE-3419,earring,synthetic_demo,Synthetic demo metadata,https://github.com/wa52/ai-customer-service/tree/main/data,synthetic_demo,false
DEMO-IMAGE-3420,bracelet,synthetic_demo,Synthetic demo metadata,https://github.com/wa52/ai-customer-service/tree/main/data,synthetic_demo,false
DEMO-IMAGE-3421,ring,synthetic_demo,Synthetic demo metadata,https://github.com/wa52/ai-customer-service/tree/main/data,synthetic_demo,false
DEMO-IMAGE-3422,necklace,synthetic_demo,Synthetic demo metadata,https://github.com/wa52/ai-customer-service/tree/main/data,synthetic_demo,false
DEMO-IMAGE-3423,earring,synthetic_demo,Synthetic demo metadata,https://github.com/wa52/ai-customer-service/tree/main/data,synthetic_demo,false
DEMO-IMAGE-3424,bracelet,synthetic_demo,Synthetic demo metadata,https://github.com/wa52/ai-customer-service/tree/main/data,synthetic_demo,false
DEMO-IMAGE-3425,ring,synthetic_demo,Synthetic demo metadata,https://github.com/wa52/ai-customer-service/tree/main/data,synthetic_demo,false
DEMO-IMAGE-3426,necklace,synthetic_demo,Synthetic demo metadata,https://github.com/wa52/ai-customer-service/tree/main/data,synthetic_demo,false
DEMO-IMAGE-3427,earring,synthetic_demo,Synthetic demo metadata,https://github.com/wa52/ai-customer-service/tree/main/data,synthetic_demo,false
DEMO-IMAGE-3428,bracelet,synthetic_demo,Synthetic demo metadata,https://github.com/wa52/ai-customer-service/tree/main/data,synthetic_demo,false
DEMO-IMAGE-3429,ring,synthetic_demo,Synthetic demo metadata,https://github.com/wa52/ai-customer-service/tree/main/data,synthetic_demo,false
DEMO-IMAGE-3430,necklace,synthetic_demo,Synthetic demo metadata,https://github.com/wa52/ai-customer-service/tree/main/data,synthetic_demo,false
DEMO-IMAGE-3431,earring,synthetic_demo,Synthetic demo metadata,https://github.com/wa52/ai-customer-service/tree/main/data,synthetic_demo,false
DEMO-IMAGE-3432,bracelet,synthetic_demo,Synthetic demo metadata,https://github.com/wa52/ai-customer-service/tree/main/data,synthetic_demo,false
DEMO-IMAGE-3433,ring,synthetic_demo,Synthetic demo metadata,https://github.com/wa52/ai-customer-service/tree/main/data,synthetic_demo,false
DEMO-IMAGE-3434,necklace,synthetic_demo,Synthetic demo metadata,https://github.com/wa52/ai-customer-service/tree/main/data,synthetic_demo,false
DEMO-IMAGE-3435,earring,synthetic_demo,Synthetic demo metadata,https://github.com/wa52/ai-customer-service/tree/main/data,synthetic_demo,false
DEMO-IMAGE-3436,bracelet,synthetic_demo,Synthetic demo metadata,https://github.com/wa52/ai-customer-service/tree/main/data,synthetic_demo,false
DEMO-IMAGE-3437,ring,synthetic_demo,Synthetic demo metadata,https://github.com/wa52/ai-customer-service/tree/main/data,synthetic_demo,false
DEMO-IMAGE-3438,necklace,synthetic_demo,Synthetic demo metadata,https://github.com/wa52/ai-customer-service/tree/main/data,synthetic_demo,false
DEMO-IMAGE-3439,earring,synthetic_demo,Synthetic demo metadata,https://github.com/wa52/ai-customer-service/tree/main/data,synthetic_demo,false
DEMO-IMAGE-3440,bracelet,synthetic_demo,Synthetic demo metadata,https://github.com/wa52/ai-customer-service/tree/main/data,synthetic_demo,false
DEMO-IMAGE-3441,ring,synthetic_demo,Synthetic demo metadata,https://github.com/wa52/ai-customer-service/tree/main/data,synthetic_demo,false
DEMO-IMAGE-3442,necklace,synthetic_demo,Synthetic demo metadata,https://github.com/wa52/ai-customer-service/tree/main/data,synthetic_demo,false
DEMO-IMAGE-3443,earring,synthetic_demo,Synthetic demo metadata,https://github.com/wa52/ai-customer-service/tree/main/data,synthetic_demo,false
DEMO-IMAGE-3444,bracelet,synthetic_demo,Synthetic demo metadata,https://github.com/wa52/ai-customer-service/tree/main/data,synthetic_demo,false
DEMO-IMAGE-3445,ring,synthetic_demo,Synthetic demo metadata,https://github.com/wa52/ai-customer-service/tree/main/data,synthetic_demo,false
DEMO-IMAGE-3446,necklace,synthetic_demo,Synthetic demo metadata,https://github.com/wa52/ai-customer-service/tree/main/data,synthetic_demo,false
DEMO-IMAGE-3447,earring,synthetic_demo,Synthetic demo metadata,https://github.com/wa52/ai-customer-service/tree/main/data,synthetic_demo,false
DEMO-IMAGE-3448,bracelet,synthetic_demo,Synthetic demo metadata,https://github.com/wa52/ai-customer-service/tree/main/data,synthetic_demo,false
DEMO-IMAGE-3449,ring,synthetic_demo,Synthetic demo metadata,https://github.com/wa52/ai-customer-service/tree/main/data,synthetic_demo,false
DEMO-IMAGE-3450,necklace,synthetic_demo,Synthetic demo metadata,https://github.com/wa52/ai-customer-service/tree/main/data,synthetic_demo,false
DEMO-IMAGE-3451,earring,synthetic_demo,Synthetic demo metadata,https://github.com/wa52/ai-customer-service/tree/main/data,synthetic_demo,false
DEMO-IMAGE-3452,bracelet,synthetic_demo,Synthetic demo metadata,https://github.com/wa52/ai-customer-service/tree/main/data,synthetic_demo,false
DEMO-IMAGE-3453,ring,synthetic_demo,Synthetic demo metadata,https://github.com/wa52/ai-customer-service/tree/main/data,synthetic_demo,false
DEMO-IMAGE-3454,necklace,synthetic_demo,Synthetic demo metadata,https://github.com/wa52/ai-customer-service/tree/main/data,synthetic_demo,false
DEMO-IMAGE-3455,earring,synthetic_demo,Synthetic demo metadata,https://github.com/wa52/ai-customer-service/tree/main/data,synthetic_demo,false
DEMO-IMAGE-3456,bracelet,synthetic_demo,Synthetic demo metadata,https://github.com/wa52/ai-customer-service/tree/main/data,synthetic_demo,false
DEMO-IMAGE-3457,ring,synthetic_demo,Synthetic demo metadata,https://github.com/wa52/ai-customer-service/tree/main/data,synthetic_demo,false
DEMO-IMAGE-3458,necklace,synthetic_demo,Synthetic demo metadata,https://github.com/wa52/ai-customer-service/tree/main/data,synthetic_demo,false
DEMO-IMAGE-3459,earring,synthetic_demo,Synthetic demo metadata,https://github.com/wa52/ai-customer-service/tree/main/data,synthetic_demo,false
DEMO-IMAGE-3460,bracelet,synthetic_demo,Synthetic demo metadata,https://github.com/wa52/ai-customer-service/tree/main/data,synthetic_demo,false
DEMO-IMAGE-3461,ring,synthetic_demo,Synthetic demo metadata,https://github.com/wa52/ai-customer-service/tree/main/data,synthetic_demo,false
DEMO-IMAGE-3462,necklace,synthetic_demo,Synthetic demo metadata,https://github.com/wa52/ai-customer-service/tree/main/data,synthetic_demo,false
DEMO-IMAGE-3463,earring,synthetic_demo,Synthetic demo metadata,https://github.com/wa52/ai-customer-service/tree/main/data,synthetic_demo,false
DEMO-IMAGE-3464,bracelet,synthetic_demo,Synthetic demo metadata,https://github.com/wa52/ai-customer-service/tree/main/data,synthetic_demo,false
DEMO-IMAGE-3465,ring,synthetic_demo,Synthetic demo metadata,https://github.com/wa52/ai-customer-service/tree/main/data,synthetic_demo,false
DEMO-IMAGE-3466,necklace,synthetic_demo,Synthetic demo metadata,https://github.com/wa52/ai-customer-service/tree/main/data,synthetic_demo,false
DEMO-IMAGE-3467,earring,synthetic_demo,Synthetic demo metadata,https://github.com/wa52/ai-customer-service/tree/main/data,synthetic_demo,false
DEMO-IMAGE-3468,bracelet,synthetic_demo,Synthetic demo metadata,https://github.com/wa52/ai-customer-service/tree/main/data,synthetic_demo,false
DEMO-IMAGE-3469,ring,synthetic_demo,Synthetic demo metadata,https://github.com/wa52/ai-customer-service/tree/main/data,synthetic_demo,false
DEMO-IMAGE-3470,necklace,synthetic_demo,Synthetic demo metadata,https://github.com/wa52/ai-customer-service/tree/main/data,synthetic_demo,false
DEMO-IMAGE-3471,earring,synthetic_demo,Synthetic demo metadata,https://github.com/wa52/ai-customer-service/tree/main/data,synthetic_demo,false
DEMO-IMAGE-3472,bracelet,synthetic_demo,Synthetic demo metadata,https://github.com/wa52/ai-customer-service/tree/main/data,synthetic_demo,false
DEMO-IMAGE-3473,ring,synthetic_demo,Synthetic demo metadata,https://github.com/wa52/ai-customer-service/tree/main/data,synthetic_demo,false
DEMO-IMAGE-3474,necklace,synthetic_demo,Synthetic demo metadata,https://github.com/wa52/ai-customer-service/tree/main/data,synthetic_demo,false
DEMO-IMAGE-3475,earring,synthetic_demo,Synthetic demo metadata,https://github.com/wa52/ai-customer-service/tree/main/data,synthetic_demo,false
DEMO-IMAGE-3476,bracelet,synthetic_demo,Synthetic demo metadata,https://github.com/wa52/ai-customer-service/tree/main/data,synthetic_demo,false
DEMO-IMAGE-3477,ring,synthetic_demo,Synthetic demo metadata,https://github.com/wa52/ai-customer-service/tree/main/data,synthetic_demo,false
DEMO-IMAGE-3478,necklace,synthetic_demo,Synthetic demo metadata,https://github.com/wa52/ai-customer-service/tree/main/data,synthetic_demo,false
DEMO-IMAGE-3479,earring,synthetic_demo,Synthetic demo metadata,https://github.com/wa52/ai-customer-service/tree/main/data,synthetic_demo,false
DEMO-IMAGE-3480,bracelet,synthetic_demo,Synthetic demo metadata,https://github.com/wa52/ai-customer-service/tree/main/data,synthetic_demo,false
DEMO-IMAGE-3481,ring,synthetic_demo,Synthetic demo metadata,https://github.com/wa52/ai-customer-service/tree/main/data,synthetic_demo,false
DEMO-IMAGE-3482,necklace,synthetic_demo,Synthetic demo metadata,https://github.com/wa52/ai-customer-service/tree/main/data,synthetic_demo,false
DEMO-IMAGE-3483,earring,synthetic_demo,Synthetic demo metadata,https://github.com/wa52/ai-customer-service/tree/main/data,synthetic_demo,false
DEMO-IMAGE-3484,bracelet,synthetic_demo,Synthetic demo metadata,https://github.com/wa52/ai-customer-service/tree/main/data,synthetic_demo,false
DEMO-IMAGE-3485,ring,synthetic_demo,Synthetic demo metadata,https://github.com/wa52/ai-customer-service/tree/main/data,synthetic_demo,false
DEMO-IMAGE-3486,necklace,synthetic_demo,Synthetic demo metadata,https://github.com/wa52/ai-customer-service/tree/main/data,synthetic_demo,false
DEMO-IMAGE-3487,earring,synthetic_demo,Synthetic demo metadata,https://github.com/wa52/ai-customer-service/tree/main/data,synthetic_demo,false
DEMO-IMAGE-3488,bracelet,synthetic_demo,Synthetic demo metadata,https://github.com/wa52/ai-customer-service/tree/main/data,synthetic_demo,false
DEMO-IMAGE-3489,ring,synthetic_demo,Synthetic demo metadata,https://github.com/wa52/ai-customer-service/tree/main/data,synthetic_demo,false
DEMO-IMAGE-3490,necklace,synthetic_demo,Synthetic demo metadata,https://github.com/wa52/ai-customer-service/tree/main/data,synthetic_demo,false
DEMO-IMAGE-3491,earring,synthetic_demo,Synthetic demo metadata,https://github.com/wa52/ai-customer-service/tree/main/data,synthetic_demo,false
DEMO-IMAGE-3492,bracelet,synthetic_demo,Synthetic demo metadata,https://github.com/wa52/ai-customer-service/tree/main/data,synthetic_demo,false
DEMO-IMAGE-3493,ring,synthetic_demo,Synthetic demo metadata,https://github.com/wa52/ai-customer-service/tree/main/data,synthetic_demo,false
DEMO-IMAGE-3494,necklace,synthetic_demo,Synthetic demo metadata,https://github.com/wa52/ai-customer-service/tree/main/data,synthetic_demo,false
DEMO-IMAGE-3495,earring,synthetic_demo,Synthetic demo metadata,https://github.com/wa52/ai-customer-service/tree/main/data,synthetic_demo,false
DEMO-IMAGE-3496,bracelet,synthetic_demo,Synthetic demo metadata,https://github.com/wa52/ai-customer-service/tree/main/data,synthetic_demo,false
DEMO-IMAGE-3497,ring,synthetic_demo,Synthetic demo metadata,https://github.com/wa52/ai-customer-service/tree/main/data,synthetic_demo,false
DEMO-IMAGE-3498,necklace,synthetic_demo,Synthetic demo metadata,https://github.com/wa52/ai-customer-service/tree/main/data,synthetic_demo,false
DEMO-IMAGE-3499,earring,synthetic_demo,Synthetic demo metadata,https://github.com/wa52/ai-customer-service/tree/main/data,synthetic_demo,false
DEMO-IMAGE-3500,bracelet,synthetic_demo,Synthetic demo metadata,https://github.com/wa52/ai-customer-service/tree/main/data,synthetic_demo,false
DEMO-IMAGE-3501,ring,synthetic_demo,Synthetic demo metadata,https://github.com/wa52/ai-customer-service/tree/main/data,synthetic_demo,false
DEMO-IMAGE-3502,necklace,synthetic_demo,Synthetic demo metadata,https://github.com/wa52/ai-customer-service/tree/main/data,synthetic_demo,false
DEMO-IMAGE-3503,earring,synthetic_demo,Synthetic demo metadata,https://github.com/wa52/ai-customer-service/tree/main/data,synthetic_demo,false
DEMO-IMAGE-3504,bracelet,synthetic_demo,Synthetic demo metadata,https://github.com/wa52/ai-customer-service/tree/main/data,synthetic_demo,false
DEMO-IMAGE-3505,ring,synthetic_demo,Synthetic demo metadata,https://github.com/wa52/ai-customer-service/tree/main/data,synthetic_demo,false
DEMO-IMAGE-3506,necklace,synthetic_demo,Synthetic demo metadata,https://github.com/wa52/ai-customer-service/tree/main/data,synthetic_demo,false
DEMO-IMAGE-3507,earring,synthetic_demo,Synthetic demo metadata,https://github.com/wa52/ai-customer-service/tree/main/data,synthetic_demo,false
DEMO-IMAGE-3508,bracelet,synthetic_demo,Synthetic demo metadata,https://github.com/wa52/ai-customer-service/tree/main/data,synthetic_demo,false
DEMO-IMAGE-3509,ring,synthetic_demo,Synthetic demo metadata,https://github.com/wa52/ai-customer-service/tree/main/data,synthetic_demo,false
DEMO-IMAGE-3510,necklace,synthetic_demo,Synthetic demo metadata,https://github.com/wa52/ai-customer-service/tree/main/data,synthetic_demo,false
DEMO-IMAGE-3511,earring,synthetic_demo,Synthetic demo metadata,https://github.com/wa52/ai-customer-service/tree/main/data,synthetic_demo,false
DEMO-IMAGE-3512,bracelet,synthetic_demo,Synthetic demo metadata,https://github.com/wa52/ai-customer-service/tree/main/data,synthetic_demo,false
DEMO-IMAGE-3513,ring,synthetic_demo,Synthetic demo metadata,https://github.com/wa52/ai-customer-service/tree/main/data,synthetic_demo,false
DEMO-IMAGE-3514,necklace,synthetic_demo,Synthetic demo metadata,https://github.com/wa52/ai-customer-service/tree/main/data,synthetic_demo,false
DEMO-IMAGE-3515,earring,synthetic_demo,Synthetic demo metadata,https://github.com/wa52/ai-customer-service/tree/main/data,synthetic_demo,false
DEMO-IMAGE-3516,bracelet,synthetic_demo,Synthetic demo metadata,https://github.com/wa52/ai-customer-service/tree/main/data,synthetic_demo,false
DEMO-IMAGE-3517,ring,synthetic_demo,Synthetic demo metadata,https://github.com/wa52/ai-customer-service/tree/main/data,synthetic_demo,false
DEMO-IMAGE-3518,necklace,synthetic_demo,Synthetic demo metadata,https://github.com/wa52/ai-customer-service/tree/main/data,synthetic_demo,false
DEMO-IMAGE-3519,earring,synthetic_demo,Synthetic demo metadata,https://github.com/wa52/ai-customer-service/tree/main/data,synthetic_demo,false
DEMO-IMAGE-3520,bracelet,synthetic_demo,Synthetic demo metadata,https://github.com/wa52/ai-customer-service/tree/main/data,synthetic_demo,false
DEMO-IMAGE-3521,ring,synthetic_demo,Synthetic demo metadata,https://github.com/wa52/ai-customer-service/tree/main/data,synthetic_demo,false
DEMO-IMAGE-3522,necklace,synthetic_demo,Synthetic demo metadata,https://github.com/wa52/ai-customer-service/tree/main/data,synthetic_demo,false
DEMO-IMAGE-3523,earring,synthetic_demo,Synthetic demo metadata,https://github.com/wa52/ai-customer-service/tree/main/data,synthetic_demo,false
DEMO-IMAGE-3524,bracelet,synthetic_demo,Synthetic demo metadata,https://github.com/wa52/ai-customer-service/tree/main/data,synthetic_demo,false
DEMO-IMAGE-3525,ring,synthetic_demo,Synthetic demo metadata,https://github.com/wa52/ai-customer-service/tree/main/data,synthetic_demo,false
DEMO-IMAGE-3526,necklace,synthetic_demo,Synthetic demo metadata,https://github.com/wa52/ai-customer-service/tree/main/data,synthetic_demo,false
DEMO-IMAGE-3527,earring,synthetic_demo,Synthetic demo metadata,https://github.com/wa52/ai-customer-service/tree/main/data,synthetic_demo,false
DEMO-IMAGE-3528,bracelet,synthetic_demo,Synthetic demo metadata,https://github.com/wa52/ai-customer-service/tree/main/data,synthetic_demo,false
DEMO-IMAGE-3529,ring,synthetic_demo,Synthetic demo metadata,https://github.com/wa52/ai-customer-service/tree/main/data,synthetic_demo,false
DEMO-IMAGE-3530,necklace,synthetic_demo,Synthetic demo metadata,https://github.com/wa52/ai-customer-service/tree/main/data,synthetic_demo,false
DEMO-IMAGE-3531,earring,synthetic_demo,Synthetic demo metadata,https://github.com/wa52/ai-customer-service/tree/main/data,synthetic_demo,false
DEMO-IMAGE-3532,bracelet,synthetic_demo,Synthetic demo metadata,https://github.com/wa52/ai-customer-service/tree/main/data,synthetic_demo,false
DEMO-IMAGE-3533,ring,synthetic_demo,Synthetic demo metadata,https://github.com/wa52/ai-customer-service/tree/main/data,synthetic_demo,false
DEMO-IMAGE-3534,necklace,synthetic_demo,Synthetic demo metadata,https://github.com/wa52/ai-customer-service/tree/main/data,synthetic_demo,false
DEMO-IMAGE-3535,earring,synthetic_demo,Synthetic demo metadata,https://github.com/wa52/ai-customer-service/tree/main/data,synthetic_demo,false
DEMO-IMAGE-3536,bracelet,synthetic_demo,Synthetic demo metadata,https://github.com/wa52/ai-customer-service/tree/main/data,synthetic_demo,false
DEMO-IMAGE-3537,ring,synthetic_demo,Synthetic demo metadata,https://github.com/wa52/ai-customer-service/tree/main/data,synthetic_demo,false
DEMO-IMAGE-3538,necklace,synthetic_demo,Synthetic demo metadata,https://github.com/wa52/ai-customer-service/tree/main/data,synthetic_demo,false
DEMO-IMAGE-3539,earring,synthetic_demo,Synthetic demo metadata,https://github.com/wa52/ai-customer-service/tree/main/data,synthetic_demo,false
DEMO-IMAGE-3540,bracelet,synthetic_demo,Synthetic demo metadata,https://github.com/wa52/ai-customer-service/tree/main/data,synthetic_demo,false
DEMO-IMAGE-3541,ring,synthetic_demo,Synthetic demo metadata,https://github.com/wa52/ai-customer-service/tree/main/data,synthetic_demo,false
DEMO-IMAGE-3542,necklace,synthetic_demo,Synthetic demo metadata,https://github.com/wa52/ai-customer-service/tree/main/data,synthetic_demo,false
DEMO-IMAGE-3543,earring,synthetic_demo,Synthetic demo metadata,https://github.com/wa52/ai-customer-service/tree/main/data,synthetic_demo,false
DEMO-IMAGE-3544,bracelet,synthetic_demo,Synthetic demo metadata,https://github.com/wa52/ai-customer-service/tree/main/data,synthetic_demo,false
DEMO-IMAGE-3545,ring,synthetic_demo,Synthetic demo metadata,https://github.com/wa52/ai-customer-service/tree/main/data,synthetic_demo,false
DEMO-IMAGE-3546,necklace,synthetic_demo,Synthetic demo metadata,https://github.com/wa52/ai-customer-service/tree/main/data,synthetic_demo,false
DEMO-IMAGE-3547,earring,synthetic_demo,Synthetic demo metadata,https://github.com/wa52/ai-customer-service/tree/main/data,synthetic_demo,false
DEMO-IMAGE-3548,bracelet,synthetic_demo,Synthetic demo metadata,https://github.com/wa52/ai-customer-service/tree/main/data,synthetic_demo,false
DEMO-IMAGE-3549,ring,synthetic_demo,Synthetic demo metadata,https://github.com/wa52/ai-customer-service/tree/main/data,synthetic_demo,false
DEMO-IMAGE-3550,necklace,synthetic_demo,Synthetic demo metadata,https://github.com/wa52/ai-customer-service/tree/main/data,synthetic_demo,false
DEMO-IMAGE-3551,earring,synthetic_demo,Synthetic demo metadata,https://github.com/wa52/ai-customer-service/tree/main/data,synthetic_demo,false
DEMO-IMAGE-3552,bracelet,synthetic_demo,Synthetic demo metadata,https://github.com/wa52/ai-customer-service/tree/main/data,synthetic_demo,false
DEMO-IMAGE-3553,ring,synthetic_demo,Synthetic demo metadata,https://github.com/wa52/ai-customer-service/tree/main/data,synthetic_demo,false
DEMO-IMAGE-3554,necklace,synthetic_demo,Synthetic demo metadata,https://github.com/wa52/ai-customer-service/tree/main/data,synthetic_demo,false
DEMO-IMAGE-3555,earring,synthetic_demo,Synthetic demo metadata,https://github.com/wa52/ai-customer-service/tree/main/data,synthetic_demo,false
DEMO-IMAGE-3556,bracelet,synthetic_demo,Synthetic demo metadata,https://github.com/wa52/ai-customer-service/tree/main/data,synthetic_demo,false
DEMO-IMAGE-3557,ring,synthetic_demo,Synthetic demo metadata,https://github.com/wa52/ai-customer-service/tree/main/data,synthetic_demo,false
DEMO-IMAGE-3558,necklace,synthetic_demo,Synthetic demo metadata,https://github.com/wa52/ai-customer-service/tree/main/data,synthetic_demo,false
DEMO-IMAGE-3559,earring,synthetic_demo,Synthetic demo metadata,https://github.com/wa52/ai-customer-service/tree/main/data,synthetic_demo,false
DEMO-IMAGE-3560,bracelet,synthetic_demo,Synthetic demo metadata,https://github.com/wa52/ai-customer-service/tree/main/data,synthetic_demo,false
DEMO-IMAGE-3561,ring,synthetic_demo,Synthetic demo metadata,https://github.com/wa52/ai-customer-service/tree/main/data,synthetic_demo,false
DEMO-IMAGE-3562,necklace,synthetic_demo,Synthetic demo metadata,https://github.com/wa52/ai-customer-service/tree/main/data,synthetic_demo,false
DEMO-IMAGE-3563,earring,synthetic_demo,Synthetic demo metadata,https://github.com/wa52/ai-customer-service/tree/main/data,synthetic_demo,false
DEMO-IMAGE-3564,bracelet,synthetic_demo,Synthetic demo metadata,https://github.com/wa52/ai-customer-service/tree/main/data,synthetic_demo,false
DEMO-IMAGE-3565,ring,synthetic_demo,Synthetic demo metadata,https://github.com/wa52/ai-customer-service/tree/main/data,synthetic_demo,false
DEMO-IMAGE-3566,necklace,synthetic_demo,Synthetic demo metadata,https://github.com/wa52/ai-customer-service/tree/main/data,synthetic_demo,false
DEMO-IMAGE-3567,earring,synthetic_demo,Synthetic demo metadata,https://github.com/wa52/ai-customer-service/tree/main/data,synthetic_demo,false
DEMO-IMAGE-3568,bracelet,synthetic_demo,Synthetic demo metadata,https://github.com/wa52/ai-customer-service/tree/main/data,synthetic_demo,false
DEMO-IMAGE-3569,ring,synthetic_demo,Synthetic demo metadata,https://github.com/wa52/ai-customer-service/tree/main/data,synthetic_demo,false
DEMO-IMAGE-3570,necklace,synthetic_demo,Synthetic demo metadata,https://github.com/wa52/ai-customer-service/tree/main/data,synthetic_demo,false
DEMO-IMAGE-3571,earring,synthetic_demo,Synthetic demo metadata,https://github.com/wa52/ai-customer-service/tree/main/data,synthetic_demo,false
DEMO-IMAGE-3572,bracelet,synthetic_demo,Synthetic demo metadata,https://github.com/wa52/ai-customer-service/tree/main/data,synthetic_demo,false
DEMO-IMAGE-3573,ring,synthetic_demo,Synthetic demo metadata,https://github.com/wa52/ai-customer-service/tree/main/data,synthetic_demo,false
DEMO-IMAGE-3574,necklace,synthetic_demo,Synthetic demo metadata,https://github.com/wa52/ai-customer-service/tree/main/data,synthetic_demo,false
DEMO-IMAGE-3575,earring,synthetic_demo,Synthetic demo metadata,https://github.com/wa52/ai-customer-service/tree/main/data,synthetic_demo,false
DEMO-IMAGE-3576,bracelet,synthetic_demo,Synthetic demo metadata,https://github.com/wa52/ai-customer-service/tree/main/data,synthetic_demo,false
DEMO-IMAGE-3577,ring,synthetic_demo,Synthetic demo metadata,https://github.com/wa52/ai-customer-service/tree/main/data,synthetic_demo,false
DEMO-IMAGE-3578,necklace,synthetic_demo,Synthetic demo metadata,https://github.com/wa52/ai-customer-service/tree/main/data,synthetic_demo,false
DEMO-IMAGE-3579,earring,synthetic_demo,Synthetic demo metadata,https://github.com/wa52/ai-customer-service/tree/main/data,synthetic_demo,false
DEMO-IMAGE-3580,bracelet,synthetic_demo,Synthetic demo metadata,https://github.com/wa52/ai-customer-service/tree/main/data,synthetic_demo,false
DEMO-IMAGE-3581,ring,synthetic_demo,Synthetic demo metadata,https://github.com/wa52/ai-customer-service/tree/main/data,synthetic_demo,false
DEMO-IMAGE-3582,necklace,synthetic_demo,Synthetic demo metadata,https://github.com/wa52/ai-customer-service/tree/main/data,synthetic_demo,false
DEMO-IMAGE-3583,earring,synthetic_demo,Synthetic demo metadata,https://github.com/wa52/ai-customer-service/tree/main/data,synthetic_demo,false
DEMO-IMAGE-3584,bracelet,synthetic_demo,Synthetic demo metadata,https://github.com/wa52/ai-customer-service/tree/main/data,synthetic_demo,false
DEMO-IMAGE-3585,ring,synthetic_demo,Synthetic demo metadata,https://github.com/wa52/ai-customer-service/tree/main/data,synthetic_demo,false
DEMO-IMAGE-3586,necklace,synthetic_demo,Synthetic demo metadata,https://github.com/wa52/ai-customer-service/tree/main/data,synthetic_demo,false
DEMO-IMAGE-3587,earring,synthetic_demo,Synthetic demo metadata,https://github.com/wa52/ai-customer-service/tree/main/data,synthetic_demo,false
DEMO-IMAGE-3588,bracelet,synthetic_demo,Synthetic demo metadata,https://github.com/wa52/ai-customer-service/tree/main/data,synthetic_demo,false
DEMO-IMAGE-3589,ring,synthetic_demo,Synthetic demo metadata,https://github.com/wa52/ai-customer-service/tree/main/data,synthetic_demo,false
DEMO-IMAGE-3590,necklace,synthetic_demo,Synthetic demo metadata,https://github.com/wa52/ai-customer-service/tree/main/data,synthetic_demo,false
DEMO-IMAGE-3591,earring,synthetic_demo,Synthetic demo metadata,https://github.com/wa52/ai-customer-service/tree/main/data,synthetic_demo,false
DEMO-IMAGE-3592,bracelet,synthetic_demo,Synthetic demo metadata,https://github.com/wa52/ai-customer-service/tree/main/data,synthetic_demo,false
DEMO-IMAGE-3593,ring,synthetic_demo,Synthetic demo metadata,https://github.com/wa52/ai-customer-service/tree/main/data,synthetic_demo,false
DEMO-IMAGE-3594,necklace,synthetic_demo,Synthetic demo metadata,https://github.com/wa52/ai-customer-service/tree/main/data,synthetic_demo,false
DEMO-IMAGE-3595,earring,synthetic_demo,Synthetic demo metadata,https://github.com/wa52/ai-customer-service/tree/main/data,synthetic_demo,false
DEMO-IMAGE-3596,bracelet,synthetic_demo,Synthetic demo metadata,https://github.com/wa52/ai-customer-service/tree/main/data,synthetic_demo,false
DEMO-IMAGE-3597,ring,synthetic_demo,Synthetic demo metadata,https://github.com/wa52/ai-customer-service/tree/main/data,synthetic_demo,false
DEMO-IMAGE-3598,necklace,synthetic_demo,Synthetic demo metadata,https://github.com/wa52/ai-customer-service/tree/main/data,synthetic_demo,false
DEMO-IMAGE-3599,earring,synthetic_demo,Synthetic demo metadata,https://github.com/wa52/ai-customer-service/tree/main/data,synthetic_demo,false
DEMO-IMAGE-3600,bracelet,synthetic_demo,Synthetic demo metadata,https://github.com/wa52/ai-customer-service/tree/main/data,synthetic_demo,false
DEMO-IMAGE-3601,ring,synthetic_demo,Synthetic demo metadata,https://github.com/wa52/ai-customer-service/tree/main/data,synthetic_demo,false
DEMO-IMAGE-3602,necklace,synthetic_demo,Synthetic demo metadata,https://github.com/wa52/ai-customer-service/tree/main/data,synthetic_demo,false
DEMO-IMAGE-3603,earring,synthetic_demo,Synthetic demo metadata,https://github.com/wa52/ai-customer-service/tree/main/data,synthetic_demo,false
DEMO-IMAGE-3604,bracelet,synthetic_demo,Synthetic demo metadata,https://github.com/wa52/ai-customer-service/tree/main/data,synthetic_demo,false
DEMO-IMAGE-3605,ring,synthetic_demo,Synthetic demo metadata,https://github.com/wa52/ai-customer-service/tree/main/data,synthetic_demo,false
DEMO-IMAGE-3606,necklace,synthetic_demo,Synthetic demo metadata,https://github.com/wa52/ai-customer-service/tree/main/data,synthetic_demo,false
DEMO-IMAGE-3607,earring,synthetic_demo,Synthetic demo metadata,https://github.com/wa52/ai-customer-service/tree/main/data,synthetic_demo,false
DEMO-IMAGE-3608,bracelet,synthetic_demo,Synthetic demo metadata,https://github.com/wa52/ai-customer-service/tree/main/data,synthetic_demo,false
DEMO-IMAGE-3609,ring,synthetic_demo,Synthetic demo metadata,https://github.com/wa52/ai-customer-service/tree/main/data,synthetic_demo,false
DEMO-IMAGE-3610,necklace,synthetic_demo,Synthetic demo metadata,https://github.com/wa52/ai-customer-service/tree/main/data,synthetic_demo,false
DEMO-IMAGE-3611,earring,synthetic_demo,Synthetic demo metadata,https://github.com/wa52/ai-customer-service/tree/main/data,synthetic_demo,false
DEMO-IMAGE-3612,bracelet,synthetic_demo,Synthetic demo metadata,https://github.com/wa52/ai-customer-service/tree/main/data,synthetic_demo,false
DEMO-IMAGE-3613,ring,synthetic_demo,Synthetic demo metadata,https://github.com/wa52/ai-customer-service/tree/main/data,synthetic_demo,false
DEMO-IMAGE-3614,necklace,synthetic_demo,Synthetic demo metadata,https://github.com/wa52/ai-customer-service/tree/main/data,synthetic_demo,false
DEMO-IMAGE-3615,earring,synthetic_demo,Synthetic demo metadata,https://github.com/wa52/ai-customer-service/tree/main/data,synthetic_demo,false
DEMO-IMAGE-3616,bracelet,synthetic_demo,Synthetic demo metadata,https://github.com/wa52/ai-customer-service/tree/main/data,synthetic_demo,false
DEMO-IMAGE-3617,ring,synthetic_demo,Synthetic demo metadata,https://github.com/wa52/ai-customer-service/tree/main/data,synthetic_demo,false
DEMO-IMAGE-3618,necklace,synthetic_demo,Synthetic demo metadata,https://github.com/wa52/ai-customer-service/tree/main/data,synthetic_demo,false
DEMO-IMAGE-3619,earring,synthetic_demo,Synthetic demo metadata,https://github.com/wa52/ai-customer-service/tree/main/data,synthetic_demo,false
DEMO-IMAGE-3620,bracelet,synthetic_demo,Synthetic demo metadata,https://github.com/wa52/ai-customer-service/tree/main/data,synthetic_demo,false
DEMO-IMAGE-3621,ring,synthetic_demo,Synthetic demo metadata,https://github.com/wa52/ai-customer-service/tree/main/data,synthetic_demo,false
DEMO-IMAGE-3622,necklace,synthetic_demo,Synthetic demo metadata,https://github.com/wa52/ai-customer-service/tree/main/data,synthetic_demo,false
DEMO-IMAGE-3623,earring,synthetic_demo,Synthetic demo metadata,https://github.com/wa52/ai-customer-service/tree/main/data,synthetic_demo,false
DEMO-IMAGE-3624,bracelet,synthetic_demo,Synthetic demo metadata,https://github.com/wa52/ai-customer-service/tree/main/data,synthetic_demo,false
DEMO-IMAGE-3625,ring,synthetic_demo,Synthetic demo metadata,https://github.com/wa52/ai-customer-service/tree/main/data,synthetic_demo,false
DEMO-IMAGE-3626,necklace,synthetic_demo,Synthetic demo metadata,https://github.com/wa52/ai-customer-service/tree/main/data,synthetic_demo,false
DEMO-IMAGE-3627,earring,synthetic_demo,Synthetic demo metadata,https://github.com/wa52/ai-customer-service/tree/main/data,synthetic_demo,false
DEMO-IMAGE-3628,bracelet,synthetic_demo,Synthetic demo metadata,https://github.com/wa52/ai-customer-service/tree/main/data,synthetic_demo,false
DEMO-IMAGE-3629,ring,synthetic_demo,Synthetic demo metadata,https://github.com/wa52/ai-customer-service/tree/main/data,synthetic_demo,false
DEMO-IMAGE-3630,necklace,synthetic_demo,Synthetic demo metadata,https://github.com/wa52/ai-customer-service/tree/main/data,synthetic_demo,false
DEMO-IMAGE-3631,earring,synthetic_demo,Synthetic demo metadata,https://github.com/wa52/ai-customer-service/tree/main/data,synthetic_demo,false
DEMO-IMAGE-3632,bracelet,synthetic_demo,Synthetic demo metadata,https://github.com/wa52/ai-customer-service/tree/main/data,synthetic_demo,false
DEMO-IMAGE-3633,ring,synthetic_demo,Synthetic demo metadata,https://github.com/wa52/ai-customer-service/tree/main/data,synthetic_demo,false
DEMO-IMAGE-3634,necklace,synthetic_demo,Synthetic demo metadata,https://github.com/wa52/ai-customer-service/tree/main/data,synthetic_demo,false
DEMO-IMAGE-3635,earring,synthetic_demo,Synthetic demo metadata,https://github.com/wa52/ai-customer-service/tree/main/data,synthetic_demo,false
DEMO-IMAGE-3636,bracelet,synthetic_demo,Synthetic demo metadata,https://github.com/wa52/ai-customer-service/tree/main/data,synthetic_demo,false
DEMO-IMAGE-3637,ring,synthetic_demo,Synthetic demo metadata,https://github.com/wa52/ai-customer-service/tree/main/data,synthetic_demo,false
DEMO-IMAGE-3638,necklace,synthetic_demo,Synthetic demo metadata,https://github.com/wa52/ai-customer-service/tree/main/data,synthetic_demo,false
DEMO-IMAGE-3639,earring,synthetic_demo,Synthetic demo metadata,https://github.com/wa52/ai-customer-service/tree/main/data,synthetic_demo,false
DEMO-IMAGE-3640,bracelet,synthetic_demo,Synthetic demo metadata,https://github.com/wa52/ai-customer-service/tree/main/data,synthetic_demo,false
DEMO-IMAGE-3641,ring,synthetic_demo,Synthetic demo metadata,https://github.com/wa52/ai-customer-service/tree/main/data,synthetic_demo,false
DEMO-IMAGE-3642,necklace,synthetic_demo,Synthetic demo metadata,https://github.com/wa52/ai-customer-service/tree/main/data,synthetic_demo,false
DEMO-IMAGE-3643,earring,synthetic_demo,Synthetic demo metadata,https://github.com/wa52/ai-customer-service/tree/main/data,synthetic_demo,false
DEMO-IMAGE-3644,bracelet,synthetic_demo,Synthetic demo metadata,https://github.com/wa52/ai-customer-service/tree/main/data,synthetic_demo,false
DEMO-IMAGE-3645,ring,synthetic_demo,Synthetic demo metadata,https://github.com/wa52/ai-customer-service/tree/main/data,synthetic_demo,false
DEMO-IMAGE-3646,necklace,synthetic_demo,Synthetic demo metadata,https://github.com/wa52/ai-customer-service/tree/main/data,synthetic_demo,false
DEMO-IMAGE-3647,earring,synthetic_demo,Synthetic demo metadata,https://github.com/wa52/ai-customer-service/tree/main/data,synthetic_demo,false
DEMO-IMAGE-3648,bracelet,synthetic_demo,Synthetic demo metadata,https://github.com/wa52/ai-customer-service/tree/main/data,synthetic_demo,false
DEMO-IMAGE-3649,ring,synthetic_demo,Synthetic demo metadata,https://github.com/wa52/ai-customer-service/tree/main/data,synthetic_demo,false
DEMO-IMAGE-3650,necklace,synthetic_demo,Synthetic demo metadata,https://github.com/wa52/ai-customer-service/tree/main/data,synthetic_demo,false
DEMO-IMAGE-3651,earring,synthetic_demo,Synthetic demo metadata,https://github.com/wa52/ai-customer-service/tree/main/data,synthetic_demo,false
DEMO-IMAGE-3652,bracelet,synthetic_demo,Synthetic demo metadata,https://github.com/wa52/ai-customer-service/tree/main/data,synthetic_demo,false
DEMO-IMAGE-3653,ring,synthetic_demo,Synthetic demo metadata,https://github.com/wa52/ai-customer-service/tree/main/data,synthetic_demo,false
DEMO-IMAGE-3654,necklace,synthetic_demo,Synthetic demo metadata,https://github.com/wa52/ai-customer-service/tree/main/data,synthetic_demo,false
DEMO-IMAGE-3655,earring,synthetic_demo,Synthetic demo metadata,https://github.com/wa52/ai-customer-service/tree/main/data,synthetic_demo,false
DEMO-IMAGE-3656,bracelet,synthetic_demo,Synthetic demo metadata,https://github.com/wa52/ai-customer-service/tree/main/data,synthetic_demo,false
DEMO-IMAGE-3657,ring,synthetic_demo,Synthetic demo metadata,https://github.com/wa52/ai-customer-service/tree/main/data,synthetic_demo,false
DEMO-IMAGE-3658,necklace,synthetic_demo,Synthetic demo metadata,https://github.com/wa52/ai-customer-service/tree/main/data,synthetic_demo,false
DEMO-IMAGE-3659,earring,synthetic_demo,Synthetic demo metadata,https://github.com/wa52/ai-customer-service/tree/main/data,synthetic_demo,false
DEMO-IMAGE-3660,bracelet,synthetic_demo,Synthetic demo metadata,https://github.com/wa52/ai-customer-service/tree/main/data,synthetic_demo,false
DEMO-IMAGE-3661,ring,synthetic_demo,Synthetic demo metadata,https://github.com/wa52/ai-customer-service/tree/main/data,synthetic_demo,false
DEMO-IMAGE-3662,necklace,synthetic_demo,Synthetic demo metadata,https://github.com/wa52/ai-customer-service/tree/main/data,synthetic_demo,false
DEMO-IMAGE-3663,earring,synthetic_demo,Synthetic demo metadata,https://github.com/wa52/ai-customer-service/tree/main/data,synthetic_demo,false
DEMO-IMAGE-3664,bracelet,synthetic_demo,Synthetic demo metadata,https://github.com/wa52/ai-customer-service/tree/main/data,synthetic_demo,false
DEMO-IMAGE-3665,ring,synthetic_demo,Synthetic demo metadata,https://github.com/wa52/ai-customer-service/tree/main/data,synthetic_demo,false
DEMO-IMAGE-3666,necklace,synthetic_demo,Synthetic demo metadata,https://github.com/wa52/ai-customer-service/tree/main/data,synthetic_demo,false
DEMO-IMAGE-3667,earring,synthetic_demo,Synthetic demo metadata,https://github.com/wa52/ai-customer-service/tree/main/data,synthetic_demo,false
DEMO-IMAGE-3668,bracelet,synthetic_demo,Synthetic demo metadata,https://github.com/wa52/ai-customer-service/tree/main/data,synthetic_demo,false
DEMO-IMAGE-3669,ring,synthetic_demo,Synthetic demo metadata,https://github.com/wa52/ai-customer-service/tree/main/data,synthetic_demo,false
DEMO-IMAGE-3670,necklace,synthetic_demo,Synthetic demo metadata,https://github.com/wa52/ai-customer-service/tree/main/data,synthetic_demo,false
DEMO-IMAGE-3671,earring,synthetic_demo,Synthetic demo metadata,https://github.com/wa52/ai-customer-service/tree/main/data,synthetic_demo,false
DEMO-IMAGE-3672,bracelet,synthetic_demo,Synthetic demo metadata,https://github.com/wa52/ai-customer-service/tree/main/data,synthetic_demo,false
DEMO-IMAGE-3673,ring,synthetic_demo,Synthetic demo metadata,https://github.com/wa52/ai-customer-service/tree/main/data,synthetic_demo,false
DEMO-IMAGE-3674,necklace,synthetic_demo,Synthetic demo metadata,https://github.com/wa52/ai-customer-service/tree/main/data,synthetic_demo,false
DEMO-IMAGE-3675,earring,synthetic_demo,Synthetic demo metadata,https://github.com/wa52/ai-customer-service/tree/main/data,synthetic_demo,false
DEMO-IMAGE-3676,bracelet,synthetic_demo,Synthetic demo metadata,https://github.com/wa52/ai-customer-service/tree/main/data,synthetic_demo,false
DEMO-IMAGE-3677,ring,synthetic_demo,Synthetic demo metadata,https://github.com/wa52/ai-customer-service/tree/main/data,synthetic_demo,false
DEMO-IMAGE-3678,necklace,synthetic_demo,Synthetic demo metadata,https://github.com/wa52/ai-customer-service/tree/main/data,synthetic_demo,false
DEMO-IMAGE-3679,earring,synthetic_demo,Synthetic demo metadata,https://github.com/wa52/ai-customer-service/tree/main/data,synthetic_demo,false
DEMO-IMAGE-3680,bracelet,synthetic_demo,Synthetic demo metadata,https://github.com/wa52/ai-customer-service/tree/main/data,synthetic_demo,false
DEMO-IMAGE-3681,ring,synthetic_demo,Synthetic demo metadata,https://github.com/wa52/ai-customer-service/tree/main/data,synthetic_demo,false
DEMO-IMAGE-3682,necklace,synthetic_demo,Synthetic demo metadata,https://github.com/wa52/ai-customer-service/tree/main/data,synthetic_demo,false
DEMO-IMAGE-3683,earring,synthetic_demo,Synthetic demo metadata,https://github.com/wa52/ai-customer-service/tree/main/data,synthetic_demo,false
DEMO-IMAGE-3684,bracelet,synthetic_demo,Synthetic demo metadata,https://github.com/wa52/ai-customer-service/tree/main/data,synthetic_demo,false
DEMO-IMAGE-3685,ring,synthetic_demo,Synthetic demo metadata,https://github.com/wa52/ai-customer-service/tree/main/data,synthetic_demo,false
DEMO-IMAGE-3686,necklace,synthetic_demo,Synthetic demo metadata,https://github.com/wa52/ai-customer-service/tree/main/data,synthetic_demo,false
DEMO-IMAGE-3687,earring,synthetic_demo,Synthetic demo metadata,https://github.com/wa52/ai-customer-service/tree/main/data,synthetic_demo,false
DEMO-IMAGE-3688,bracelet,synthetic_demo,Synthetic demo metadata,https://github.com/wa52/ai-customer-service/tree/main/data,synthetic_demo,false
DEMO-IMAGE-3689,ring,synthetic_demo,Synthetic demo metadata,https://github.com/wa52/ai-customer-service/tree/main/data,synthetic_demo,false
DEMO-IMAGE-3690,necklace,synthetic_demo,Synthetic demo metadata,https://github.com/wa52/ai-customer-service/tree/main/data,synthetic_demo,false
DEMO-IMAGE-3691,earring,synthetic_demo,Synthetic demo metadata,https://github.com/wa52/ai-customer-service/tree/main/data,synthetic_demo,false
DEMO-IMAGE-3692,bracelet,synthetic_demo,Synthetic demo metadata,https://github.com/wa52/ai-customer-service/tree/main/data,synthetic_demo,false
DEMO-IMAGE-3693,ring,synthetic_demo,Synthetic demo metadata,https://github.com/wa52/ai-customer-service/tree/main/data,synthetic_demo,false
DEMO-IMAGE-3694,necklace,synthetic_demo,Synthetic demo metadata,https://github.com/wa52/ai-customer-service/tree/main/data,synthetic_demo,false
DEMO-IMAGE-3695,earring,synthetic_demo,Synthetic demo metadata,https://github.com/wa52/ai-customer-service/tree/main/data,synthetic_demo,false
DEMO-IMAGE-3696,bracelet,synthetic_demo,Synthetic demo metadata,https://github.com/wa52/ai-customer-service/tree/main/data,synthetic_demo,false
DEMO-IMAGE-3697,ring,synthetic_demo,Synthetic demo metadata,https://github.com/wa52/ai-customer-service/tree/main/data,synthetic_demo,false
DEMO-IMAGE-3698,necklace,synthetic_demo,Synthetic demo metadata,https://github.com/wa52/ai-customer-service/tree/main/data,synthetic_demo,false
DEMO-IMAGE-3699,earring,synthetic_demo,Synthetic demo metadata,https://github.com/wa52/ai-customer-service/tree/main/data,synthetic_demo,false
DEMO-IMAGE-3700,bracelet,synthetic_demo,Synthetic demo metadata,https://github.com/wa52/ai-customer-service/tree/main/data,synthetic_demo,false
DEMO-IMAGE-3701,ring,synthetic_demo,Synthetic demo metadata,https://github.com/wa52/ai-customer-service/tree/main/data,synthetic_demo,false
DEMO-IMAGE-3702,necklace,synthetic_demo,Synthetic demo metadata,https://github.com/wa52/ai-customer-service/tree/main/data,synthetic_demo,false
DEMO-IMAGE-3703,earring,synthetic_demo,Synthetic demo metadata,https://github.com/wa52/ai-customer-service/tree/main/data,synthetic_demo,false
DEMO-IMAGE-3704,bracelet,synthetic_demo,Synthetic demo metadata,https://github.com/wa52/ai-customer-service/tree/main/data,synthetic_demo,false
DEMO-IMAGE-3705,ring,synthetic_demo,Synthetic demo metadata,https://github.com/wa52/ai-customer-service/tree/main/data,synthetic_demo,false
DEMO-IMAGE-3706,necklace,synthetic_demo,Synthetic demo metadata,https://github.com/wa52/ai-customer-service/tree/main/data,synthetic_demo,false
DEMO-IMAGE-3707,earring,synthetic_demo,Synthetic demo metadata,https://github.com/wa52/ai-customer-service/tree/main/data,synthetic_demo,false
DEMO-IMAGE-3708,bracelet,synthetic_demo,Synthetic demo metadata,https://github.com/wa52/ai-customer-service/tree/main/data,synthetic_demo,false
DEMO-IMAGE-3709,ring,synthetic_demo,Synthetic demo metadata,https://github.com/wa52/ai-customer-service/tree/main/data,synthetic_demo,false
DEMO-IMAGE-3710,necklace,synthetic_demo,Synthetic demo metadata,https://github.com/wa52/ai-customer-service/tree/main/data,synthetic_demo,false
DEMO-IMAGE-3711,earring,synthetic_demo,Synthetic demo metadata,https://github.com/wa52/ai-customer-service/tree/main/data,synthetic_demo,false
DEMO-IMAGE-3712,bracelet,synthetic_demo,Synthetic demo metadata,https://github.com/wa52/ai-customer-service/tree/main/data,synthetic_demo,false
DEMO-IMAGE-3713,ring,synthetic_demo,Synthetic demo metadata,https://github.com/wa52/ai-customer-service/tree/main/data,synthetic_demo,false
DEMO-IMAGE-3714,necklace,synthetic_demo,Synthetic demo metadata,https://github.com/wa52/ai-customer-service/tree/main/data,synthetic_demo,false
DEMO-IMAGE-3715,earring,synthetic_demo,Synthetic demo metadata,https://github.com/wa52/ai-customer-service/tree/main/data,synthetic_demo,false
DEMO-IMAGE-3716,bracelet,synthetic_demo,Synthetic demo metadata,https://github.com/wa52/ai-customer-service/tree/main/data,synthetic_demo,false
DEMO-IMAGE-3717,ring,synthetic_demo,Synthetic demo metadata,https://github.com/wa52/ai-customer-service/tree/main/data,synthetic_demo,false
DEMO-IMAGE-3718,necklace,synthetic_demo,Synthetic demo metadata,https://github.com/wa52/ai-customer-service/tree/main/data,synthetic_demo,false
DEMO-IMAGE-3719,earring,synthetic_demo,Synthetic demo metadata,https://github.com/wa52/ai-customer-service/tree/main/data,synthetic_demo,false
DEMO-IMAGE-3720,bracelet,synthetic_demo,Synthetic demo metadata,https://github.com/wa52/ai-customer-service/tree/main/data,synthetic_demo,false
DEMO-IMAGE-3721,ring,synthetic_demo,Synthetic demo metadata,https://github.com/wa52/ai-customer-service/tree/main/data,synthetic_demo,false
DEMO-IMAGE-3722,necklace,synthetic_demo,Synthetic demo metadata,https://github.com/wa52/ai-customer-service/tree/main/data,synthetic_demo,false
DEMO-IMAGE-3723,earring,synthetic_demo,Synthetic demo metadata,https://github.com/wa52/ai-customer-service/tree/main/data,synthetic_demo,false
DEMO-IMAGE-3724,bracelet,synthetic_demo,Synthetic demo metadata,https://github.com/wa52/ai-customer-service/tree/main/data,synthetic_demo,false
DEMO-IMAGE-3725,ring,synthetic_demo,Synthetic demo metadata,https://github.com/wa52/ai-customer-service/tree/main/data,synthetic_demo,false
DEMO-IMAGE-3726,necklace,synthetic_demo,Synthetic demo metadata,https://github.com/wa52/ai-customer-service/tree/main/data,synthetic_demo,false
DEMO-IMAGE-3727,earring,synthetic_demo,Synthetic demo metadata,https://github.com/wa52/ai-customer-service/tree/main/data,synthetic_demo,false
DEMO-IMAGE-3728,bracelet,synthetic_demo,Synthetic demo metadata,https://github.com/wa52/ai-customer-service/tree/main/data,synthetic_demo,false
DEMO-IMAGE-3729,ring,synthetic_demo,Synthetic demo metadata,https://github.com/wa52/ai-customer-service/tree/main/data,synthetic_demo,false
DEMO-IMAGE-3730,necklace,synthetic_demo,Synthetic demo metadata,https://github.com/wa52/ai-customer-service/tree/main/data,synthetic_demo,false
DEMO-IMAGE-3731,earring,synthetic_demo,Synthetic demo metadata,https://github.com/wa52/ai-customer-service/tree/main/data,synthetic_demo,false
DEMO-IMAGE-3732,bracelet,synthetic_demo,Synthetic demo metadata,https://github.com/wa52/ai-customer-service/tree/main/data,synthetic_demo,false
DEMO-IMAGE-3733,ring,synthetic_demo,Synthetic demo metadata,https://github.com/wa52/ai-customer-service/tree/main/data,synthetic_demo,false
DEMO-IMAGE-3734,necklace,synthetic_demo,Synthetic demo metadata,https://github.com/wa52/ai-customer-service/tree/main/data,synthetic_demo,false
DEMO-IMAGE-3735,earring,synthetic_demo,Synthetic demo metadata,https://github.com/wa52/ai-customer-service/tree/main/data,synthetic_demo,false
DEMO-IMAGE-3736,bracelet,synthetic_demo,Synthetic demo metadata,https://github.com/wa52/ai-customer-service/tree/main/data,synthetic_demo,false
DEMO-IMAGE-3737,ring,synthetic_demo,Synthetic demo metadata,https://github.com/wa52/ai-customer-service/tree/main/data,synthetic_demo,false
DEMO-IMAGE-3738,necklace,synthetic_demo,Synthetic demo metadata,https://github.com/wa52/ai-customer-service/tree/main/data,synthetic_demo,false
DEMO-IMAGE-3739,earring,synthetic_demo,Synthetic demo metadata,https://github.com/wa52/ai-customer-service/tree/main/data,synthetic_demo,false
DEMO-IMAGE-3740,bracelet,synthetic_demo,Synthetic demo metadata,https://github.com/wa52/ai-customer-service/tree/main/data,synthetic_demo,false
DEMO-IMAGE-3741,ring,synthetic_demo,Synthetic demo metadata,https://github.com/wa52/ai-customer-service/tree/main/data,synthetic_demo,false
DEMO-IMAGE-3742,necklace,synthetic_demo,Synthetic demo metadata,https://github.com/wa52/ai-customer-service/tree/main/data,synthetic_demo,false
DEMO-IMAGE-3743,earring,synthetic_demo,Synthetic demo metadata,https://github.com/wa52/ai-customer-service/tree/main/data,synthetic_demo,false
DEMO-IMAGE-3744,bracelet,synthetic_demo,Synthetic demo metadata,https://github.com/wa52/ai-customer-service/tree/main/data,synthetic_demo,false
DEMO-IMAGE-3745,ring,synthetic_demo,Synthetic demo metadata,https://github.com/wa52/ai-customer-service/tree/main/data,synthetic_demo,false
DEMO-IMAGE-3746,necklace,synthetic_demo,Synthetic demo metadata,https://github.com/wa52/ai-customer-service/tree/main/data,synthetic_demo,false
DEMO-IMAGE-3747,earring,synthetic_demo,Synthetic demo metadata,https://github.com/wa52/ai-customer-service/tree/main/data,synthetic_demo,false
DEMO-IMAGE-3748,bracelet,synthetic_demo,Synthetic demo metadata,https://github.com/wa52/ai-customer-service/tree/main/data,synthetic_demo,false
DEMO-IMAGE-3749,ring,synthetic_demo,Synthetic demo metadata,https://github.com/wa52/ai-customer-service/tree/main/data,synthetic_demo,false
DEMO-IMAGE-3750,necklace,synthetic_demo,Synthetic demo metadata,https://github.com/wa52/ai-customer-service/tree/main/data,synthetic_demo,false
DEMO-IMAGE-3751,earring,synthetic_demo,Synthetic demo metadata,https://github.com/wa52/ai-customer-service/tree/main/data,synthetic_demo,false
DEMO-IMAGE-3752,bracelet,synthetic_demo,Synthetic demo metadata,https://github.com/wa52/ai-customer-service/tree/main/data,synthetic_demo,false
DEMO-IMAGE-3753,ring,synthetic_demo,Synthetic demo metadata,https://github.com/wa52/ai-customer-service/tree/main/data,synthetic_demo,false
DEMO-IMAGE-3754,necklace,synthetic_demo,Synthetic demo metadata,https://github.com/wa52/ai-customer-service/tree/main/data,synthetic_demo,false
DEMO-IMAGE-3755,earring,synthetic_demo,Synthetic demo metadata,https://github.com/wa52/ai-customer-service/tree/main/data,synthetic_demo,false
DEMO-IMAGE-3756,bracelet,synthetic_demo,Synthetic demo metadata,https://github.com/wa52/ai-customer-service/tree/main/data,synthetic_demo,false
DEMO-IMAGE-3757,ring,synthetic_demo,Synthetic demo metadata,https://github.com/wa52/ai-customer-service/tree/main/data,synthetic_demo,false
DEMO-IMAGE-3758,necklace,synthetic_demo,Synthetic demo metadata,https://github.com/wa52/ai-customer-service/tree/main/data,synthetic_demo,false
DEMO-IMAGE-3759,earring,synthetic_demo,Synthetic demo metadata,https://github.com/wa52/ai-customer-service/tree/main/data,synthetic_demo,false
DEMO-IMAGE-3760,bracelet,synthetic_demo,Synthetic demo metadata,https://github.com/wa52/ai-customer-service/tree/main/data,synthetic_demo,false
DEMO-IMAGE-3761,ring,synthetic_demo,Synthetic demo metadata,https://github.com/wa52/ai-customer-service/tree/main/data,synthetic_demo,false
DEMO-IMAGE-3762,necklace,synthetic_demo,Synthetic demo metadata,https://github.com/wa52/ai-customer-service/tree/main/data,synthetic_demo,false
DEMO-IMAGE-3763,earring,synthetic_demo,Synthetic demo metadata,https://github.com/wa52/ai-customer-service/tree/main/data,synthetic_demo,false
DEMO-IMAGE-3764,bracelet,synthetic_demo,Synthetic demo metadata,https://github.com/wa52/ai-customer-service/tree/main/data,synthetic_demo,false
DEMO-IMAGE-3765,ring,synthetic_demo,Synthetic demo metadata,https://github.com/wa52/ai-customer-service/tree/main/data,synthetic_demo,false
DEMO-IMAGE-3766,necklace,synthetic_demo,Synthetic demo metadata,https://github.com/wa52/ai-customer-service/tree/main/data,synthetic_demo,false
DEMO-IMAGE-3767,earring,synthetic_demo,Synthetic demo metadata,https://github.com/wa52/ai-customer-service/tree/main/data,synthetic_demo,false
DEMO-IMAGE-3768,bracelet,synthetic_demo,Synthetic demo metadata,https://github.com/wa52/ai-customer-service/tree/main/data,synthetic_demo,false
DEMO-IMAGE-3769,ring,synthetic_demo,Synthetic demo metadata,https://github.com/wa52/ai-customer-service/tree/main/data,synthetic_demo,false
DEMO-IMAGE-3770,necklace,synthetic_demo,Synthetic demo metadata,https://github.com/wa52/ai-customer-service/tree/main/data,synthetic_demo,false
DEMO-IMAGE-3771,earring,synthetic_demo,Synthetic demo metadata,https://github.com/wa52/ai-customer-service/tree/main/data,synthetic_demo,false
DEMO-IMAGE-3772,bracelet,synthetic_demo,Synthetic demo metadata,https://github.com/wa52/ai-customer-service/tree/main/data,synthetic_demo,false
DEMO-IMAGE-3773,ring,synthetic_demo,Synthetic demo metadata,https://github.com/wa52/ai-customer-service/tree/main/data,synthetic_demo,false
DEMO-IMAGE-3774,necklace,synthetic_demo,Synthetic demo metadata,https://github.com/wa52/ai-customer-service/tree/main/data,synthetic_demo,false
DEMO-IMAGE-3775,earring,synthetic_demo,Synthetic demo metadata,https://github.com/wa52/ai-customer-service/tree/main/data,synthetic_demo,false
DEMO-IMAGE-3776,bracelet,synthetic_demo,Synthetic demo metadata,https://github.com/wa52/ai-customer-service/tree/main/data,synthetic_demo,false
DEMO-IMAGE-3777,ring,synthetic_demo,Synthetic demo metadata,https://github.com/wa52/ai-customer-service/tree/main/data,synthetic_demo,false
DEMO-IMAGE-3778,necklace,synthetic_demo,Synthetic demo metadata,https://github.com/wa52/ai-customer-service/tree/main/data,synthetic_demo,false
DEMO-IMAGE-3779,earring,synthetic_demo,Synthetic demo metadata,https://github.com/wa52/ai-customer-service/tree/main/data,synthetic_demo,false
DEMO-IMAGE-3780,bracelet,synthetic_demo,Synthetic demo metadata,https://github.com/wa52/ai-customer-service/tree/main/data,synthetic_demo,false
DEMO-IMAGE-3781,ring,synthetic_demo,Synthetic demo metadata,https://github.com/wa52/ai-customer-service/tree/main/data,synthetic_demo,false
DEMO-IMAGE-3782,necklace,synthetic_demo,Synthetic demo metadata,https://github.com/wa52/ai-customer-service/tree/main/data,synthetic_demo,false
DEMO-IMAGE-3783,earring,synthetic_demo,Synthetic demo metadata,https://github.com/wa52/ai-customer-service/tree/main/data,synthetic_demo,false
DEMO-IMAGE-3784,bracelet,synthetic_demo,Synthetic demo metadata,https://github.com/wa52/ai-customer-service/tree/main/data,synthetic_demo,false
DEMO-IMAGE-3785,ring,synthetic_demo,Synthetic demo metadata,https://github.com/wa52/ai-customer-service/tree/main/data,synthetic_demo,false
DEMO-IMAGE-3786,necklace,synthetic_demo,Synthetic demo metadata,https://github.com/wa52/ai-customer-service/tree/main/data,synthetic_demo,false
DEMO-IMAGE-3787,earring,synthetic_demo,Synthetic demo metadata,https://github.com/wa52/ai-customer-service/tree/main/data,synthetic_demo,false
DEMO-IMAGE-3788,bracelet,synthetic_demo,Synthetic demo metadata,https://github.com/wa52/ai-customer-service/tree/main/data,synthetic_demo,false
DEMO-IMAGE-3789,ring,synthetic_demo,Synthetic demo metadata,https://github.com/wa52/ai-customer-service/tree/main/data,synthetic_demo,false
DEMO-IMAGE-3790,necklace,synthetic_demo,Synthetic demo metadata,https://github.com/wa52/ai-customer-service/tree/main/data,synthetic_demo,false
DEMO-IMAGE-3791,earring,synthetic_demo,Synthetic demo metadata,https://github.com/wa52/ai-customer-service/tree/main/data,synthetic_demo,false
DEMO-IMAGE-3792,bracelet,synthetic_demo,Synthetic demo metadata,https://github.com/wa52/ai-customer-service/tree/main/data,synthetic_demo,false
DEMO-IMAGE-3793,ring,synthetic_demo,Synthetic demo metadata,https://github.com/wa52/ai-customer-service/tree/main/data,synthetic_demo,false
DEMO-IMAGE-3794,necklace,synthetic_demo,Synthetic demo metadata,https://github.com/wa52/ai-customer-service/tree/main/data,synthetic_demo,false
DEMO-IMAGE-3795,earring,synthetic_demo,Synthetic demo metadata,https://github.com/wa52/ai-customer-service/tree/main/data,synthetic_demo,false
DEMO-IMAGE-3796,bracelet,synthetic_demo,Synthetic demo metadata,https://github.com/wa52/ai-customer-service/tree/main/data,synthetic_demo,false
DEMO-IMAGE-3797,ring,synthetic_demo,Synthetic demo metadata,https://github.com/wa52/ai-customer-service/tree/main/data,synthetic_demo,false
DEMO-IMAGE-3798,necklace,synthetic_demo,Synthetic demo metadata,https://github.com/wa52/ai-customer-service/tree/main/data,synthetic_demo,false
DEMO-IMAGE-3799,earring,synthetic_demo,Synthetic demo metadata,https://github.com/wa52/ai-customer-service/tree/main/data,synthetic_demo,false
DEMO-IMAGE-3800,bracelet,synthetic_demo,Synthetic demo metadata,https://github.com/wa52/ai-customer-service/tree/main/data,synthetic_demo,false
DEMO-IMAGE-3801,ring,synthetic_demo,Synthetic demo metadata,https://github.com/wa52/ai-customer-service/tree/main/data,synthetic_demo,false
DEMO-IMAGE-3802,necklace,synthetic_demo,Synthetic demo metadata,https://github.com/wa52/ai-customer-service/tree/main/data,synthetic_demo,false
DEMO-IMAGE-3803,earring,synthetic_demo,Synthetic demo metadata,https://github.com/wa52/ai-customer-service/tree/main/data,synthetic_demo,false
DEMO-IMAGE-3804,bracelet,synthetic_demo,Synthetic demo metadata,https://github.com/wa52/ai-customer-service/tree/main/data,synthetic_demo,false
DEMO-IMAGE-3805,ring,synthetic_demo,Synthetic demo metadata,https://github.com/wa52/ai-customer-service/tree/main/data,synthetic_demo,false
DEMO-IMAGE-3806,necklace,synthetic_demo,Synthetic demo metadata,https://github.com/wa52/ai-customer-service/tree/main/data,synthetic_demo,false
DEMO-IMAGE-3807,earring,synthetic_demo,Synthetic demo metadata,https://github.com/wa52/ai-customer-service/tree/main/data,synthetic_demo,false
DEMO-IMAGE-3808,bracelet,synthetic_demo,Synthetic demo metadata,https://github.com/wa52/ai-customer-service/tree/main/data,synthetic_demo,false
DEMO-IMAGE-3809,ring,synthetic_demo,Synthetic demo metadata,https://github.com/wa52/ai-customer-service/tree/main/data,synthetic_demo,false
DEMO-IMAGE-3810,necklace,synthetic_demo,Synthetic demo metadata,https://github.com/wa52/ai-customer-service/tree/main/data,synthetic_demo,false
DEMO-IMAGE-3811,earring,synthetic_demo,Synthetic demo metadata,https://github.com/wa52/ai-customer-service/tree/main/data,synthetic_demo,false
DEMO-IMAGE-3812,bracelet,synthetic_demo,Synthetic demo metadata,https://github.com/wa52/ai-customer-service/tree/main/data,synthetic_demo,false
DEMO-IMAGE-3813,ring,synthetic_demo,Synthetic demo metadata,https://github.com/wa52/ai-customer-service/tree/main/data,synthetic_demo,false
DEMO-IMAGE-3814,necklace,synthetic_demo,Synthetic demo metadata,https://github.com/wa52/ai-customer-service/tree/main/data,synthetic_demo,false
DEMO-IMAGE-3815,earring,synthetic_demo,Synthetic demo metadata,https://github.com/wa52/ai-customer-service/tree/main/data,synthetic_demo,false
DEMO-IMAGE-3816,bracelet,synthetic_demo,Synthetic demo metadata,https://github.com/wa52/ai-customer-service/tree/main/data,synthetic_demo,false
DEMO-IMAGE-3817,ring,synthetic_demo,Synthetic demo metadata,https://github.com/wa52/ai-customer-service/tree/main/data,synthetic_demo,false
DEMO-IMAGE-3818,necklace,synthetic_demo,Synthetic demo metadata,https://github.com/wa52/ai-customer-service/tree/main/data,synthetic_demo,false
DEMO-IMAGE-3819,earring,synthetic_demo,Synthetic demo metadata,https://github.com/wa52/ai-customer-service/tree/main/data,synthetic_demo,false
DEMO-IMAGE-3820,bracelet,synthetic_demo,Synthetic demo metadata,https://github.com/wa52/ai-customer-service/tree/main/data,synthetic_demo,false
DEMO-IMAGE-3821,ring,synthetic_demo,Synthetic demo metadata,https://github.com/wa52/ai-customer-service/tree/main/data,synthetic_demo,false
DEMO-IMAGE-3822,necklace,synthetic_demo,Synthetic demo metadata,https://github.com/wa52/ai-customer-service/tree/main/data,synthetic_demo,false
DEMO-IMAGE-3823,earring,synthetic_demo,Synthetic demo metadata,https://github.com/wa52/ai-customer-service/tree/main/data,synthetic_demo,false
DEMO-IMAGE-3824,bracelet,synthetic_demo,Synthetic demo metadata,https://github.com/wa52/ai-customer-service/tree/main/data,synthetic_demo,false
DEMO-IMAGE-3825,ring,synthetic_demo,Synthetic demo metadata,https://github.com/wa52/ai-customer-service/tree/main/data,synthetic_demo,false
DEMO-IMAGE-3826,necklace,synthetic_demo,Synthetic demo metadata,https://github.com/wa52/ai-customer-service/tree/main/data,synthetic_demo,false
DEMO-IMAGE-3827,earring,synthetic_demo,Synthetic demo metadata,https://github.com/wa52/ai-customer-service/tree/main/data,synthetic_demo,false
DEMO-IMAGE-3828,bracelet,synthetic_demo,Synthetic demo metadata,https://github.com/wa52/ai-customer-service/tree/main/data,synthetic_demo,false
DEMO-IMAGE-3829,ring,synthetic_demo,Synthetic demo metadata,https://github.com/wa52/ai-customer-service/tree/main/data,synthetic_demo,false
DEMO-IMAGE-3830,necklace,synthetic_demo,Synthetic demo metadata,https://github.com/wa52/ai-customer-service/tree/main/data,synthetic_demo,false
DEMO-IMAGE-3831,earring,synthetic_demo,Synthetic demo metadata,https://github.com/wa52/ai-customer-service/tree/main/data,synthetic_demo,false
DEMO-IMAGE-3832,bracelet,synthetic_demo,Synthetic demo metadata,https://github.com/wa52/ai-customer-service/tree/main/data,synthetic_demo,false
DEMO-IMAGE-3833,ring,synthetic_demo,Synthetic demo metadata,https://github.com/wa52/ai-customer-service/tree/main/data,synthetic_demo,false
DEMO-IMAGE-3834,necklace,synthetic_demo,Synthetic demo metadata,https://github.com/wa52/ai-customer-service/tree/main/data,synthetic_demo,false
DEMO-IMAGE-3835,earring,synthetic_demo,Synthetic demo metadata,https://github.com/wa52/ai-customer-service/tree/main/data,synthetic_demo,false
DEMO-IMAGE-3836,bracelet,synthetic_demo,Synthetic demo metadata,https://github.com/wa52/ai-customer-service/tree/main/data,synthetic_demo,false
DEMO-IMAGE-3837,ring,synthetic_demo,Synthetic demo metadata,https://github.com/wa52/ai-customer-service/tree/main/data,synthetic_demo,false
DEMO-IMAGE-3838,necklace,synthetic_demo,Synthetic demo metadata,https://github.com/wa52/ai-customer-service/tree/main/data,synthetic_demo,false
DEMO-IMAGE-3839,earring,synthetic_demo,Synthetic demo metadata,https://github.com/wa52/ai-customer-service/tree/main/data,synthetic_demo,false
DEMO-IMAGE-3840,bracelet,synthetic_demo,Synthetic demo metadata,https://github.com/wa52/ai-customer-service/tree/main/data,synthetic_demo,false
DEMO-IMAGE-3841,ring,synthetic_demo,Synthetic demo metadata,https://github.com/wa52/ai-customer-service/tree/main/data,synthetic_demo,false
DEMO-IMAGE-3842,necklace,synthetic_demo,Synthetic demo metadata,https://github.com/wa52/ai-customer-service/tree/main/data,synthetic_demo,false
DEMO-IMAGE-3843,earring,synthetic_demo,Synthetic demo metadata,https://github.com/wa52/ai-customer-service/tree/main/data,synthetic_demo,false
DEMO-IMAGE-3844,bracelet,synthetic_demo,Synthetic demo metadata,https://github.com/wa52/ai-customer-service/tree/main/data,synthetic_demo,false
DEMO-IMAGE-3845,ring,synthetic_demo,Synthetic demo metadata,https://github.com/wa52/ai-customer-service/tree/main/data,synthetic_demo,false
DEMO-IMAGE-3846,necklace,synthetic_demo,Synthetic demo metadata,https://github.com/wa52/ai-customer-service/tree/main/data,synthetic_demo,false
DEMO-IMAGE-3847,earring,synthetic_demo,Synthetic demo metadata,https://github.com/wa52/ai-customer-service/tree/main/data,synthetic_demo,false
DEMO-IMAGE-3848,bracelet,synthetic_demo,Synthetic demo metadata,https://github.com/wa52/ai-customer-service/tree/main/data,synthetic_demo,false
DEMO-IMAGE-3849,ring,synthetic_demo,Synthetic demo metadata,https://github.com/wa52/ai-customer-service/tree/main/data,synthetic_demo,false
DEMO-IMAGE-3850,necklace,synthetic_demo,Synthetic demo metadata,https://github.com/wa52/ai-customer-service/tree/main/data,synthetic_demo,false
DEMO-IMAGE-3851,earring,synthetic_demo,Synthetic demo metadata,https://github.com/wa52/ai-customer-service/tree/main/data,synthetic_demo,false
DEMO-IMAGE-3852,bracelet,synthetic_demo,Synthetic demo metadata,https://github.com/wa52/ai-customer-service/tree/main/data,synthetic_demo,false
DEMO-IMAGE-3853,ring,synthetic_demo,Synthetic demo metadata,https://github.com/wa52/ai-customer-service/tree/main/data,synthetic_demo,false
DEMO-IMAGE-3854,necklace,synthetic_demo,Synthetic demo metadata,https://github.com/wa52/ai-customer-service/tree/main/data,synthetic_demo,false
DEMO-IMAGE-3855,earring,synthetic_demo,Synthetic demo metadata,https://github.com/wa52/ai-customer-service/tree/main/data,synthetic_demo,false
DEMO-IMAGE-3856,bracelet,synthetic_demo,Synthetic demo metadata,https://github.com/wa52/ai-customer-service/tree/main/data,synthetic_demo,false
DEMO-IMAGE-3857,ring,synthetic_demo,Synthetic demo metadata,https://github.com/wa52/ai-customer-service/tree/main/data,synthetic_demo,false
DEMO-IMAGE-3858,necklace,synthetic_demo,Synthetic demo metadata,https://github.com/wa52/ai-customer-service/tree/main/data,synthetic_demo,false
DEMO-IMAGE-3859,earring,synthetic_demo,Synthetic demo metadata,https://github.com/wa52/ai-customer-service/tree/main/data,synthetic_demo,false
DEMO-IMAGE-3860,bracelet,synthetic_demo,Synthetic demo metadata,https://github.com/wa52/ai-customer-service/tree/main/data,synthetic_demo,false
DEMO-IMAGE-3861,ring,synthetic_demo,Synthetic demo metadata,https://github.com/wa52/ai-customer-service/tree/main/data,synthetic_demo,false
DEMO-IMAGE-3862,necklace,synthetic_demo,Synthetic demo metadata,https://github.com/wa52/ai-customer-service/tree/main/data,synthetic_demo,false
DEMO-IMAGE-3863,earring,synthetic_demo,Synthetic demo metadata,https://github.com/wa52/ai-customer-service/tree/main/data,synthetic_demo,false
DEMO-IMAGE-3864,bracelet,synthetic_demo,Synthetic demo metadata,https://github.com/wa52/ai-customer-service/tree/main/data,synthetic_demo,false
DEMO-IMAGE-3865,ring,synthetic_demo,Synthetic demo metadata,https://github.com/wa52/ai-customer-service/tree/main/data,synthetic_demo,false
DEMO-IMAGE-3866,necklace,synthetic_demo,Synthetic demo metadata,https://github.com/wa52/ai-customer-service/tree/main/data,synthetic_demo,false
DEMO-IMAGE-3867,earring,synthetic_demo,Synthetic demo metadata,https://github.com/wa52/ai-customer-service/tree/main/data,synthetic_demo,false
DEMO-IMAGE-3868,bracelet,synthetic_demo,Synthetic demo metadata,https://github.com/wa52/ai-customer-service/tree/main/data,synthetic_demo,false
DEMO-IMAGE-3869,ring,synthetic_demo,Synthetic demo metadata,https://github.com/wa52/ai-customer-service/tree/main/data,synthetic_demo,false
DEMO-IMAGE-3870,necklace,synthetic_demo,Synthetic demo metadata,https://github.com/wa52/ai-customer-service/tree/main/data,synthetic_demo,false
DEMO-IMAGE-3871,earring,synthetic_demo,Synthetic demo metadata,https://github.com/wa52/ai-customer-service/tree/main/data,synthetic_demo,false
DEMO-IMAGE-3872,bracelet,synthetic_demo,Synthetic demo metadata,https://github.com/wa52/ai-customer-service/tree/main/data,synthetic_demo,false
DEMO-IMAGE-3873,ring,synthetic_demo,Synthetic demo metadata,https://github.com/wa52/ai-customer-service/tree/main/data,synthetic_demo,false
DEMO-IMAGE-3874,necklace,synthetic_demo,Synthetic demo metadata,https://github.com/wa52/ai-customer-service/tree/main/data,synthetic_demo,false
DEMO-IMAGE-3875,earring,synthetic_demo,Synthetic demo metadata,https://github.com/wa52/ai-customer-service/tree/main/data,synthetic_demo,false
DEMO-IMAGE-3876,bracelet,synthetic_demo,Synthetic demo metadata,https://github.com/wa52/ai-customer-service/tree/main/data,synthetic_demo,false
DEMO-IMAGE-3877,ring,synthetic_demo,Synthetic demo metadata,https://github.com/wa52/ai-customer-service/tree/main/data,synthetic_demo,false
DEMO-IMAGE-3878,necklace,synthetic_demo,Synthetic demo metadata,https://github.com/wa52/ai-customer-service/tree/main/data,synthetic_demo,false
DEMO-IMAGE-3879,earring,synthetic_demo,Synthetic demo metadata,https://github.com/wa52/ai-customer-service/tree/main/data,synthetic_demo,false
DEMO-IMAGE-3880,bracelet,synthetic_demo,Synthetic demo metadata,https://github.com/wa52/ai-customer-service/tree/main/data,synthetic_demo,false
DEMO-IMAGE-3881,ring,synthetic_demo,Synthetic demo metadata,https://github.com/wa52/ai-customer-service/tree/main/data,synthetic_demo,false
DEMO-IMAGE-3882,necklace,synthetic_demo,Synthetic demo metadata,https://github.com/wa52/ai-customer-service/tree/main/data,synthetic_demo,false
DEMO-IMAGE-3883,earring,synthetic_demo,Synthetic demo metadata,https://github.com/wa52/ai-customer-service/tree/main/data,synthetic_demo,false
DEMO-IMAGE-3884,bracelet,synthetic_demo,Synthetic demo metadata,https://github.com/wa52/ai-customer-service/tree/main/data,synthetic_demo,false
DEMO-IMAGE-3885,ring,synthetic_demo,Synthetic demo metadata,https://github.com/wa52/ai-customer-service/tree/main/data,synthetic_demo,false
DEMO-IMAGE-3886,necklace,synthetic_demo,Synthetic demo metadata,https://github.com/wa52/ai-customer-service/tree/main/data,synthetic_demo,false
DEMO-IMAGE-3887,earring,synthetic_demo,Synthetic demo metadata,https://github.com/wa52/ai-customer-service/tree/main/data,synthetic_demo,false
DEMO-IMAGE-3888,bracelet,synthetic_demo,Synthetic demo metadata,https://github.com/wa52/ai-customer-service/tree/main/data,synthetic_demo,false
DEMO-IMAGE-3889,ring,synthetic_demo,Synthetic demo metadata,https://github.com/wa52/ai-customer-service/tree/main/data,synthetic_demo,false
DEMO-IMAGE-3890,necklace,synthetic_demo,Synthetic demo metadata,https://github.com/wa52/ai-customer-service/tree/main/data,synthetic_demo,false
DEMO-IMAGE-3891,earring,synthetic_demo,Synthetic demo metadata,https://github.com/wa52/ai-customer-service/tree/main/data,synthetic_demo,false
DEMO-IMAGE-3892,bracelet,synthetic_demo,Synthetic demo metadata,https://github.com/wa52/ai-customer-service/tree/main/data,synthetic_demo,false
DEMO-IMAGE-3893,ring,synthetic_demo,Synthetic demo metadata,https://github.com/wa52/ai-customer-service/tree/main/data,synthetic_demo,false
DEMO-IMAGE-3894,necklace,synthetic_demo,Synthetic demo metadata,https://github.com/wa52/ai-customer-service/tree/main/data,synthetic_demo,false
DEMO-IMAGE-3895,earring,synthetic_demo,Synthetic demo metadata,https://github.com/wa52/ai-customer-service/tree/main/data,synthetic_demo,false
DEMO-IMAGE-3896,bracelet,synthetic_demo,Synthetic demo metadata,https://github.com/wa52/ai-customer-service/tree/main/data,synthetic_demo,false
DEMO-IMAGE-3897,ring,synthetic_demo,Synthetic demo metadata,https://github.com/wa52/ai-customer-service/tree/main/data,synthetic_demo,false
DEMO-IMAGE-3898,necklace,synthetic_demo,Synthetic demo metadata,https://github.com/wa52/ai-customer-service/tree/main/data,synthetic_demo,false
DEMO-IMAGE-3899,earring,synthetic_demo,Synthetic demo metadata,https://github.com/wa52/ai-customer-service/tree/main/data,synthetic_demo,false
DEMO-IMAGE-3900,bracelet,synthetic_demo,Synthetic demo metadata,https://github.com/wa52/ai-customer-service/tree/main/data,synthetic_demo,false
DEMO-IMAGE-3901,ring,synthetic_demo,Synthetic demo metadata,https://github.com/wa52/ai-customer-service/tree/main/data,synthetic_demo,false
DEMO-IMAGE-3902,necklace,synthetic_demo,Synthetic demo metadata,https://github.com/wa52/ai-customer-service/tree/main/data,synthetic_demo,false
DEMO-IMAGE-3903,earring,synthetic_demo,Synthetic demo metadata,https://github.com/wa52/ai-customer-service/tree/main/data,synthetic_demo,false
DEMO-IMAGE-3904,bracelet,synthetic_demo,Synthetic demo metadata,https://github.com/wa52/ai-customer-service/tree/main/data,synthetic_demo,false
DEMO-IMAGE-3905,ring,synthetic_demo,Synthetic demo metadata,https://github.com/wa52/ai-customer-service/tree/main/data,synthetic_demo,false
DEMO-IMAGE-3906,necklace,synthetic_demo,Synthetic demo metadata,https://github.com/wa52/ai-customer-service/tree/main/data,synthetic_demo,false
DEMO-IMAGE-3907,earring,synthetic_demo,Synthetic demo metadata,https://github.com/wa52/ai-customer-service/tree/main/data,synthetic_demo,false
DEMO-IMAGE-3908,bracelet,synthetic_demo,Synthetic demo metadata,https://github.com/wa52/ai-customer-service/tree/main/data,synthetic_demo,false
DEMO-IMAGE-3909,ring,synthetic_demo,Synthetic demo metadata,https://github.com/wa52/ai-customer-service/tree/main/data,synthetic_demo,false
DEMO-IMAGE-3910,necklace,synthetic_demo,Synthetic demo metadata,https://github.com/wa52/ai-customer-service/tree/main/data,synthetic_demo,false
DEMO-IMAGE-3911,earring,synthetic_demo,Synthetic demo metadata,https://github.com/wa52/ai-customer-service/tree/main/data,synthetic_demo,false
DEMO-IMAGE-3912,bracelet,synthetic_demo,Synthetic demo metadata,https://github.com/wa52/ai-customer-service/tree/main/data,synthetic_demo,false
DEMO-IMAGE-3913,ring,synthetic_demo,Synthetic demo metadata,https://github.com/wa52/ai-customer-service/tree/main/data,synthetic_demo,false
DEMO-IMAGE-3914,necklace,synthetic_demo,Synthetic demo metadata,https://github.com/wa52/ai-customer-service/tree/main/data,synthetic_demo,false
DEMO-IMAGE-3915,earring,synthetic_demo,Synthetic demo metadata,https://github.com/wa52/ai-customer-service/tree/main/data,synthetic_demo,false
DEMO-IMAGE-3916,bracelet,synthetic_demo,Synthetic demo metadata,https://github.com/wa52/ai-customer-service/tree/main/data,synthetic_demo,false
DEMO-IMAGE-3917,ring,synthetic_demo,Synthetic demo metadata,https://github.com/wa52/ai-customer-service/tree/main/data,synthetic_demo,false
DEMO-IMAGE-3918,necklace,synthetic_demo,Synthetic demo metadata,https://github.com/wa52/ai-customer-service/tree/main/data,synthetic_demo,false
DEMO-IMAGE-3919,earring,synthetic_demo,Synthetic demo metadata,https://github.com/wa52/ai-customer-service/tree/main/data,synthetic_demo,false
DEMO-IMAGE-3920,bracelet,synthetic_demo,Synthetic demo metadata,https://github.com/wa52/ai-customer-service/tree/main/data,synthetic_demo,false
DEMO-IMAGE-3921,ring,synthetic_demo,Synthetic demo metadata,https://github.com/wa52/ai-customer-service/tree/main/data,synthetic_demo,false
DEMO-IMAGE-3922,necklace,synthetic_demo,Synthetic demo metadata,https://github.com/wa52/ai-customer-service/tree/main/data,synthetic_demo,false
DEMO-IMAGE-3923,earring,synthetic_demo,Synthetic demo metadata,https://github.com/wa52/ai-customer-service/tree/main/data,synthetic_demo,false
DEMO-IMAGE-3924,bracelet,synthetic_demo,Synthetic demo metadata,https://github.com/wa52/ai-customer-service/tree/main/data,synthetic_demo,false
DEMO-IMAGE-3925,ring,synthetic_demo,Synthetic demo metadata,https://github.com/wa52/ai-customer-service/tree/main/data,synthetic_demo,false
DEMO-IMAGE-3926,necklace,synthetic_demo,Synthetic demo metadata,https://github.com/wa52/ai-customer-service/tree/main/data,synthetic_demo,false
DEMO-IMAGE-3927,earring,synthetic_demo,Synthetic demo metadata,https://github.com/wa52/ai-customer-service/tree/main/data,synthetic_demo,false
DEMO-IMAGE-3928,bracelet,synthetic_demo,Synthetic demo metadata,https://github.com/wa52/ai-customer-service/tree/main/data,synthetic_demo,false
DEMO-IMAGE-3929,ring,synthetic_demo,Synthetic demo metadata,https://github.com/wa52/ai-customer-service/tree/main/data,synthetic_demo,false
DEMO-IMAGE-3930,necklace,synthetic_demo,Synthetic demo metadata,https://github.com/wa52/ai-customer-service/tree/main/data,synthetic_demo,false
DEMO-IMAGE-3931,earring,synthetic_demo,Synthetic demo metadata,https://github.com/wa52/ai-customer-service/tree/main/data,synthetic_demo,false
DEMO-IMAGE-3932,bracelet,synthetic_demo,Synthetic demo metadata,https://github.com/wa52/ai-customer-service/tree/main/data,synthetic_demo,false
DEMO-IMAGE-3933,ring,synthetic_demo,Synthetic demo metadata,https://github.com/wa52/ai-customer-service/tree/main/data,synthetic_demo,false
DEMO-IMAGE-3934,necklace,synthetic_demo,Synthetic demo metadata,https://github.com/wa52/ai-customer-service/tree/main/data,synthetic_demo,false
DEMO-IMAGE-3935,earring,synthetic_demo,Synthetic demo metadata,https://github.com/wa52/ai-customer-service/tree/main/data,synthetic_demo,false
DEMO-IMAGE-3936,bracelet,synthetic_demo,Synthetic demo metadata,https://github.com/wa52/ai-customer-service/tree/main/data,synthetic_demo,false
DEMO-IMAGE-3937,ring,synthetic_demo,Synthetic demo metadata,https://github.com/wa52/ai-customer-service/tree/main/data,synthetic_demo,false
DEMO-IMAGE-3938,necklace,synthetic_demo,Synthetic demo metadata,https://github.com/wa52/ai-customer-service/tree/main/data,synthetic_demo,false
DEMO-IMAGE-3939,earring,synthetic_demo,Synthetic demo metadata,https://github.com/wa52/ai-customer-service/tree/main/data,synthetic_demo,false
DEMO-IMAGE-3940,bracelet,synthetic_demo,Synthetic demo metadata,https://github.com/wa52/ai-customer-service/tree/main/data,synthetic_demo,false
DEMO-IMAGE-3941,ring,synthetic_demo,Synthetic demo metadata,https://github.com/wa52/ai-customer-service/tree/main/data,synthetic_demo,false
DEMO-IMAGE-3942,necklace,synthetic_demo,Synthetic demo metadata,https://github.com/wa52/ai-customer-service/tree/main/data,synthetic_demo,false
DEMO-IMAGE-3943,earring,synthetic_demo,Synthetic demo metadata,https://github.com/wa52/ai-customer-service/tree/main/data,synthetic_demo,false
DEMO-IMAGE-3944,bracelet,synthetic_demo,Synthetic demo metadata,https://github.com/wa52/ai-customer-service/tree/main/data,synthetic_demo,false
DEMO-IMAGE-3945,ring,synthetic_demo,Synthetic demo metadata,https://github.com/wa52/ai-customer-service/tree/main/data,synthetic_demo,false
DEMO-IMAGE-3946,necklace,synthetic_demo,Synthetic demo metadata,https://github.com/wa52/ai-customer-service/tree/main/data,synthetic_demo,false
DEMO-IMAGE-3947,earring,synthetic_demo,Synthetic demo metadata,https://github.com/wa52/ai-customer-service/tree/main/data,synthetic_demo,false
DEMO-IMAGE-3948,bracelet,synthetic_demo,Synthetic demo metadata,https://github.com/wa52/ai-customer-service/tree/main/data,synthetic_demo,false
DEMO-IMAGE-3949,ring,synthetic_demo,Synthetic demo metadata,https://github.com/wa52/ai-customer-service/tree/main/data,synthetic_demo,false
DEMO-IMAGE-3950,necklace,synthetic_demo,Synthetic demo metadata,https://github.com/wa52/ai-customer-service/tree/main/data,synthetic_demo,false
DEMO-IMAGE-3951,earring,synthetic_demo,Synthetic demo metadata,https://github.com/wa52/ai-customer-service/tree/main/data,synthetic_demo,false
DEMO-IMAGE-3952,bracelet,synthetic_demo,Synthetic demo metadata,https://github.com/wa52/ai-customer-service/tree/main/data,synthetic_demo,false
DEMO-IMAGE-3953,ring,synthetic_demo,Synthetic demo metadata,https://github.com/wa52/ai-customer-service/tree/main/data,synthetic_demo,false
DEMO-IMAGE-3954,necklace,synthetic_demo,Synthetic demo metadata,https://github.com/wa52/ai-customer-service/tree/main/data,synthetic_demo,false
DEMO-IMAGE-3955,earring,synthetic_demo,Synthetic demo metadata,https://github.com/wa52/ai-customer-service/tree/main/data,synthetic_demo,false
DEMO-IMAGE-3956,bracelet,synthetic_demo,Synthetic demo metadata,https://github.com/wa52/ai-customer-service/tree/main/data,synthetic_demo,false
DEMO-IMAGE-3957,ring,synthetic_demo,Synthetic demo metadata,https://github.com/wa52/ai-customer-service/tree/main/data,synthetic_demo,false
DEMO-IMAGE-3958,necklace,synthetic_demo,Synthetic demo metadata,https://github.com/wa52/ai-customer-service/tree/main/data,synthetic_demo,false
DEMO-IMAGE-3959,earring,synthetic_demo,Synthetic demo metadata,https://github.com/wa52/ai-customer-service/tree/main/data,synthetic_demo,false
DEMO-IMAGE-3960,bracelet,synthetic_demo,Synthetic demo metadata,https://github.com/wa52/ai-customer-service/tree/main/data,synthetic_demo,false
DEMO-IMAGE-3961,ring,synthetic_demo,Synthetic demo metadata,https://github.com/wa52/ai-customer-service/tree/main/data,synthetic_demo,false
DEMO-IMAGE-3962,necklace,synthetic_demo,Synthetic demo metadata,https://github.com/wa52/ai-customer-service/tree/main/data,synthetic_demo,false
DEMO-IMAGE-3963,earring,synthetic_demo,Synthetic demo metadata,https://github.com/wa52/ai-customer-service/tree/main/data,synthetic_demo,false
DEMO-IMAGE-3964,bracelet,synthetic_demo,Synthetic demo metadata,https://github.com/wa52/ai-customer-service/tree/main/data,synthetic_demo,false
DEMO-IMAGE-3965,ring,synthetic_demo,Synthetic demo metadata,https://github.com/wa52/ai-customer-service/tree/main/data,synthetic_demo,false
DEMO-IMAGE-3966,necklace,synthetic_demo,Synthetic demo metadata,https://github.com/wa52/ai-customer-service/tree/main/data,synthetic_demo,false
DEMO-IMAGE-3967,earring,synthetic_demo,Synthetic demo metadata,https://github.com/wa52/ai-customer-service/tree/main/data,synthetic_demo,false
DEMO-IMAGE-3968,bracelet,synthetic_demo,Synthetic demo metadata,https://github.com/wa52/ai-customer-service/tree/main/data,synthetic_demo,false
DEMO-IMAGE-3969,ring,synthetic_demo,Synthetic demo metadata,https://github.com/wa52/ai-customer-service/tree/main/data,synthetic_demo,false
DEMO-IMAGE-3970,necklace,synthetic_demo,Synthetic demo metadata,https://github.com/wa52/ai-customer-service/tree/main/data,synthetic_demo,false
DEMO-IMAGE-3971,earring,synthetic_demo,Synthetic demo metadata,https://github.com/wa52/ai-customer-service/tree/main/data,synthetic_demo,false
DEMO-IMAGE-3972,bracelet,synthetic_demo,Synthetic demo metadata,https://github.com/wa52/ai-customer-service/tree/main/data,synthetic_demo,false
DEMO-IMAGE-3973,ring,synthetic_demo,Synthetic demo metadata,https://github.com/wa52/ai-customer-service/tree/main/data,synthetic_demo,false
DEMO-IMAGE-3974,necklace,synthetic_demo,Synthetic demo metadata,https://github.com/wa52/ai-customer-service/tree/main/data,synthetic_demo,false
DEMO-IMAGE-3975,earring,synthetic_demo,Synthetic demo metadata,https://github.com/wa52/ai-customer-service/tree/main/data,synthetic_demo,false
DEMO-IMAGE-3976,bracelet,synthetic_demo,Synthetic demo metadata,https://github.com/wa52/ai-customer-service/tree/main/data,synthetic_demo,false
DEMO-IMAGE-3977,ring,synthetic_demo,Synthetic demo metadata,https://github.com/wa52/ai-customer-service/tree/main/data,synthetic_demo,false
DEMO-IMAGE-3978,necklace,synthetic_demo,Synthetic demo metadata,https://github.com/wa52/ai-customer-service/tree/main/data,synthetic_demo,false
DEMO-IMAGE-3979,earring,synthetic_demo,Synthetic demo metadata,https://github.com/wa52/ai-customer-service/tree/main/data,synthetic_demo,false
DEMO-IMAGE-3980,bracelet,synthetic_demo,Synthetic demo metadata,https://github.com/wa52/ai-customer-service/tree/main/data,synthetic_demo,false
DEMO-IMAGE-3981,ring,synthetic_demo,Synthetic demo metadata,https://github.com/wa52/ai-customer-service/tree/main/data,synthetic_demo,false
DEMO-IMAGE-3982,necklace,synthetic_demo,Synthetic demo metadata,https://github.com/wa52/ai-customer-service/tree/main/data,synthetic_demo,false
DEMO-IMAGE-3983,earring,synthetic_demo,Synthetic demo metadata,https://github.com/wa52/ai-customer-service/tree/main/data,synthetic_demo,false
DEMO-IMAGE-3984,bracelet,synthetic_demo,Synthetic demo metadata,https://github.com/wa52/ai-customer-service/tree/main/data,synthetic_demo,false
DEMO-IMAGE-3985,ring,synthetic_demo,Synthetic demo metadata,https://github.com/wa52/ai-customer-service/tree/main/data,synthetic_demo,false
DEMO-IMAGE-3986,necklace,synthetic_demo,Synthetic demo metadata,https://github.com/wa52/ai-customer-service/tree/main/data,synthetic_demo,false
DEMO-IMAGE-3987,earring,synthetic_demo,Synthetic demo metadata,https://github.com/wa52/ai-customer-service/tree/main/data,synthetic_demo,false
DEMO-IMAGE-3988,bracelet,synthetic_demo,Synthetic demo metadata,https://github.com/wa52/ai-customer-service/tree/main/data,synthetic_demo,false
DEMO-IMAGE-3989,ring,synthetic_demo,Synthetic demo metadata,https://github.com/wa52/ai-customer-service/tree/main/data,synthetic_demo,false
DEMO-IMAGE-3990,necklace,synthetic_demo,Synthetic demo metadata,https://github.com/wa52/ai-customer-service/tree/main/data,synthetic_demo,false
DEMO-IMAGE-3991,earring,synthetic_demo,Synthetic demo metadata,https://github.com/wa52/ai-customer-service/tree/main/data,synthetic_demo,false
DEMO-IMAGE-3992,bracelet,synthetic_demo,Synthetic demo metadata,https://github.com/wa52/ai-customer-service/tree/main/data,synthetic_demo,false
DEMO-IMAGE-3993,ring,synthetic_demo,Synthetic demo metadata,https://github.com/wa52/ai-customer-service/tree/main/data,synthetic_demo,false
DEMO-IMAGE-3994,necklace,synthetic_demo,Synthetic demo metadata,https://github.com/wa52/ai-customer-service/tree/main/data,synthetic_demo,false
DEMO-IMAGE-3995,earring,synthetic_demo,Synthetic demo metadata,https://github.com/wa52/ai-customer-service/tree/main/data,synthetic_demo,false
DEMO-IMAGE-3996,bracelet,synthetic_demo,Synthetic demo metadata,https://github.com/wa52/ai-customer-service/tree/main/data,synthetic_demo,false
DEMO-IMAGE-3997,ring,synthetic_demo,Synthetic demo metadata,https://github.com/wa52/ai-customer-service/tree/main/data,synthetic_demo,false
DEMO-IMAGE-3998,necklace,synthetic_demo,Synthetic demo metadata,https://github.com/wa52/ai-customer-service/tree/main/data,synthetic_demo,false
DEMO-IMAGE-3999,earring,synthetic_demo,Synthetic demo metadata,https://github.com/wa52/ai-customer-service/tree/main/data,synthetic_demo,false
DEMO-IMAGE-4000,bracelet,synthetic_demo,Synthetic demo metadata,https://github.com/wa52/ai-customer-service/tree/main/data,synthetic_demo,false
DEMO-IMAGE-4001,ring,synthetic_demo,Synthetic demo metadata,https://github.com/wa52/ai-customer-service/tree/main/data,synthetic_demo,false
DEMO-IMAGE-4002,necklace,synthetic_demo,Synthetic demo metadata,https://github.com/wa52/ai-customer-service/tree/main/data,synthetic_demo,false
DEMO-IMAGE-4003,earring,synthetic_demo,Synthetic demo metadata,https://github.com/wa52/ai-customer-service/tree/main/data,synthetic_demo,false
DEMO-IMAGE-4004,bracelet,synthetic_demo,Synthetic demo metadata,https://github.com/wa52/ai-customer-service/tree/main/data,synthetic_demo,false
DEMO-IMAGE-4005,ring,synthetic_demo,Synthetic demo metadata,https://github.com/wa52/ai-customer-service/tree/main/data,synthetic_demo,false
DEMO-IMAGE-4006,necklace,synthetic_demo,Synthetic demo metadata,https://github.com/wa52/ai-customer-service/tree/main/data,synthetic_demo,false
DEMO-IMAGE-4007,earring,synthetic_demo,Synthetic demo metadata,https://github.com/wa52/ai-customer-service/tree/main/data,synthetic_demo,false
DEMO-IMAGE-4008,bracelet,synthetic_demo,Synthetic demo metadata,https://github.com/wa52/ai-customer-service/tree/main/data,synthetic_demo,false
DEMO-IMAGE-4009,ring,synthetic_demo,Synthetic demo metadata,https://github.com/wa52/ai-customer-service/tree/main/data,synthetic_demo,false
DEMO-IMAGE-4010,necklace,synthetic_demo,Synthetic demo metadata,https://github.com/wa52/ai-customer-service/tree/main/data,synthetic_demo,false
DEMO-IMAGE-4011,earring,synthetic_demo,Synthetic demo metadata,https://github.com/wa52/ai-customer-service/tree/main/data,synthetic_demo,false
DEMO-IMAGE-4012,bracelet,synthetic_demo,Synthetic demo metadata,https://github.com/wa52/ai-customer-service/tree/main/data,synthetic_demo,false
DEMO-IMAGE-4013,ring,synthetic_demo,Synthetic demo metadata,https://github.com/wa52/ai-customer-service/tree/main/data,synthetic_demo,false
DEMO-IMAGE-4014,necklace,synthetic_demo,Synthetic demo metadata,https://github.com/wa52/ai-customer-service/tree/main/data,synthetic_demo,false
DEMO-IMAGE-4015,earring,synthetic_demo,Synthetic demo metadata,https://github.com/wa52/ai-customer-service/tree/main/data,synthetic_demo,false
DEMO-IMAGE-4016,bracelet,synthetic_demo,Synthetic demo metadata,https://github.com/wa52/ai-customer-service/tree/main/data,synthetic_demo,false
DEMO-IMAGE-4017,ring,synthetic_demo,Synthetic demo metadata,https://github.com/wa52/ai-customer-service/tree/main/data,synthetic_demo,false
DEMO-IMAGE-4018,necklace,synthetic_demo,Synthetic demo metadata,https://github.com/wa52/ai-customer-service/tree/main/data,synthetic_demo,false
DEMO-IMAGE-4019,earring,synthetic_demo,Synthetic demo metadata,https://github.com/wa52/ai-customer-service/tree/main/data,synthetic_demo,false
DEMO-IMAGE-4020,bracelet,synthetic_demo,Synthetic demo metadata,https://github.com/wa52/ai-customer-service/tree/main/data,synthetic_demo,false
DEMO-IMAGE-4021,ring,synthetic_demo,Synthetic demo metadata,https://github.com/wa52/ai-customer-service/tree/main/data,synthetic_demo,false
DEMO-IMAGE-4022,necklace,synthetic_demo,Synthetic demo metadata,https://github.com/wa52/ai-customer-service/tree/main/data,synthetic_demo,false
DEMO-IMAGE-4023,earring,synthetic_demo,Synthetic demo metadata,https://github.com/wa52/ai-customer-service/tree/main/data,synthetic_demo,false
DEMO-IMAGE-4024,bracelet,synthetic_demo,Synthetic demo metadata,https://github.com/wa52/ai-customer-service/tree/main/data,synthetic_demo,false
DEMO-IMAGE-4025,ring,synthetic_demo,Synthetic demo metadata,https://github.com/wa52/ai-customer-service/tree/main/data,synthetic_demo,false
DEMO-IMAGE-4026,necklace,synthetic_demo,Synthetic demo metadata,https://github.com/wa52/ai-customer-service/tree/main/data,synthetic_demo,false
DEMO-IMAGE-4027,earring,synthetic_demo,Synthetic demo metadata,https://github.com/wa52/ai-customer-service/tree/main/data,synthetic_demo,false
DEMO-IMAGE-4028,bracelet,synthetic_demo,Synthetic demo metadata,https://github.com/wa52/ai-customer-service/tree/main/data,synthetic_demo,false
DEMO-IMAGE-4029,ring,synthetic_demo,Synthetic demo metadata,https://github.com/wa52/ai-customer-service/tree/main/data,synthetic_demo,false
DEMO-IMAGE-4030,necklace,synthetic_demo,Synthetic demo metadata,https://github.com/wa52/ai-customer-service/tree/main/data,synthetic_demo,false
DEMO-IMAGE-4031,earring,synthetic_demo,Synthetic demo metadata,https://github.com/wa52/ai-customer-service/tree/main/data,synthetic_demo,false
DEMO-IMAGE-4032,bracelet,synthetic_demo,Synthetic demo metadata,https://github.com/wa52/ai-customer-service/tree/main/data,synthetic_demo,false
DEMO-IMAGE-4033,ring,synthetic_demo,Synthetic demo metadata,https://github.com/wa52/ai-customer-service/tree/main/data,synthetic_demo,false
DEMO-IMAGE-4034,necklace,synthetic_demo,Synthetic demo metadata,https://github.com/wa52/ai-customer-service/tree/main/data,synthetic_demo,false
DEMO-IMAGE-4035,earring,synthetic_demo,Synthetic demo metadata,https://github.com/wa52/ai-customer-service/tree/main/data,synthetic_demo,false
DEMO-IMAGE-4036,bracelet,synthetic_demo,Synthetic demo metadata,https://github.com/wa52/ai-customer-service/tree/main/data,synthetic_demo,false
DEMO-IMAGE-4037,ring,synthetic_demo,Synthetic demo metadata,https://github.com/wa52/ai-customer-service/tree/main/data,synthetic_demo,false
DEMO-IMAGE-4038,necklace,synthetic_demo,Synthetic demo metadata,https://github.com/wa52/ai-customer-service/tree/main/data,synthetic_demo,false
DEMO-IMAGE-4039,earring,synthetic_demo,Synthetic demo metadata,https://github.com/wa52/ai-customer-service/tree/main/data,synthetic_demo,false
DEMO-IMAGE-4040,bracelet,synthetic_demo,Synthetic demo metadata,https://github.com/wa52/ai-customer-service/tree/main/data,synthetic_demo,false
DEMO-IMAGE-4041,ring,synthetic_demo,Synthetic demo metadata,https://github.com/wa52/ai-customer-service/tree/main/data,synthetic_demo,false
DEMO-IMAGE-4042,necklace,synthetic_demo,Synthetic demo metadata,https://github.com/wa52/ai-customer-service/tree/main/data,synthetic_demo,false
DEMO-IMAGE-4043,earring,synthetic_demo,Synthetic demo metadata,https://github.com/wa52/ai-customer-service/tree/main/data,synthetic_demo,false
DEMO-IMAGE-4044,bracelet,synthetic_demo,Synthetic demo metadata,https://github.com/wa52/ai-customer-service/tree/main/data,synthetic_demo,false
DEMO-IMAGE-4045,ring,synthetic_demo,Synthetic demo metadata,https://github.com/wa52/ai-customer-service/tree/main/data,synthetic_demo,false
DEMO-IMAGE-4046,necklace,synthetic_demo,Synthetic demo metadata,https://github.com/wa52/ai-customer-service/tree/main/data,synthetic_demo,false
DEMO-IMAGE-4047,earring,synthetic_demo,Synthetic demo metadata,https://github.com/wa52/ai-customer-service/tree/main/data,synthetic_demo,false
DEMO-IMAGE-4048,bracelet,synthetic_demo,Synthetic demo metadata,https://github.com/wa52/ai-customer-service/tree/main/data,synthetic_demo,false
DEMO-IMAGE-4049,ring,synthetic_demo,Synthetic demo metadata,https://github.com/wa52/ai-customer-service/tree/main/data,synthetic_demo,false
DEMO-IMAGE-4050,necklace,synthetic_demo,Synthetic demo metadata,https://github.com/wa52/ai-customer-service/tree/main/data,synthetic_demo,false
DEMO-IMAGE-4051,earring,synthetic_demo,Synthetic demo metadata,https://github.com/wa52/ai-customer-service/tree/main/data,synthetic_demo,false
DEMO-IMAGE-4052,bracelet,synthetic_demo,Synthetic demo metadata,https://github.com/wa52/ai-customer-service/tree/main/data,synthetic_demo,false
DEMO-IMAGE-4053,ring,synthetic_demo,Synthetic demo metadata,https://github.com/wa52/ai-customer-service/tree/main/data,synthetic_demo,false
DEMO-IMAGE-4054,necklace,synthetic_demo,Synthetic demo metadata,https://github.com/wa52/ai-customer-service/tree/main/data,synthetic_demo,false
DEMO-IMAGE-4055,earring,synthetic_demo,Synthetic demo metadata,https://github.com/wa52/ai-customer-service/tree/main/data,synthetic_demo,false
DEMO-IMAGE-4056,bracelet,synthetic_demo,Synthetic demo metadata,https://github.com/wa52/ai-customer-service/tree/main/data,synthetic_demo,false
DEMO-IMAGE-4057,ring,synthetic_demo,Synthetic demo metadata,https://github.com/wa52/ai-customer-service/tree/main/data,synthetic_demo,false
DEMO-IMAGE-4058,necklace,synthetic_demo,Synthetic demo metadata,https://github.com/wa52/ai-customer-service/tree/main/data,synthetic_demo,false
DEMO-IMAGE-4059,earring,synthetic_demo,Synthetic demo metadata,https://github.com/wa52/ai-customer-service/tree/main/data,synthetic_demo,false
DEMO-IMAGE-4060,bracelet,synthetic_demo,Synthetic demo metadata,https://github.com/wa52/ai-customer-service/tree/main/data,synthetic_demo,false
DEMO-IMAGE-4061,ring,synthetic_demo,Synthetic demo metadata,https://github.com/wa52/ai-customer-service/tree/main/data,synthetic_demo,false
DEMO-IMAGE-4062,necklace,synthetic_demo,Synthetic demo metadata,https://github.com/wa52/ai-customer-service/tree/main/data,synthetic_demo,false
DEMO-IMAGE-4063,earring,synthetic_demo,Synthetic demo metadata,https://github.com/wa52/ai-customer-service/tree/main/data,synthetic_demo,false
DEMO-IMAGE-4064,bracelet,synthetic_demo,Synthetic demo metadata,https://github.com/wa52/ai-customer-service/tree/main/data,synthetic_demo,false
DEMO-IMAGE-4065,ring,synthetic_demo,Synthetic demo metadata,https://github.com/wa52/ai-customer-service/tree/main/data,synthetic_demo,false
DEMO-IMAGE-4066,necklace,synthetic_demo,Synthetic demo metadata,https://github.com/wa52/ai-customer-service/tree/main/data,synthetic_demo,false
DEMO-IMAGE-4067,earring,synthetic_demo,Synthetic demo metadata,https://github.com/wa52/ai-customer-service/tree/main/data,synthetic_demo,false
DEMO-IMAGE-4068,bracelet,synthetic_demo,Synthetic demo metadata,https://github.com/wa52/ai-customer-service/tree/main/data,synthetic_demo,false
DEMO-IMAGE-4069,ring,synthetic_demo,Synthetic demo metadata,https://github.com/wa52/ai-customer-service/tree/main/data,synthetic_demo,false
DEMO-IMAGE-4070,necklace,synthetic_demo,Synthetic demo metadata,https://github.com/wa52/ai-customer-service/tree/main/data,synthetic_demo,false
DEMO-IMAGE-4071,earring,synthetic_demo,Synthetic demo metadata,https://github.com/wa52/ai-customer-service/tree/main/data,synthetic_demo,false
DEMO-IMAGE-4072,bracelet,synthetic_demo,Synthetic demo metadata,https://github.com/wa52/ai-customer-service/tree/main/data,synthetic_demo,false
DEMO-IMAGE-4073,ring,synthetic_demo,Synthetic demo metadata,https://github.com/wa52/ai-customer-service/tree/main/data,synthetic_demo,false
DEMO-IMAGE-4074,necklace,synthetic_demo,Synthetic demo metadata,https://github.com/wa52/ai-customer-service/tree/main/data,synthetic_demo,false
DEMO-IMAGE-4075,earring,synthetic_demo,Synthetic demo metadata,https://github.com/wa52/ai-customer-service/tree/main/data,synthetic_demo,false
DEMO-IMAGE-4076,bracelet,synthetic_demo,Synthetic demo metadata,https://github.com/wa52/ai-customer-service/tree/main/data,synthetic_demo,false
DEMO-IMAGE-4077,ring,synthetic_demo,Synthetic demo metadata,https://github.com/wa52/ai-customer-service/tree/main/data,synthetic_demo,false
DEMO-IMAGE-4078,necklace,synthetic_demo,Synthetic demo metadata,https://github.com/wa52/ai-customer-service/tree/main/data,synthetic_demo,false
DEMO-IMAGE-4079,earring,synthetic_demo,Synthetic demo metadata,https://github.com/wa52/ai-customer-service/tree/main/data,synthetic_demo,false
DEMO-IMAGE-4080,bracelet,synthetic_demo,Synthetic demo metadata,https://github.com/wa52/ai-customer-service/tree/main/data,synthetic_demo,false
DEMO-IMAGE-4081,ring,synthetic_demo,Synthetic demo metadata,https://github.com/wa52/ai-customer-service/tree/main/data,synthetic_demo,false
DEMO-IMAGE-4082,necklace,synthetic_demo,Synthetic demo metadata,https://github.com/wa52/ai-customer-service/tree/main/data,synthetic_demo,false
DEMO-IMAGE-4083,earring,synthetic_demo,Synthetic demo metadata,https://github.com/wa52/ai-customer-service/tree/main/data,synthetic_demo,false
DEMO-IMAGE-4084,bracelet,synthetic_demo,Synthetic demo metadata,https://github.com/wa52/ai-customer-service/tree/main/data,synthetic_demo,false
DEMO-IMAGE-4085,ring,synthetic_demo,Synthetic demo metadata,https://github.com/wa52/ai-customer-service/tree/main/data,synthetic_demo,false
DEMO-IMAGE-4086,necklace,synthetic_demo,Synthetic demo metadata,https://github.com/wa52/ai-customer-service/tree/main/data,synthetic_demo,false
DEMO-IMAGE-4087,earring,synthetic_demo,Synthetic demo metadata,https://github.com/wa52/ai-customer-service/tree/main/data,synthetic_demo,false
DEMO-IMAGE-4088,bracelet,synthetic_demo,Synthetic demo metadata,https://github.com/wa52/ai-customer-service/tree/main/data,synthetic_demo,false
DEMO-IMAGE-4089,ring,synthetic_demo,Synthetic demo metadata,https://github.com/wa52/ai-customer-service/tree/main/data,synthetic_demo,false
DEMO-IMAGE-4090,necklace,synthetic_demo,Synthetic demo metadata,https://github.com/wa52/ai-customer-service/tree/main/data,synthetic_demo,false
DEMO-IMAGE-4091,earring,synthetic_demo,Synthetic demo metadata,https://github.com/wa52/ai-customer-service/tree/main/data,synthetic_demo,false
DEMO-IMAGE-4092,bracelet,synthetic_demo,Synthetic demo metadata,https://github.com/wa52/ai-customer-service/tree/main/data,synthetic_demo,false
DEMO-IMAGE-4093,ring,synthetic_demo,Synthetic demo metadata,https://github.com/wa52/ai-customer-service/tree/main/data,synthetic_demo,false
DEMO-IMAGE-4094,necklace,synthetic_demo,Synthetic demo metadata,https://github.com/wa52/ai-customer-service/tree/main/data,synthetic_demo,false
DEMO-IMAGE-4095,earring,synthetic_demo,Synthetic demo metadata,https://github.com/wa52/ai-customer-service/tree/main/data,synthetic_demo,false
DEMO-IMAGE-4096,bracelet,synthetic_demo,Synthetic demo metadata,https://github.com/wa52/ai-customer-service/tree/main/data,synthetic_demo,false
DEMO-IMAGE-4097,ring,synthetic_demo,Synthetic demo metadata,https://github.com/wa52/ai-customer-service/tree/main/data,synthetic_demo,false
DEMO-IMAGE-4098,necklace,synthetic_demo,Synthetic demo metadata,https://github.com/wa52/ai-customer-service/tree/main/data,synthetic_demo,false
DEMO-IMAGE-4099,earring,synthetic_demo,Synthetic demo metadata,https://github.com/wa52/ai-customer-service/tree/main/data,synthetic_demo,false
DEMO-IMAGE-4100,bracelet,synthetic_demo,Synthetic demo metadata,https://github.com/wa52/ai-customer-service/tree/main/data,synthetic_demo,false
DEMO-IMAGE-4101,ring,synthetic_demo,Synthetic demo metadata,https://github.com/wa52/ai-customer-service/tree/main/data,synthetic_demo,false
DEMO-IMAGE-4102,necklace,synthetic_demo,Synthetic demo metadata,https://github.com/wa52/ai-customer-service/tree/main/data,synthetic_demo,false
DEMO-IMAGE-4103,earring,synthetic_demo,Synthetic demo metadata,https://github.com/wa52/ai-customer-service/tree/main/data,synthetic_demo,false
DEMO-IMAGE-4104,bracelet,synthetic_demo,Synthetic demo metadata,https://github.com/wa52/ai-customer-service/tree/main/data,synthetic_demo,false
DEMO-IMAGE-4105,ring,synthetic_demo,Synthetic demo metadata,https://github.com/wa52/ai-customer-service/tree/main/data,synthetic_demo,false
DEMO-IMAGE-4106,necklace,synthetic_demo,Synthetic demo metadata,https://github.com/wa52/ai-customer-service/tree/main/data,synthetic_demo,false
DEMO-IMAGE-4107,earring,synthetic_demo,Synthetic demo metadata,https://github.com/wa52/ai-customer-service/tree/main/data,synthetic_demo,false
DEMO-IMAGE-4108,bracelet,synthetic_demo,Synthetic demo metadata,https://github.com/wa52/ai-customer-service/tree/main/data,synthetic_demo,false
DEMO-IMAGE-4109,ring,synthetic_demo,Synthetic demo metadata,https://github.com/wa52/ai-customer-service/tree/main/data,synthetic_demo,false
DEMO-IMAGE-4110,necklace,synthetic_demo,Synthetic demo metadata,https://github.com/wa52/ai-customer-service/tree/main/data,synthetic_demo,false
DEMO-IMAGE-4111,earring,synthetic_demo,Synthetic demo metadata,https://github.com/wa52/ai-customer-service/tree/main/data,synthetic_demo,false
DEMO-IMAGE-4112,bracelet,synthetic_demo,Synthetic demo metadata,https://github.com/wa52/ai-customer-service/tree/main/data,synthetic_demo,false
DEMO-IMAGE-4113,ring,synthetic_demo,Synthetic demo metadata,https://github.com/wa52/ai-customer-service/tree/main/data,synthetic_demo,false
DEMO-IMAGE-4114,necklace,synthetic_demo,Synthetic demo metadata,https://github.com/wa52/ai-customer-service/tree/main/data,synthetic_demo,false
DEMO-IMAGE-4115,earring,synthetic_demo,Synthetic demo metadata,https://github.com/wa52/ai-customer-service/tree/main/data,synthetic_demo,false
DEMO-IMAGE-4116,bracelet,synthetic_demo,Synthetic demo metadata,https://github.com/wa52/ai-customer-service/tree/main/data,synthetic_demo,false
DEMO-IMAGE-4117,ring,synthetic_demo,Synthetic demo metadata,https://github.com/wa52/ai-customer-service/tree/main/data,synthetic_demo,false
DEMO-IMAGE-4118,necklace,synthetic_demo,Synthetic demo metadata,https://github.com/wa52/ai-customer-service/tree/main/data,synthetic_demo,false
DEMO-IMAGE-4119,earring,synthetic_demo,Synthetic demo metadata,https://github.com/wa52/ai-customer-service/tree/main/data,synthetic_demo,false
DEMO-IMAGE-4120,bracelet,synthetic_demo,Synthetic demo metadata,https://github.com/wa52/ai-customer-service/tree/main/data,synthetic_demo,false
DEMO-IMAGE-4121,ring,synthetic_demo,Synthetic demo metadata,https://github.com/wa52/ai-customer-service/tree/main/data,synthetic_demo,false
DEMO-IMAGE-4122,necklace,synthetic_demo,Synthetic demo metadata,https://github.com/wa52/ai-customer-service/tree/main/data,synthetic_demo,false
DEMO-IMAGE-4123,earring,synthetic_demo,Synthetic demo metadata,https://github.com/wa52/ai-customer-service/tree/main/data,synthetic_demo,false
DEMO-IMAGE-4124,bracelet,synthetic_demo,Synthetic demo metadata,https://github.com/wa52/ai-customer-service/tree/main/data,synthetic_demo,false
DEMO-IMAGE-4125,ring,synthetic_demo,Synthetic demo metadata,https://github.com/wa52/ai-customer-service/tree/main/data,synthetic_demo,false
DEMO-IMAGE-4126,necklace,synthetic_demo,Synthetic demo metadata,https://github.com/wa52/ai-customer-service/tree/main/data,synthetic_demo,false
DEMO-IMAGE-4127,earring,synthetic_demo,Synthetic demo metadata,https://github.com/wa52/ai-customer-service/tree/main/data,synthetic_demo,false
DEMO-IMAGE-4128,bracelet,synthetic_demo,Synthetic demo metadata,https://github.com/wa52/ai-customer-service/tree/main/data,synthetic_demo,false
DEMO-IMAGE-4129,ring,synthetic_demo,Synthetic demo metadata,https://github.com/wa52/ai-customer-service/tree/main/data,synthetic_demo,false
DEMO-IMAGE-4130,necklace,synthetic_demo,Synthetic demo metadata,https://github.com/wa52/ai-customer-service/tree/main/data,synthetic_demo,false
DEMO-IMAGE-4131,earring,synthetic_demo,Synthetic demo metadata,https://github.com/wa52/ai-customer-service/tree/main/data,synthetic_demo,false
DEMO-IMAGE-4132,bracelet,synthetic_demo,Synthetic demo metadata,https://github.com/wa52/ai-customer-service/tree/main/data,synthetic_demo,false
DEMO-IMAGE-4133,ring,synthetic_demo,Synthetic demo metadata,https://github.com/wa52/ai-customer-service/tree/main/data,synthetic_demo,false
DEMO-IMAGE-4134,necklace,synthetic_demo,Synthetic demo metadata,https://github.com/wa52/ai-customer-service/tree/main/data,synthetic_demo,false
DEMO-IMAGE-4135,earring,synthetic_demo,Synthetic demo metadata,https://github.com/wa52/ai-customer-service/tree/main/data,synthetic_demo,false
DEMO-IMAGE-4136,bracelet,synthetic_demo,Synthetic demo metadata,https://github.com/wa52/ai-customer-service/tree/main/data,synthetic_demo,false
DEMO-IMAGE-4137,ring,synthetic_demo,Synthetic demo metadata,https://github.com/wa52/ai-customer-service/tree/main/data,synthetic_demo,false
DEMO-IMAGE-4138,necklace,synthetic_demo,Synthetic demo metadata,https://github.com/wa52/ai-customer-service/tree/main/data,synthetic_demo,false
DEMO-IMAGE-4139,earring,synthetic_demo,Synthetic demo metadata,https://github.com/wa52/ai-customer-service/tree/main/data,synthetic_demo,false
DEMO-IMAGE-4140,bracelet,synthetic_demo,Synthetic demo metadata,https://github.com/wa52/ai-customer-service/tree/main/data,synthetic_demo,false
DEMO-IMAGE-4141,ring,synthetic_demo,Synthetic demo metadata,https://github.com/wa52/ai-customer-service/tree/main/data,synthetic_demo,false
DEMO-IMAGE-4142,necklace,synthetic_demo,Synthetic demo metadata,https://github.com/wa52/ai-customer-service/tree/main/data,synthetic_demo,false
DEMO-IMAGE-4143,earring,synthetic_demo,Synthetic demo metadata,https://github.com/wa52/ai-customer-service/tree/main/data,synthetic_demo,false
DEMO-IMAGE-4144,bracelet,synthetic_demo,Synthetic demo metadata,https://github.com/wa52/ai-customer-service/tree/main/data,synthetic_demo,false
DEMO-IMAGE-4145,ring,synthetic_demo,Synthetic demo metadata,https://github.com/wa52/ai-customer-service/tree/main/data,synthetic_demo,false
DEMO-IMAGE-4146,necklace,synthetic_demo,Synthetic demo metadata,https://github.com/wa52/ai-customer-service/tree/main/data,synthetic_demo,false
DEMO-IMAGE-4147,earring,synthetic_demo,Synthetic demo metadata,https://github.com/wa52/ai-customer-service/tree/main/data,synthetic_demo,false
DEMO-IMAGE-4148,bracelet,synthetic_demo,Synthetic demo metadata,https://github.com/wa52/ai-customer-service/tree/main/data,synthetic_demo,false
DEMO-IMAGE-4149,ring,synthetic_demo,Synthetic demo metadata,https://github.com/wa52/ai-customer-service/tree/main/data,synthetic_demo,false
DEMO-IMAGE-4150,necklace,synthetic_demo,Synthetic demo metadata,https://github.com/wa52/ai-customer-service/tree/main/data,synthetic_demo,false
DEMO-IMAGE-4151,earring,synthetic_demo,Synthetic demo metadata,https://github.com/wa52/ai-customer-service/tree/main/data,synthetic_demo,false
DEMO-IMAGE-4152,bracelet,synthetic_demo,Synthetic demo metadata,https://github.com/wa52/ai-customer-service/tree/main/data,synthetic_demo,false
DEMO-IMAGE-4153,ring,synthetic_demo,Synthetic demo metadata,https://github.com/wa52/ai-customer-service/tree/main/data,synthetic_demo,false
DEMO-IMAGE-4154,necklace,synthetic_demo,Synthetic demo metadata,https://github.com/wa52/ai-customer-service/tree/main/data,synthetic_demo,false
DEMO-IMAGE-4155,earring,synthetic_demo,Synthetic demo metadata,https://github.com/wa52/ai-customer-service/tree/main/data,synthetic_demo,false
DEMO-IMAGE-4156,bracelet,synthetic_demo,Synthetic demo metadata,https://github.com/wa52/ai-customer-service/tree/main/data,synthetic_demo,false
DEMO-IMAGE-4157,ring,synthetic_demo,Synthetic demo metadata,https://github.com/wa52/ai-customer-service/tree/main/data,synthetic_demo,false
DEMO-IMAGE-4158,necklace,synthetic_demo,Synthetic demo metadata,https://github.com/wa52/ai-customer-service/tree/main/data,synthetic_demo,false
DEMO-IMAGE-4159,earring,synthetic_demo,Synthetic demo metadata,https://github.com/wa52/ai-customer-service/tree/main/data,synthetic_demo,false
DEMO-IMAGE-4160,bracelet,synthetic_demo,Synthetic demo metadata,https://github.com/wa52/ai-customer-service/tree/main/data,synthetic_demo,false
DEMO-IMAGE-4161,ring,synthetic_demo,Synthetic demo metadata,https://github.com/wa52/ai-customer-service/tree/main/data,synthetic_demo,false
DEMO-IMAGE-4162,necklace,synthetic_demo,Synthetic demo metadata,https://github.com/wa52/ai-customer-service/tree/main/data,synthetic_demo,false
DEMO-IMAGE-4163,earring,synthetic_demo,Synthetic demo metadata,https://github.com/wa52/ai-customer-service/tree/main/data,synthetic_demo,false
DEMO-IMAGE-4164,bracelet,synthetic_demo,Synthetic demo metadata,https://github.com/wa52/ai-customer-service/tree/main/data,synthetic_demo,false
DEMO-IMAGE-4165,ring,synthetic_demo,Synthetic demo metadata,https://github.com/wa52/ai-customer-service/tree/main/data,synthetic_demo,false
DEMO-IMAGE-4166,necklace,synthetic_demo,Synthetic demo metadata,https://github.com/wa52/ai-customer-service/tree/main/data,synthetic_demo,false
DEMO-IMAGE-4167,earring,synthetic_demo,Synthetic demo metadata,https://github.com/wa52/ai-customer-service/tree/main/data,synthetic_demo,false
DEMO-IMAGE-4168,bracelet,synthetic_demo,Synthetic demo metadata,https://github.com/wa52/ai-customer-service/tree/main/data,synthetic_demo,false
DEMO-IMAGE-4169,ring,synthetic_demo,Synthetic demo metadata,https://github.com/wa52/ai-customer-service/tree/main/data,synthetic_demo,false
DEMO-IMAGE-4170,necklace,synthetic_demo,Synthetic demo metadata,https://github.com/wa52/ai-customer-service/tree/main/data,synthetic_demo,false
DEMO-IMAGE-4171,earring,synthetic_demo,Synthetic demo metadata,https://github.com/wa52/ai-customer-service/tree/main/data,synthetic_demo,false
DEMO-IMAGE-4172,bracelet,synthetic_demo,Synthetic demo metadata,https://github.com/wa52/ai-customer-service/tree/main/data,synthetic_demo,false
DEMO-IMAGE-4173,ring,synthetic_demo,Synthetic demo metadata,https://github.com/wa52/ai-customer-service/tree/main/data,synthetic_demo,false
DEMO-IMAGE-4174,necklace,synthetic_demo,Synthetic demo metadata,https://github.com/wa52/ai-customer-service/tree/main/data,synthetic_demo,false
DEMO-IMAGE-4175,earring,synthetic_demo,Synthetic demo metadata,https://github.com/wa52/ai-customer-service/tree/main/data,synthetic_demo,false
DEMO-IMAGE-4176,bracelet,synthetic_demo,Synthetic demo metadata,https://github.com/wa52/ai-customer-service/tree/main/data,synthetic_demo,false
DEMO-IMAGE-4177,ring,synthetic_demo,Synthetic demo metadata,https://github.com/wa52/ai-customer-service/tree/main/data,synthetic_demo,false
DEMO-IMAGE-4178,necklace,synthetic_demo,Synthetic demo metadata,https://github.com/wa52/ai-customer-service/tree/main/data,synthetic_demo,false
DEMO-IMAGE-4179,earring,synthetic_demo,Synthetic demo metadata,https://github.com/wa52/ai-customer-service/tree/main/data,synthetic_demo,false
DEMO-IMAGE-4180,bracelet,synthetic_demo,Synthetic demo metadata,https://github.com/wa52/ai-customer-service/tree/main/data,synthetic_demo,false
DEMO-IMAGE-4181,ring,synthetic_demo,Synthetic demo metadata,https://github.com/wa52/ai-customer-service/tree/main/data,synthetic_demo,false
DEMO-IMAGE-4182,necklace,synthetic_demo,Synthetic demo metadata,https://github.com/wa52/ai-customer-service/tree/main/data,synthetic_demo,false
DEMO-IMAGE-4183,earring,synthetic_demo,Synthetic demo metadata,https://github.com/wa52/ai-customer-service/tree/main/data,synthetic_demo,false
DEMO-IMAGE-4184,bracelet,synthetic_demo,Synthetic demo metadata,https://github.com/wa52/ai-customer-service/tree/main/data,synthetic_demo,false
DEMO-IMAGE-4185,ring,synthetic_demo,Synthetic demo metadata,https://github.com/wa52/ai-customer-service/tree/main/data,synthetic_demo,false
DEMO-IMAGE-4186,necklace,synthetic_demo,Synthetic demo metadata,https://github.com/wa52/ai-customer-service/tree/main/data,synthetic_demo,false
DEMO-IMAGE-4187,earring,synthetic_demo,Synthetic demo metadata,https://github.com/wa52/ai-customer-service/tree/main/data,synthetic_demo,false
DEMO-IMAGE-4188,bracelet,synthetic_demo,Synthetic demo metadata,https://github.com/wa52/ai-customer-service/tree/main/data,synthetic_demo,false
DEMO-IMAGE-4189,ring,synthetic_demo,Synthetic demo metadata,https://github.com/wa52/ai-customer-service/tree/main/data,synthetic_demo,false
DEMO-IMAGE-4190,necklace,synthetic_demo,Synthetic demo metadata,https://github.com/wa52/ai-customer-service/tree/main/data,synthetic_demo,false
DEMO-IMAGE-4191,earring,synthetic_demo,Synthetic demo metadata,https://github.com/wa52/ai-customer-service/tree/main/data,synthetic_demo,false
DEMO-IMAGE-4192,bracelet,synthetic_demo,Synthetic demo metadata,https://github.com/wa52/ai-customer-service/tree/main/data,synthetic_demo,false
DEMO-IMAGE-4193,ring,synthetic_demo,Synthetic demo metadata,https://github.com/wa52/ai-customer-service/tree/main/data,synthetic_demo,false
DEMO-IMAGE-4194,necklace,synthetic_demo,Synthetic demo metadata,https://github.com/wa52/ai-customer-service/tree/main/data,synthetic_demo,false
DEMO-IMAGE-4195,earring,synthetic_demo,Synthetic demo metadata,https://github.com/wa52/ai-customer-service/tree/main/data,synthetic_demo,false
DEMO-IMAGE-4196,bracelet,synthetic_demo,Synthetic demo metadata,https://github.com/wa52/ai-customer-service/tree/main/data,synthetic_demo,false
DEMO-IMAGE-4197,ring,synthetic_demo,Synthetic demo metadata,https://github.com/wa52/ai-customer-service/tree/main/data,synthetic_demo,false
DEMO-IMAGE-4198,necklace,synthetic_demo,Synthetic demo metadata,https://github.com/wa52/ai-customer-service/tree/main/data,synthetic_demo,false
DEMO-IMAGE-4199,earring,synthetic_demo,Synthetic demo metadata,https://github.com/wa52/ai-customer-service/tree/main/data,synthetic_demo,false
DEMO-IMAGE-4200,bracelet,synthetic_demo,Synthetic demo metadata,https://github.com/wa52/ai-customer-service/tree/main/data,synthetic_demo,false
DEMO-IMAGE-4201,ring,synthetic_demo,Synthetic demo metadata,https://github.com/wa52/ai-customer-service/tree/main/data,synthetic_demo,false
DEMO-IMAGE-4202,necklace,synthetic_demo,Synthetic demo metadata,https://github.com/wa52/ai-customer-service/tree/main/data,synthetic_demo,false
DEMO-IMAGE-4203,earring,synthetic_demo,Synthetic demo metadata,https://github.com/wa52/ai-customer-service/tree/main/data,synthetic_demo,false
DEMO-IMAGE-4204,bracelet,synthetic_demo,Synthetic demo metadata,https://github.com/wa52/ai-customer-service/tree/main/data,synthetic_demo,false
DEMO-IMAGE-4205,ring,synthetic_demo,Synthetic demo metadata,https://github.com/wa52/ai-customer-service/tree/main/data,synthetic_demo,false
DEMO-IMAGE-4206,necklace,synthetic_demo,Synthetic demo metadata,https://github.com/wa52/ai-customer-service/tree/main/data,synthetic_demo,false
DEMO-IMAGE-4207,earring,synthetic_demo,Synthetic demo metadata,https://github.com/wa52/ai-customer-service/tree/main/data,synthetic_demo,false
DEMO-IMAGE-4208,bracelet,synthetic_demo,Synthetic demo metadata,https://github.com/wa52/ai-customer-service/tree/main/data,synthetic_demo,false
DEMO-IMAGE-4209,ring,synthetic_demo,Synthetic demo metadata,https://github.com/wa52/ai-customer-service/tree/main/data,synthetic_demo,false
DEMO-IMAGE-4210,necklace,synthetic_demo,Synthetic demo metadata,https://github.com/wa52/ai-customer-service/tree/main/data,synthetic_demo,false
DEMO-IMAGE-4211,earring,synthetic_demo,Synthetic demo metadata,https://github.com/wa52/ai-customer-service/tree/main/data,synthetic_demo,false
DEMO-IMAGE-4212,bracelet,synthetic_demo,Synthetic demo metadata,https://github.com/wa52/ai-customer-service/tree/main/data,synthetic_demo,false
DEMO-IMAGE-4213,ring,synthetic_demo,Synthetic demo metadata,https://github.com/wa52/ai-customer-service/tree/main/data,synthetic_demo,false
DEMO-IMAGE-4214,necklace,synthetic_demo,Synthetic demo metadata,https://github.com/wa52/ai-customer-service/tree/main/data,synthetic_demo,false
DEMO-IMAGE-4215,earring,synthetic_demo,Synthetic demo metadata,https://github.com/wa52/ai-customer-service/tree/main/data,synthetic_demo,false
DEMO-IMAGE-4216,bracelet,synthetic_demo,Synthetic demo metadata,https://github.com/wa52/ai-customer-service/tree/main/data,synthetic_demo,false
DEMO-IMAGE-4217,ring,synthetic_demo,Synthetic demo metadata,https://github.com/wa52/ai-customer-service/tree/main/data,synthetic_demo,false
DEMO-IMAGE-4218,necklace,synthetic_demo,Synthetic demo metadata,https://github.com/wa52/ai-customer-service/tree/main/data,synthetic_demo,false
DEMO-IMAGE-4219,earring,synthetic_demo,Synthetic demo metadata,https://github.com/wa52/ai-customer-service/tree/main/data,synthetic_demo,false
DEMO-IMAGE-4220,bracelet,synthetic_demo,Synthetic demo metadata,https://github.com/wa52/ai-customer-service/tree/main/data,synthetic_demo,false
DEMO-IMAGE-4221,ring,synthetic_demo,Synthetic demo metadata,https://github.com/wa52/ai-customer-service/tree/main/data,synthetic_demo,false
DEMO-IMAGE-4222,necklace,synthetic_demo,Synthetic demo metadata,https://github.com/wa52/ai-customer-service/tree/main/data,synthetic_demo,false
DEMO-IMAGE-4223,earring,synthetic_demo,Synthetic demo metadata,https://github.com/wa52/ai-customer-service/tree/main/data,synthetic_demo,false
DEMO-IMAGE-4224,bracelet,synthetic_demo,Synthetic demo metadata,https://github.com/wa52/ai-customer-service/tree/main/data,synthetic_demo,false
DEMO-IMAGE-4225,ring,synthetic_demo,Synthetic demo metadata,https://github.com/wa52/ai-customer-service/tree/main/data,synthetic_demo,false
DEMO-IMAGE-4226,necklace,synthetic_demo,Synthetic demo metadata,https://github.com/wa52/ai-customer-service/tree/main/data,synthetic_demo,false
DEMO-IMAGE-4227,earring,synthetic_demo,Synthetic demo metadata,https://github.com/wa52/ai-customer-service/tree/main/data,synthetic_demo,false
DEMO-IMAGE-4228,bracelet,synthetic_demo,Synthetic demo metadata,https://github.com/wa52/ai-customer-service/tree/main/data,synthetic_demo,false
DEMO-IMAGE-4229,ring,synthetic_demo,Synthetic demo metadata,https://github.com/wa52/ai-customer-service/tree/main/data,synthetic_demo,false
DEMO-IMAGE-4230,necklace,synthetic_demo,Synthetic demo metadata,https://github.com/wa52/ai-customer-service/tree/main/data,synthetic_demo,false
DEMO-IMAGE-4231,earring,synthetic_demo,Synthetic demo metadata,https://github.com/wa52/ai-customer-service/tree/main/data,synthetic_demo,false
DEMO-IMAGE-4232,bracelet,synthetic_demo,Synthetic demo metadata,https://github.com/wa52/ai-customer-service/tree/main/data,synthetic_demo,false
DEMO-IMAGE-4233,ring,synthetic_demo,Synthetic demo metadata,https://github.com/wa52/ai-customer-service/tree/main/data,synthetic_demo,false
DEMO-IMAGE-4234,necklace,synthetic_demo,Synthetic demo metadata,https://github.com/wa52/ai-customer-service/tree/main/data,synthetic_demo,false
DEMO-IMAGE-4235,earring,synthetic_demo,Synthetic demo metadata,https://github.com/wa52/ai-customer-service/tree/main/data,synthetic_demo,false
DEMO-IMAGE-4236,bracelet,synthetic_demo,Synthetic demo metadata,https://github.com/wa52/ai-customer-service/tree/main/data,synthetic_demo,false
DEMO-IMAGE-4237,ring,synthetic_demo,Synthetic demo metadata,https://github.com/wa52/ai-customer-service/tree/main/data,synthetic_demo,false
DEMO-IMAGE-4238,necklace,synthetic_demo,Synthetic demo metadata,https://github.com/wa52/ai-customer-service/tree/main/data,synthetic_demo,false
DEMO-IMAGE-4239,earring,synthetic_demo,Synthetic demo metadata,https://github.com/wa52/ai-customer-service/tree/main/data,synthetic_demo,false
DEMO-IMAGE-4240,bracelet,synthetic_demo,Synthetic demo metadata,https://github.com/wa52/ai-customer-service/tree/main/data,synthetic_demo,false
DEMO-IMAGE-4241,ring,synthetic_demo,Synthetic demo metadata,https://github.com/wa52/ai-customer-service/tree/main/data,synthetic_demo,false
DEMO-IMAGE-4242,necklace,synthetic_demo,Synthetic demo metadata,https://github.com/wa52/ai-customer-service/tree/main/data,synthetic_demo,false
DEMO-IMAGE-4243,earring,synthetic_demo,Synthetic demo metadata,https://github.com/wa52/ai-customer-service/tree/main/data,synthetic_demo,false
DEMO-IMAGE-4244,bracelet,synthetic_demo,Synthetic demo metadata,https://github.com/wa52/ai-customer-service/tree/main/data,synthetic_demo,false
DEMO-IMAGE-4245,ring,synthetic_demo,Synthetic demo metadata,https://github.com/wa52/ai-customer-service/tree/main/data,synthetic_demo,false
DEMO-IMAGE-4246,necklace,synthetic_demo,Synthetic demo metadata,https://github.com/wa52/ai-customer-service/tree/main/data,synthetic_demo,false
DEMO-IMAGE-4247,earring,synthetic_demo,Synthetic demo metadata,https://github.com/wa52/ai-customer-service/tree/main/data,synthetic_demo,false
DEMO-IMAGE-4248,bracelet,synthetic_demo,Synthetic demo metadata,https://github.com/wa52/ai-customer-service/tree/main/data,synthetic_demo,false
DEMO-IMAGE-4249,ring,synthetic_demo,Synthetic demo metadata,https://github.com/wa52/ai-customer-service/tree/main/data,synthetic_demo,false
DEMO-IMAGE-4250,necklace,synthetic_demo,Synthetic demo metadata,https://github.com/wa52/ai-customer-service/tree/main/data,synthetic_demo,false
DEMO-IMAGE-4251,earring,synthetic_demo,Synthetic demo metadata,https://github.com/wa52/ai-customer-service/tree/main/data,synthetic_demo,false
DEMO-IMAGE-4252,bracelet,synthetic_demo,Synthetic demo metadata,https://github.com/wa52/ai-customer-service/tree/main/data,synthetic_demo,false
DEMO-IMAGE-4253,ring,synthetic_demo,Synthetic demo metadata,https://github.com/wa52/ai-customer-service/tree/main/data,synthetic_demo,false
DEMO-IMAGE-4254,necklace,synthetic_demo,Synthetic demo metadata,https://github.com/wa52/ai-customer-service/tree/main/data,synthetic_demo,false
DEMO-IMAGE-4255,earring,synthetic_demo,Synthetic demo metadata,https://github.com/wa52/ai-customer-service/tree/main/data,synthetic_demo,false
DEMO-IMAGE-4256,bracelet,synthetic_demo,Synthetic demo metadata,https://github.com/wa52/ai-customer-service/tree/main/data,synthetic_demo,false
DEMO-IMAGE-4257,ring,synthetic_demo,Synthetic demo metadata,https://github.com/wa52/ai-customer-service/tree/main/data,synthetic_demo,false
DEMO-IMAGE-4258,necklace,synthetic_demo,Synthetic demo metadata,https://github.com/wa52/ai-customer-service/tree/main/data,synthetic_demo,false
DEMO-IMAGE-4259,earring,synthetic_demo,Synthetic demo metadata,https://github.com/wa52/ai-customer-service/tree/main/data,synthetic_demo,false
DEMO-IMAGE-4260,bracelet,synthetic_demo,Synthetic demo metadata,https://github.com/wa52/ai-customer-service/tree/main/data,synthetic_demo,false
DEMO-IMAGE-4261,ring,synthetic_demo,Synthetic demo metadata,https://github.com/wa52/ai-customer-service/tree/main/data,synthetic_demo,false
DEMO-IMAGE-4262,necklace,synthetic_demo,Synthetic demo metadata,https://github.com/wa52/ai-customer-service/tree/main/data,synthetic_demo,false
DEMO-IMAGE-4263,earring,synthetic_demo,Synthetic demo metadata,https://github.com/wa52/ai-customer-service/tree/main/data,synthetic_demo,false
DEMO-IMAGE-4264,bracelet,synthetic_demo,Synthetic demo metadata,https://github.com/wa52/ai-customer-service/tree/main/data,synthetic_demo,false
DEMO-IMAGE-4265,ring,synthetic_demo,Synthetic demo metadata,https://github.com/wa52/ai-customer-service/tree/main/data,synthetic_demo,false
DEMO-IMAGE-4266,necklace,synthetic_demo,Synthetic demo metadata,https://github.com/wa52/ai-customer-service/tree/main/data,synthetic_demo,false
DEMO-IMAGE-4267,earring,synthetic_demo,Synthetic demo metadata,https://github.com/wa52/ai-customer-service/tree/main/data,synthetic_demo,false
DEMO-IMAGE-4268,bracelet,synthetic_demo,Synthetic demo metadata,https://github.com/wa52/ai-customer-service/tree/main/data,synthetic_demo,false
DEMO-IMAGE-4269,ring,synthetic_demo,Synthetic demo metadata,https://github.com/wa52/ai-customer-service/tree/main/data,synthetic_demo,false
DEMO-IMAGE-4270,necklace,synthetic_demo,Synthetic demo metadata,https://github.com/wa52/ai-customer-service/tree/main/data,synthetic_demo,false
DEMO-IMAGE-4271,earring,synthetic_demo,Synthetic demo metadata,https://github.com/wa52/ai-customer-service/tree/main/data,synthetic_demo,false
DEMO-IMAGE-4272,bracelet,synthetic_demo,Synthetic demo metadata,https://github.com/wa52/ai-customer-service/tree/main/data,synthetic_demo,false
DEMO-IMAGE-4273,ring,synthetic_demo,Synthetic demo metadata,https://github.com/wa52/ai-customer-service/tree/main/data,synthetic_demo,false
DEMO-IMAGE-4274,necklace,synthetic_demo,Synthetic demo metadata,https://github.com/wa52/ai-customer-service/tree/main/data,synthetic_demo,false
DEMO-IMAGE-4275,earring,synthetic_demo,Synthetic demo metadata,https://github.com/wa52/ai-customer-service/tree/main/data,synthetic_demo,false
DEMO-IMAGE-4276,bracelet,synthetic_demo,Synthetic demo metadata,https://github.com/wa52/ai-customer-service/tree/main/data,synthetic_demo,false
DEMO-IMAGE-4277,ring,synthetic_demo,Synthetic demo metadata,https://github.com/wa52/ai-customer-service/tree/main/data,synthetic_demo,false
DEMO-IMAGE-4278,necklace,synthetic_demo,Synthetic demo metadata,https://github.com/wa52/ai-customer-service/tree/main/data,synthetic_demo,false
DEMO-IMAGE-4279,earring,synthetic_demo,Synthetic demo metadata,https://github.com/wa52/ai-customer-service/tree/main/data,synthetic_demo,false
DEMO-IMAGE-4280,bracelet,synthetic_demo,Synthetic demo metadata,https://github.com/wa52/ai-customer-service/tree/main/data,synthetic_demo,false
DEMO-IMAGE-4281,ring,synthetic_demo,Synthetic demo metadata,https://github.com/wa52/ai-customer-service/tree/main/data,synthetic_demo,false
DEMO-IMAGE-4282,necklace,synthetic_demo,Synthetic demo metadata,https://github.com/wa52/ai-customer-service/tree/main/data,synthetic_demo,false
DEMO-IMAGE-4283,earring,synthetic_demo,Synthetic demo metadata,https://github.com/wa52/ai-customer-service/tree/main/data,synthetic_demo,false
DEMO-IMAGE-4284,bracelet,synthetic_demo,Synthetic demo metadata,https://github.com/wa52/ai-customer-service/tree/main/data,synthetic_demo,false
DEMO-IMAGE-4285,ring,synthetic_demo,Synthetic demo metadata,https://github.com/wa52/ai-customer-service/tree/main/data,synthetic_demo,false
DEMO-IMAGE-4286,necklace,synthetic_demo,Synthetic demo metadata,https://github.com/wa52/ai-customer-service/tree/main/data,synthetic_demo,false
DEMO-IMAGE-4287,earring,synthetic_demo,Synthetic demo metadata,https://github.com/wa52/ai-customer-service/tree/main/data,synthetic_demo,false
DEMO-IMAGE-4288,bracelet,synthetic_demo,Synthetic demo metadata,https://github.com/wa52/ai-customer-service/tree/main/data,synthetic_demo,false
DEMO-IMAGE-4289,ring,synthetic_demo,Synthetic demo metadata,https://github.com/wa52/ai-customer-service/tree/main/data,synthetic_demo,false
DEMO-IMAGE-4290,necklace,synthetic_demo,Synthetic demo metadata,https://github.com/wa52/ai-customer-service/tree/main/data,synthetic_demo,false
DEMO-IMAGE-4291,earring,synthetic_demo,Synthetic demo metadata,https://github.com/wa52/ai-customer-service/tree/main/data,synthetic_demo,false
DEMO-IMAGE-4292,bracelet,synthetic_demo,Synthetic demo metadata,https://github.com/wa52/ai-customer-service/tree/main/data,synthetic_demo,false
DEMO-IMAGE-4293,ring,synthetic_demo,Synthetic demo metadata,https://github.com/wa52/ai-customer-service/tree/main/data,synthetic_demo,false
DEMO-IMAGE-4294,necklace,synthetic_demo,Synthetic demo metadata,https://github.com/wa52/ai-customer-service/tree/main/data,synthetic_demo,false
DEMO-IMAGE-4295,earring,synthetic_demo,Synthetic demo metadata,https://github.com/wa52/ai-customer-service/tree/main/data,synthetic_demo,false
DEMO-IMAGE-4296,bracelet,synthetic_demo,Synthetic demo metadata,https://github.com/wa52/ai-customer-service/tree/main/data,synthetic_demo,false
DEMO-IMAGE-4297,ring,synthetic_demo,Synthetic demo metadata,https://github.com/wa52/ai-customer-service/tree/main/data,synthetic_demo,false
DEMO-IMAGE-4298,necklace,synthetic_demo,Synthetic demo metadata,https://github.com/wa52/ai-customer-service/tree/main/data,synthetic_demo,false
DEMO-IMAGE-4299,earring,synthetic_demo,Synthetic demo metadata,https://github.com/wa52/ai-customer-service/tree/main/data,synthetic_demo,false
DEMO-IMAGE-4300,bracelet,synthetic_demo,Synthetic demo metadata,https://github.com/wa52/ai-customer-service/tree/main/data,synthetic_demo,false
DEMO-IMAGE-4301,ring,synthetic_demo,Synthetic demo metadata,https://github.com/wa52/ai-customer-service/tree/main/data,synthetic_demo,false
DEMO-IMAGE-4302,necklace,synthetic_demo,Synthetic demo metadata,https://github.com/wa52/ai-customer-service/tree/main/data,synthetic_demo,false
DEMO-IMAGE-4303,earring,synthetic_demo,Synthetic demo metadata,https://github.com/wa52/ai-customer-service/tree/main/data,synthetic_demo,false
DEMO-IMAGE-4304,bracelet,synthetic_demo,Synthetic demo metadata,https://github.com/wa52/ai-customer-service/tree/main/data,synthetic_demo,false
DEMO-IMAGE-4305,ring,synthetic_demo,Synthetic demo metadata,https://github.com/wa52/ai-customer-service/tree/main/data,synthetic_demo,false
DEMO-IMAGE-4306,necklace,synthetic_demo,Synthetic demo metadata,https://github.com/wa52/ai-customer-service/tree/main/data,synthetic_demo,false
DEMO-IMAGE-4307,earring,synthetic_demo,Synthetic demo metadata,https://github.com/wa52/ai-customer-service/tree/main/data,synthetic_demo,false
DEMO-IMAGE-4308,bracelet,synthetic_demo,Synthetic demo metadata,https://github.com/wa52/ai-customer-service/tree/main/data,synthetic_demo,false
DEMO-IMAGE-4309,ring,synthetic_demo,Synthetic demo metadata,https://github.com/wa52/ai-customer-service/tree/main/data,synthetic_demo,false
DEMO-IMAGE-4310,necklace,synthetic_demo,Synthetic demo metadata,https://github.com/wa52/ai-customer-service/tree/main/data,synthetic_demo,false
DEMO-IMAGE-4311,earring,synthetic_demo,Synthetic demo metadata,https://github.com/wa52/ai-customer-service/tree/main/data,synthetic_demo,false
DEMO-IMAGE-4312,bracelet,synthetic_demo,Synthetic demo metadata,https://github.com/wa52/ai-customer-service/tree/main/data,synthetic_demo,false
DEMO-IMAGE-4313,ring,synthetic_demo,Synthetic demo metadata,https://github.com/wa52/ai-customer-service/tree/main/data,synthetic_demo,false
DEMO-IMAGE-4314,necklace,synthetic_demo,Synthetic demo metadata,https://github.com/wa52/ai-customer-service/tree/main/data,synthetic_demo,false
DEMO-IMAGE-4315,earring,synthetic_demo,Synthetic demo metadata,https://github.com/wa52/ai-customer-service/tree/main/data,synthetic_demo,false
DEMO-IMAGE-4316,bracelet,synthetic_demo,Synthetic demo metadata,https://github.com/wa52/ai-customer-service/tree/main/data,synthetic_demo,false
DEMO-IMAGE-4317,ring,synthetic_demo,Synthetic demo metadata,https://github.com/wa52/ai-customer-service/tree/main/data,synthetic_demo,false
DEMO-IMAGE-4318,necklace,synthetic_demo,Synthetic demo metadata,https://github.com/wa52/ai-customer-service/tree/main/data,synthetic_demo,false
DEMO-IMAGE-4319,earring,synthetic_demo,Synthetic demo metadata,https://github.com/wa52/ai-customer-service/tree/main/data,synthetic_demo,false
DEMO-IMAGE-4320,bracelet,synthetic_demo,Synthetic demo metadata,https://github.com/wa52/ai-customer-service/tree/main/data,synthetic_demo,false
DEMO-IMAGE-4321,ring,synthetic_demo,Synthetic demo metadata,https://github.com/wa52/ai-customer-service/tree/main/data,synthetic_demo,false
DEMO-IMAGE-4322,necklace,synthetic_demo,Synthetic demo metadata,https://github.com/wa52/ai-customer-service/tree/main/data,synthetic_demo,false
DEMO-IMAGE-4323,earring,synthetic_demo,Synthetic demo metadata,https://github.com/wa52/ai-customer-service/tree/main/data,synthetic_demo,false
DEMO-IMAGE-4324,bracelet,synthetic_demo,Synthetic demo metadata,https://github.com/wa52/ai-customer-service/tree/main/data,synthetic_demo,false
DEMO-IMAGE-4325,ring,synthetic_demo,Synthetic demo metadata,https://github.com/wa52/ai-customer-service/tree/main/data,synthetic_demo,false
DEMO-IMAGE-4326,necklace,synthetic_demo,Synthetic demo metadata,https://github.com/wa52/ai-customer-service/tree/main/data,synthetic_demo,false
DEMO-IMAGE-4327,earring,synthetic_demo,Synthetic demo metadata,https://github.com/wa52/ai-customer-service/tree/main/data,synthetic_demo,false
DEMO-IMAGE-4328,bracelet,synthetic_demo,Synthetic demo metadata,https://github.com/wa52/ai-customer-service/tree/main/data,synthetic_demo,false
DEMO-IMAGE-4329,ring,synthetic_demo,Synthetic demo metadata,https://github.com/wa52/ai-customer-service/tree/main/data,synthetic_demo,false
DEMO-IMAGE-4330,necklace,synthetic_demo,Synthetic demo metadata,https://github.com/wa52/ai-customer-service/tree/main/data,synthetic_demo,false
DEMO-IMAGE-4331,earring,synthetic_demo,Synthetic demo metadata,https://github.com/wa52/ai-customer-service/tree/main/data,synthetic_demo,false
DEMO-IMAGE-4332,bracelet,synthetic_demo,Synthetic demo metadata,https://github.com/wa52/ai-customer-service/tree/main/data,synthetic_demo,false
DEMO-IMAGE-4333,ring,synthetic_demo,Synthetic demo metadata,https://github.com/wa52/ai-customer-service/tree/main/data,synthetic_demo,false
DEMO-IMAGE-4334,necklace,synthetic_demo,Synthetic demo metadata,https://github.com/wa52/ai-customer-service/tree/main/data,synthetic_demo,false
DEMO-IMAGE-4335,earring,synthetic_demo,Synthetic demo metadata,https://github.com/wa52/ai-customer-service/tree/main/data,synthetic_demo,false
DEMO-IMAGE-4336,bracelet,synthetic_demo,Synthetic demo metadata,https://github.com/wa52/ai-customer-service/tree/main/data,synthetic_demo,false
DEMO-IMAGE-4337,ring,synthetic_demo,Synthetic demo metadata,https://github.com/wa52/ai-customer-service/tree/main/data,synthetic_demo,false
DEMO-IMAGE-4338,necklace,synthetic_demo,Synthetic demo metadata,https://github.com/wa52/ai-customer-service/tree/main/data,synthetic_demo,false
DEMO-IMAGE-4339,earring,synthetic_demo,Synthetic demo metadata,https://github.com/wa52/ai-customer-service/tree/main/data,synthetic_demo,false
DEMO-IMAGE-4340,bracelet,synthetic_demo,Synthetic demo metadata,https://github.com/wa52/ai-customer-service/tree/main/data,synthetic_demo,false
DEMO-IMAGE-4341,ring,synthetic_demo,Synthetic demo metadata,https://github.com/wa52/ai-customer-service/tree/main/data,synthetic_demo,false
DEMO-IMAGE-4342,necklace,synthetic_demo,Synthetic demo metadata,https://github.com/wa52/ai-customer-service/tree/main/data,synthetic_demo,false
DEMO-IMAGE-4343,earring,synthetic_demo,Synthetic demo metadata,https://github.com/wa52/ai-customer-service/tree/main/data,synthetic_demo,false
DEMO-IMAGE-4344,bracelet,synthetic_demo,Synthetic demo metadata,https://github.com/wa52/ai-customer-service/tree/main/data,synthetic_demo,false
DEMO-IMAGE-4345,ring,synthetic_demo,Synthetic demo metadata,https://github.com/wa52/ai-customer-service/tree/main/data,synthetic_demo,false
DEMO-IMAGE-4346,necklace,synthetic_demo,Synthetic demo metadata,https://github.com/wa52/ai-customer-service/tree/main/data,synthetic_demo,false
DEMO-IMAGE-4347,earring,synthetic_demo,Synthetic demo metadata,https://github.com/wa52/ai-customer-service/tree/main/data,synthetic_demo,false
DEMO-IMAGE-4348,bracelet,synthetic_demo,Synthetic demo metadata,https://github.com/wa52/ai-customer-service/tree/main/data,synthetic_demo,false
DEMO-IMAGE-4349,ring,synthetic_demo,Synthetic demo metadata,https://github.com/wa52/ai-customer-service/tree/main/data,synthetic_demo,false
DEMO-IMAGE-4350,necklace,synthetic_demo,Synthetic demo metadata,https://github.com/wa52/ai-customer-service/tree/main/data,synthetic_demo,false
DEMO-IMAGE-4351,earring,synthetic_demo,Synthetic demo metadata,https://github.com/wa52/ai-customer-service/tree/main/data,synthetic_demo,false
DEMO-IMAGE-4352,bracelet,synthetic_demo,Synthetic demo metadata,https://github.com/wa52/ai-customer-service/tree/main/data,synthetic_demo,false
DEMO-IMAGE-4353,ring,synthetic_demo,Synthetic demo metadata,https://github.com/wa52/ai-customer-service/tree/main/data,synthetic_demo,false
DEMO-IMAGE-4354,necklace,synthetic_demo,Synthetic demo metadata,https://github.com/wa52/ai-customer-service/tree/main/data,synthetic_demo,false
DEMO-IMAGE-4355,earring,synthetic_demo,Synthetic demo metadata,https://github.com/wa52/ai-customer-service/tree/main/data,synthetic_demo,false
DEMO-IMAGE-4356,bracelet,synthetic_demo,Synthetic demo metadata,https://github.com/wa52/ai-customer-service/tree/main/data,synthetic_demo,false
DEMO-IMAGE-4357,ring,synthetic_demo,Synthetic demo metadata,https://github.com/wa52/ai-customer-service/tree/main/data,synthetic_demo,false
DEMO-IMAGE-4358,necklace,synthetic_demo,Synthetic demo metadata,https://github.com/wa52/ai-customer-service/tree/main/data,synthetic_demo,false
DEMO-IMAGE-4359,earring,synthetic_demo,Synthetic demo metadata,https://github.com/wa52/ai-customer-service/tree/main/data,synthetic_demo,false
DEMO-IMAGE-4360,bracelet,synthetic_demo,Synthetic demo metadata,https://github.com/wa52/ai-customer-service/tree/main/data,synthetic_demo,false
DEMO-IMAGE-4361,ring,synthetic_demo,Synthetic demo metadata,https://github.com/wa52/ai-customer-service/tree/main/data,synthetic_demo,false
DEMO-IMAGE-4362,necklace,synthetic_demo,Synthetic demo metadata,https://github.com/wa52/ai-customer-service/tree/main/data,synthetic_demo,false
DEMO-IMAGE-4363,earring,synthetic_demo,Synthetic demo metadata,https://github.com/wa52/ai-customer-service/tree/main/data,synthetic_demo,false
DEMO-IMAGE-4364,bracelet,synthetic_demo,Synthetic demo metadata,https://github.com/wa52/ai-customer-service/tree/main/data,synthetic_demo,false
DEMO-IMAGE-4365,ring,synthetic_demo,Synthetic demo metadata,https://github.com/wa52/ai-customer-service/tree/main/data,synthetic_demo,false
DEMO-IMAGE-4366,necklace,synthetic_demo,Synthetic demo metadata,https://github.com/wa52/ai-customer-service/tree/main/data,synthetic_demo,false
DEMO-IMAGE-4367,earring,synthetic_demo,Synthetic demo metadata,https://github.com/wa52/ai-customer-service/tree/main/data,synthetic_demo,false
DEMO-IMAGE-4368,bracelet,synthetic_demo,Synthetic demo metadata,https://github.com/wa52/ai-customer-service/tree/main/data,synthetic_demo,false
DEMO-IMAGE-4369,ring,synthetic_demo,Synthetic demo metadata,https://github.com/wa52/ai-customer-service/tree/main/data,synthetic_demo,false
DEMO-IMAGE-4370,necklace,synthetic_demo,Synthetic demo metadata,https://github.com/wa52/ai-customer-service/tree/main/data,synthetic_demo,false
DEMO-IMAGE-4371,earring,synthetic_demo,Synthetic demo metadata,https://github.com/wa52/ai-customer-service/tree/main/data,synthetic_demo,false
DEMO-IMAGE-4372,bracelet,synthetic_demo,Synthetic demo metadata,https://github.com/wa52/ai-customer-service/tree/main/data,synthetic_demo,false
DEMO-IMAGE-4373,ring,synthetic_demo,Synthetic demo metadata,https://github.com/wa52/ai-customer-service/tree/main/data,synthetic_demo,false
DEMO-IMAGE-4374,necklace,synthetic_demo,Synthetic demo metadata,https://github.com/wa52/ai-customer-service/tree/main/data,synthetic_demo,false
DEMO-IMAGE-4375,earring,synthetic_demo,Synthetic demo metadata,https://github.com/wa52/ai-customer-service/tree/main/data,synthetic_demo,false
DEMO-IMAGE-4376,bracelet,synthetic_demo,Synthetic demo metadata,https://github.com/wa52/ai-customer-service/tree/main/data,synthetic_demo,false
DEMO-IMAGE-4377,ring,synthetic_demo,Synthetic demo metadata,https://github.com/wa52/ai-customer-service/tree/main/data,synthetic_demo,false
DEMO-IMAGE-4378,necklace,synthetic_demo,Synthetic demo metadata,https://github.com/wa52/ai-customer-service/tree/main/data,synthetic_demo,false
DEMO-IMAGE-4379,earring,synthetic_demo,Synthetic demo metadata,https://github.com/wa52/ai-customer-service/tree/main/data,synthetic_demo,false
DEMO-IMAGE-4380,bracelet,synthetic_demo,Synthetic demo metadata,https://github.com/wa52/ai-customer-service/tree/main/data,synthetic_demo,false
DEMO-IMAGE-4381,ring,synthetic_demo,Synthetic demo metadata,https://github.com/wa52/ai-customer-service/tree/main/data,synthetic_demo,false
DEMO-IMAGE-4382,necklace,synthetic_demo,Synthetic demo metadata,https://github.com/wa52/ai-customer-service/tree/main/data,synthetic_demo,false
DEMO-IMAGE-4383,earring,synthetic_demo,Synthetic demo metadata,https://github.com/wa52/ai-customer-service/tree/main/data,synthetic_demo,false
DEMO-IMAGE-4384,bracelet,synthetic_demo,Synthetic demo metadata,https://github.com/wa52/ai-customer-service/tree/main/data,synthetic_demo,false
DEMO-IMAGE-4385,ring,synthetic_demo,Synthetic demo metadata,https://github.com/wa52/ai-customer-service/tree/main/data,synthetic_demo,false
DEMO-IMAGE-4386,necklace,synthetic_demo,Synthetic demo metadata,https://github.com/wa52/ai-customer-service/tree/main/data,synthetic_demo,false
DEMO-IMAGE-4387,earring,synthetic_demo,Synthetic demo metadata,https://github.com/wa52/ai-customer-service/tree/main/data,synthetic_demo,false
DEMO-IMAGE-4388,bracelet,synthetic_demo,Synthetic demo metadata,https://github.com/wa52/ai-customer-service/tree/main/data,synthetic_demo,false
DEMO-IMAGE-4389,ring,synthetic_demo,Synthetic demo metadata,https://github.com/wa52/ai-customer-service/tree/main/data,synthetic_demo,false
DEMO-IMAGE-4390,necklace,synthetic_demo,Synthetic demo metadata,https://github.com/wa52/ai-customer-service/tree/main/data,synthetic_demo,false
DEMO-IMAGE-4391,earring,synthetic_demo,Synthetic demo metadata,https://github.com/wa52/ai-customer-service/tree/main/data,synthetic_demo,false
DEMO-IMAGE-4392,bracelet,synthetic_demo,Synthetic demo metadata,https://github.com/wa52/ai-customer-service/tree/main/data,synthetic_demo,false
DEMO-IMAGE-4393,ring,synthetic_demo,Synthetic demo metadata,https://github.com/wa52/ai-customer-service/tree/main/data,synthetic_demo,false
DEMO-IMAGE-4394,necklace,synthetic_demo,Synthetic demo metadata,https://github.com/wa52/ai-customer-service/tree/main/data,synthetic_demo,false
DEMO-IMAGE-4395,earring,synthetic_demo,Synthetic demo metadata,https://github.com/wa52/ai-customer-service/tree/main/data,synthetic_demo,false
DEMO-IMAGE-4396,bracelet,synthetic_demo,Synthetic demo metadata,https://github.com/wa52/ai-customer-service/tree/main/data,synthetic_demo,false
DEMO-IMAGE-4397,ring,synthetic_demo,Synthetic demo metadata,https://github.com/wa52/ai-customer-service/tree/main/data,synthetic_demo,false
DEMO-IMAGE-4398,necklace,synthetic_demo,Synthetic demo metadata,https://github.com/wa52/ai-customer-service/tree/main/data,synthetic_demo,false
DEMO-IMAGE-4399,earring,synthetic_demo,Synthetic demo metadata,https://github.com/wa52/ai-customer-service/tree/main/data,synthetic_demo,false
DEMO-IMAGE-4400,bracelet,synthetic_demo,Synthetic demo metadata,https://github.com/wa52/ai-customer-service/tree/main/data,synthetic_demo,false
DEMO-IMAGE-4401,ring,synthetic_demo,Synthetic demo metadata,https://github.com/wa52/ai-customer-service/tree/main/data,synthetic_demo,false
DEMO-IMAGE-4402,necklace,synthetic_demo,Synthetic demo metadata,https://github.com/wa52/ai-customer-service/tree/main/data,synthetic_demo,false
DEMO-IMAGE-4403,earring,synthetic_demo,Synthetic demo metadata,https://github.com/wa52/ai-customer-service/tree/main/data,synthetic_demo,false
DEMO-IMAGE-4404,bracelet,synthetic_demo,Synthetic demo metadata,https://github.com/wa52/ai-customer-service/tree/main/data,synthetic_demo,false
DEMO-IMAGE-4405,ring,synthetic_demo,Synthetic demo metadata,https://github.com/wa52/ai-customer-service/tree/main/data,synthetic_demo,false
DEMO-IMAGE-4406,necklace,synthetic_demo,Synthetic demo metadata,https://github.com/wa52/ai-customer-service/tree/main/data,synthetic_demo,false
DEMO-IMAGE-4407,earring,synthetic_demo,Synthetic demo metadata,https://github.com/wa52/ai-customer-service/tree/main/data,synthetic_demo,false
DEMO-IMAGE-4408,bracelet,synthetic_demo,Synthetic demo metadata,https://github.com/wa52/ai-customer-service/tree/main/data,synthetic_demo,false
DEMO-IMAGE-4409,ring,synthetic_demo,Synthetic demo metadata,https://github.com/wa52/ai-customer-service/tree/main/data,synthetic_demo,false
DEMO-IMAGE-4410,necklace,synthetic_demo,Synthetic demo metadata,https://github.com/wa52/ai-customer-service/tree/main/data,synthetic_demo,false
DEMO-IMAGE-4411,earring,synthetic_demo,Synthetic demo metadata,https://github.com/wa52/ai-customer-service/tree/main/data,synthetic_demo,false
DEMO-IMAGE-4412,bracelet,synthetic_demo,Synthetic demo metadata,https://github.com/wa52/ai-customer-service/tree/main/data,synthetic_demo,false
DEMO-IMAGE-4413,ring,synthetic_demo,Synthetic demo metadata,https://github.com/wa52/ai-customer-service/tree/main/data,synthetic_demo,false
DEMO-IMAGE-4414,necklace,synthetic_demo,Synthetic demo metadata,https://github.com/wa52/ai-customer-service/tree/main/data,synthetic_demo,false
DEMO-IMAGE-4415,earring,synthetic_demo,Synthetic demo metadata,https://github.com/wa52/ai-customer-service/tree/main/data,synthetic_demo,false
DEMO-IMAGE-4416,bracelet,synthetic_demo,Synthetic demo metadata,https://github.com/wa52/ai-customer-service/tree/main/data,synthetic_demo,false
DEMO-IMAGE-4417,ring,synthetic_demo,Synthetic demo metadata,https://github.com/wa52/ai-customer-service/tree/main/data,synthetic_demo,false
DEMO-IMAGE-4418,necklace,synthetic_demo,Synthetic demo metadata,https://github.com/wa52/ai-customer-service/tree/main/data,synthetic_demo,false
DEMO-IMAGE-4419,earring,synthetic_demo,Synthetic demo metadata,https://github.com/wa52/ai-customer-service/tree/main/data,synthetic_demo,false
DEMO-IMAGE-4420,bracelet,synthetic_demo,Synthetic demo metadata,https://github.com/wa52/ai-customer-service/tree/main/data,synthetic_demo,false
DEMO-IMAGE-4421,ring,synthetic_demo,Synthetic demo metadata,https://github.com/wa52/ai-customer-service/tree/main/data,synthetic_demo,false
DEMO-IMAGE-4422,necklace,synthetic_demo,Synthetic demo metadata,https://github.com/wa52/ai-customer-service/tree/main/data,synthetic_demo,false
DEMO-IMAGE-4423,earring,synthetic_demo,Synthetic demo metadata,https://github.com/wa52/ai-customer-service/tree/main/data,synthetic_demo,false
DEMO-IMAGE-4424,bracelet,synthetic_demo,Synthetic demo metadata,https://github.com/wa52/ai-customer-service/tree/main/data,synthetic_demo,false
DEMO-IMAGE-4425,ring,synthetic_demo,Synthetic demo metadata,https://github.com/wa52/ai-customer-service/tree/main/data,synthetic_demo,false
DEMO-IMAGE-4426,necklace,synthetic_demo,Synthetic demo metadata,https://github.com/wa52/ai-customer-service/tree/main/data,synthetic_demo,false
DEMO-IMAGE-4427,earring,synthetic_demo,Synthetic demo metadata,https://github.com/wa52/ai-customer-service/tree/main/data,synthetic_demo,false
DEMO-IMAGE-4428,bracelet,synthetic_demo,Synthetic demo metadata,https://github.com/wa52/ai-customer-service/tree/main/data,synthetic_demo,false
DEMO-IMAGE-4429,ring,synthetic_demo,Synthetic demo metadata,https://github.com/wa52/ai-customer-service/tree/main/data,synthetic_demo,false
DEMO-IMAGE-4430,necklace,synthetic_demo,Synthetic demo metadata,https://github.com/wa52/ai-customer-service/tree/main/data,synthetic_demo,false
DEMO-IMAGE-4431,earring,synthetic_demo,Synthetic demo metadata,https://github.com/wa52/ai-customer-service/tree/main/data,synthetic_demo,false
DEMO-IMAGE-4432,bracelet,synthetic_demo,Synthetic demo metadata,https://github.com/wa52/ai-customer-service/tree/main/data,synthetic_demo,false
DEMO-IMAGE-4433,ring,synthetic_demo,Synthetic demo metadata,https://github.com/wa52/ai-customer-service/tree/main/data,synthetic_demo,false
DEMO-IMAGE-4434,necklace,synthetic_demo,Synthetic demo metadata,https://github.com/wa52/ai-customer-service/tree/main/data,synthetic_demo,false
DEMO-IMAGE-4435,earring,synthetic_demo,Synthetic demo metadata,https://github.com/wa52/ai-customer-service/tree/main/data,synthetic_demo,false
DEMO-IMAGE-4436,bracelet,synthetic_demo,Synthetic demo metadata,https://github.com/wa52/ai-customer-service/tree/main/data,synthetic_demo,false
DEMO-IMAGE-4437,ring,synthetic_demo,Synthetic demo metadata,https://github.com/wa52/ai-customer-service/tree/main/data,synthetic_demo,false
DEMO-IMAGE-4438,necklace,synthetic_demo,Synthetic demo metadata,https://github.com/wa52/ai-customer-service/tree/main/data,synthetic_demo,false
DEMO-IMAGE-4439,earring,synthetic_demo,Synthetic demo metadata,https://github.com/wa52/ai-customer-service/tree/main/data,synthetic_demo,false
DEMO-IMAGE-4440,bracelet,synthetic_demo,Synthetic demo metadata,https://github.com/wa52/ai-customer-service/tree/main/data,synthetic_demo,false
DEMO-IMAGE-4441,ring,synthetic_demo,Synthetic demo metadata,https://github.com/wa52/ai-customer-service/tree/main/data,synthetic_demo,false
DEMO-IMAGE-4442,necklace,synthetic_demo,Synthetic demo metadata,https://github.com/wa52/ai-customer-service/tree/main/data,synthetic_demo,false
DEMO-IMAGE-4443,earring,synthetic_demo,Synthetic demo metadata,https://github.com/wa52/ai-customer-service/tree/main/data,synthetic_demo,false
DEMO-IMAGE-4444,bracelet,synthetic_demo,Synthetic demo metadata,https://github.com/wa52/ai-customer-service/tree/main/data,synthetic_demo,false
DEMO-IMAGE-4445,ring,synthetic_demo,Synthetic demo metadata,https://github.com/wa52/ai-customer-service/tree/main/data,synthetic_demo,false
DEMO-IMAGE-4446,necklace,synthetic_demo,Synthetic demo metadata,https://github.com/wa52/ai-customer-service/tree/main/data,synthetic_demo,false
DEMO-IMAGE-4447,earring,synthetic_demo,Synthetic demo metadata,https://github.com/wa52/ai-customer-service/tree/main/data,synthetic_demo,false
DEMO-IMAGE-4448,bracelet,synthetic_demo,Synthetic demo metadata,https://github.com/wa52/ai-customer-service/tree/main/data,synthetic_demo,false
DEMO-IMAGE-4449,ring,synthetic_demo,Synthetic demo metadata,https://github.com/wa52/ai-customer-service/tree/main/data,synthetic_demo,false
DEMO-IMAGE-4450,necklace,synthetic_demo,Synthetic demo metadata,https://github.com/wa52/ai-customer-service/tree/main/data,synthetic_demo,false
DEMO-IMAGE-4451,earring,synthetic_demo,Synthetic demo metadata,https://github.com/wa52/ai-customer-service/tree/main/data,synthetic_demo,false
DEMO-IMAGE-4452,bracelet,synthetic_demo,Synthetic demo metadata,https://github.com/wa52/ai-customer-service/tree/main/data,synthetic_demo,false
DEMO-IMAGE-4453,ring,synthetic_demo,Synthetic demo metadata,https://github.com/wa52/ai-customer-service/tree/main/data,synthetic_demo,false
DEMO-IMAGE-4454,necklace,synthetic_demo,Synthetic demo metadata,https://github.com/wa52/ai-customer-service/tree/main/data,synthetic_demo,false
DEMO-IMAGE-4455,earring,synthetic_demo,Synthetic demo metadata,https://github.com/wa52/ai-customer-service/tree/main/data,synthetic_demo,false
DEMO-IMAGE-4456,bracelet,synthetic_demo,Synthetic demo metadata,https://github.com/wa52/ai-customer-service/tree/main/data,synthetic_demo,false
DEMO-IMAGE-4457,ring,synthetic_demo,Synthetic demo metadata,https://github.com/wa52/ai-customer-service/tree/main/data,synthetic_demo,false
DEMO-IMAGE-4458,necklace,synthetic_demo,Synthetic demo metadata,https://github.com/wa52/ai-customer-service/tree/main/data,synthetic_demo,false
DEMO-IMAGE-4459,earring,synthetic_demo,Synthetic demo metadata,https://github.com/wa52/ai-customer-service/tree/main/data,synthetic_demo,false
DEMO-IMAGE-4460,bracelet,synthetic_demo,Synthetic demo metadata,https://github.com/wa52/ai-customer-service/tree/main/data,synthetic_demo,false
DEMO-IMAGE-4461,ring,synthetic_demo,Synthetic demo metadata,https://github.com/wa52/ai-customer-service/tree/main/data,synthetic_demo,false
DEMO-IMAGE-4462,necklace,synthetic_demo,Synthetic demo metadata,https://github.com/wa52/ai-customer-service/tree/main/data,synthetic_demo,false
DEMO-IMAGE-4463,earring,synthetic_demo,Synthetic demo metadata,https://github.com/wa52/ai-customer-service/tree/main/data,synthetic_demo,false
DEMO-IMAGE-4464,bracelet,synthetic_demo,Synthetic demo metadata,https://github.com/wa52/ai-customer-service/tree/main/data,synthetic_demo,false
DEMO-IMAGE-4465,ring,synthetic_demo,Synthetic demo metadata,https://github.com/wa52/ai-customer-service/tree/main/data,synthetic_demo,false
DEMO-IMAGE-4466,necklace,synthetic_demo,Synthetic demo metadata,https://github.com/wa52/ai-customer-service/tree/main/data,synthetic_demo,false
DEMO-IMAGE-4467,earring,synthetic_demo,Synthetic demo metadata,https://github.com/wa52/ai-customer-service/tree/main/data,synthetic_demo,false
DEMO-IMAGE-4468,bracelet,synthetic_demo,Synthetic demo metadata,https://github.com/wa52/ai-customer-service/tree/main/data,synthetic_demo,false
DEMO-IMAGE-4469,ring,synthetic_demo,Synthetic demo metadata,https://github.com/wa52/ai-customer-service/tree/main/data,synthetic_demo,false
DEMO-IMAGE-4470,necklace,synthetic_demo,Synthetic demo metadata,https://github.com/wa52/ai-customer-service/tree/main/data,synthetic_demo,false
DEMO-IMAGE-4471,earring,synthetic_demo,Synthetic demo metadata,https://github.com/wa52/ai-customer-service/tree/main/data,synthetic_demo,false
DEMO-IMAGE-4472,bracelet,synthetic_demo,Synthetic demo metadata,https://github.com/wa52/ai-customer-service/tree/main/data,synthetic_demo,false
DEMO-IMAGE-4473,ring,synthetic_demo,Synthetic demo metadata,https://github.com/wa52/ai-customer-service/tree/main/data,synthetic_demo,false
DEMO-IMAGE-4474,necklace,synthetic_demo,Synthetic demo metadata,https://github.com/wa52/ai-customer-service/tree/main/data,synthetic_demo,false
DEMO-IMAGE-4475,earring,synthetic_demo,Synthetic demo metadata,https://github.com/wa52/ai-customer-service/tree/main/data,synthetic_demo,false
DEMO-IMAGE-4476,bracelet,synthetic_demo,Synthetic demo metadata,https://github.com/wa52/ai-customer-service/tree/main/data,synthetic_demo,false
DEMO-IMAGE-4477,ring,synthetic_demo,Synthetic demo metadata,https://github.com/wa52/ai-customer-service/tree/main/data,synthetic_demo,false
DEMO-IMAGE-4478,necklace,synthetic_demo,Synthetic demo metadata,https://github.com/wa52/ai-customer-service/tree/main/data,synthetic_demo,false
DEMO-IMAGE-4479,earring,synthetic_demo,Synthetic demo metadata,https://github.com/wa52/ai-customer-service/tree/main/data,synthetic_demo,false
DEMO-IMAGE-4480,bracelet,synthetic_demo,Synthetic demo metadata,https://github.com/wa52/ai-customer-service/tree/main/data,synthetic_demo,false
DEMO-IMAGE-4481,ring,synthetic_demo,Synthetic demo metadata,https://github.com/wa52/ai-customer-service/tree/main/data,synthetic_demo,false
DEMO-IMAGE-4482,necklace,synthetic_demo,Synthetic demo metadata,https://github.com/wa52/ai-customer-service/tree/main/data,synthetic_demo,false
DEMO-IMAGE-4483,earring,synthetic_demo,Synthetic demo metadata,https://github.com/wa52/ai-customer-service/tree/main/data,synthetic_demo,false
DEMO-IMAGE-4484,bracelet,synthetic_demo,Synthetic demo metadata,https://github.com/wa52/ai-customer-service/tree/main/data,synthetic_demo,false
DEMO-IMAGE-4485,ring,synthetic_demo,Synthetic demo metadata,https://github.com/wa52/ai-customer-service/tree/main/data,synthetic_demo,false
DEMO-IMAGE-4486,necklace,synthetic_demo,Synthetic demo metadata,https://github.com/wa52/ai-customer-service/tree/main/data,synthetic_demo,false
DEMO-IMAGE-4487,earring,synthetic_demo,Synthetic demo metadata,https://github.com/wa52/ai-customer-service/tree/main/data,synthetic_demo,false
DEMO-IMAGE-4488,bracelet,synthetic_demo,Synthetic demo metadata,https://github.com/wa52/ai-customer-service/tree/main/data,synthetic_demo,false
DEMO-IMAGE-4489,ring,synthetic_demo,Synthetic demo metadata,https://github.com/wa52/ai-customer-service/tree/main/data,synthetic_demo,false
DEMO-IMAGE-4490,necklace,synthetic_demo,Synthetic demo metadata,https://github.com/wa52/ai-customer-service/tree/main/data,synthetic_demo,false
DEMO-IMAGE-4491,earring,synthetic_demo,Synthetic demo metadata,https://github.com/wa52/ai-customer-service/tree/main/data,synthetic_demo,false
DEMO-IMAGE-4492,bracelet,synthetic_demo,Synthetic demo metadata,https://github.com/wa52/ai-customer-service/tree/main/data,synthetic_demo,false
DEMO-IMAGE-4493,ring,synthetic_demo,Synthetic demo metadata,https://github.com/wa52/ai-customer-service/tree/main/data,synthetic_demo,false
DEMO-IMAGE-4494,necklace,synthetic_demo,Synthetic demo metadata,https://github.com/wa52/ai-customer-service/tree/main/data,synthetic_demo,false
DEMO-IMAGE-4495,earring,synthetic_demo,Synthetic demo metadata,https://github.com/wa52/ai-customer-service/tree/main/data,synthetic_demo,false
DEMO-IMAGE-4496,bracelet,synthetic_demo,Synthetic demo metadata,https://github.com/wa52/ai-customer-service/tree/main/data,synthetic_demo,false
DEMO-IMAGE-4497,ring,synthetic_demo,Synthetic demo metadata,https://github.com/wa52/ai-customer-service/tree/main/data,synthetic_demo,false
DEMO-IMAGE-4498,necklace,synthetic_demo,Synthetic demo metadata,https://github.com/wa52/ai-customer-service/tree/main/data,synthetic_demo,false
DEMO-IMAGE-4499,earring,synthetic_demo,Synthetic demo metadata,https://github.com/wa52/ai-customer-service/tree/main/data,synthetic_demo,false
DEMO-IMAGE-4500,bracelet,synthetic_demo,Synthetic demo metadata,https://github.com/wa52/ai-customer-service/tree/main/data,synthetic_demo,false
DEMO-IMAGE-4501,ring,synthetic_demo,Synthetic demo metadata,https://github.com/wa52/ai-customer-service/tree/main/data,synthetic_demo,false
DEMO-IMAGE-4502,necklace,synthetic_demo,Synthetic demo metadata,https://github.com/wa52/ai-customer-service/tree/main/data,synthetic_demo,false
DEMO-IMAGE-4503,earring,synthetic_demo,Synthetic demo metadata,https://github.com/wa52/ai-customer-service/tree/main/data,synthetic_demo,false
DEMO-IMAGE-4504,bracelet,synthetic_demo,Synthetic demo metadata,https://github.com/wa52/ai-customer-service/tree/main/data,synthetic_demo,false
DEMO-IMAGE-4505,ring,synthetic_demo,Synthetic demo metadata,https://github.com/wa52/ai-customer-service/tree/main/data,synthetic_demo,false
DEMO-IMAGE-4506,necklace,synthetic_demo,Synthetic demo metadata,https://github.com/wa52/ai-customer-service/tree/main/data,synthetic_demo,false
DEMO-IMAGE-4507,earring,synthetic_demo,Synthetic demo metadata,https://github.com/wa52/ai-customer-service/tree/main/data,synthetic_demo,false
DEMO-IMAGE-4508,bracelet,synthetic_demo,Synthetic demo metadata,https://github.com/wa52/ai-customer-service/tree/main/data,synthetic_demo,false
DEMO-IMAGE-4509,ring,synthetic_demo,Synthetic demo metadata,https://github.com/wa52/ai-customer-service/tree/main/data,synthetic_demo,false
DEMO-IMAGE-4510,necklace,synthetic_demo,Synthetic demo metadata,https://github.com/wa52/ai-customer-service/tree/main/data,synthetic_demo,false
DEMO-IMAGE-4511,earring,synthetic_demo,Synthetic demo metadata,https://github.com/wa52/ai-customer-service/tree/main/data,synthetic_demo,false
DEMO-IMAGE-4512,bracelet,synthetic_demo,Synthetic demo metadata,https://github.com/wa52/ai-customer-service/tree/main/data,synthetic_demo,false
DEMO-IMAGE-4513,ring,synthetic_demo,Synthetic demo metadata,https://github.com/wa52/ai-customer-service/tree/main/data,synthetic_demo,false
DEMO-IMAGE-4514,necklace,synthetic_demo,Synthetic demo metadata,https://github.com/wa52/ai-customer-service/tree/main/data,synthetic_demo,false
DEMO-IMAGE-4515,earring,synthetic_demo,Synthetic demo metadata,https://github.com/wa52/ai-customer-service/tree/main/data,synthetic_demo,false
DEMO-IMAGE-4516,bracelet,synthetic_demo,Synthetic demo metadata,https://github.com/wa52/ai-customer-service/tree/main/data,synthetic_demo,false
DEMO-IMAGE-4517,ring,synthetic_demo,Synthetic demo metadata,https://github.com/wa52/ai-customer-service/tree/main/data,synthetic_demo,false
DEMO-IMAGE-4518,necklace,synthetic_demo,Synthetic demo metadata,https://github.com/wa52/ai-customer-service/tree/main/data,synthetic_demo,false
DEMO-IMAGE-4519,earring,synthetic_demo,Synthetic demo metadata,https://github.com/wa52/ai-customer-service/tree/main/data,synthetic_demo,false
DEMO-IMAGE-4520,bracelet,synthetic_demo,Synthetic demo metadata,https://github.com/wa52/ai-customer-service/tree/main/data,synthetic_demo,false
DEMO-IMAGE-4521,ring,synthetic_demo,Synthetic demo metadata,https://github.com/wa52/ai-customer-service/tree/main/data,synthetic_demo,false
DEMO-IMAGE-4522,necklace,synthetic_demo,Synthetic demo metadata,https://github.com/wa52/ai-customer-service/tree/main/data,synthetic_demo,false
DEMO-IMAGE-4523,earring,synthetic_demo,Synthetic demo metadata,https://github.com/wa52/ai-customer-service/tree/main/data,synthetic_demo,false
DEMO-IMAGE-4524,bracelet,synthetic_demo,Synthetic demo metadata,https://github.com/wa52/ai-customer-service/tree/main/data,synthetic_demo,false
DEMO-IMAGE-4525,ring,synthetic_demo,Synthetic demo metadata,https://github.com/wa52/ai-customer-service/tree/main/data,synthetic_demo,false
DEMO-IMAGE-4526,necklace,synthetic_demo,Synthetic demo metadata,https://github.com/wa52/ai-customer-service/tree/main/data,synthetic_demo,false
DEMO-IMAGE-4527,earring,synthetic_demo,Synthetic demo metadata,https://github.com/wa52/ai-customer-service/tree/main/data,synthetic_demo,false
DEMO-IMAGE-4528,bracelet,synthetic_demo,Synthetic demo metadata,https://github.com/wa52/ai-customer-service/tree/main/data,synthetic_demo,false
DEMO-IMAGE-4529,ring,synthetic_demo,Synthetic demo metadata,https://github.com/wa52/ai-customer-service/tree/main/data,synthetic_demo,false
DEMO-IMAGE-4530,necklace,synthetic_demo,Synthetic demo metadata,https://github.com/wa52/ai-customer-service/tree/main/data,synthetic_demo,false
DEMO-IMAGE-4531,earring,synthetic_demo,Synthetic demo metadata,https://github.com/wa52/ai-customer-service/tree/main/data,synthetic_demo,false
DEMO-IMAGE-4532,bracelet,synthetic_demo,Synthetic demo metadata,https://github.com/wa52/ai-customer-service/tree/main/data,synthetic_demo,false
DEMO-IMAGE-4533,ring,synthetic_demo,Synthetic demo metadata,https://github.com/wa52/ai-customer-service/tree/main/data,synthetic_demo,false
DEMO-IMAGE-4534,necklace,synthetic_demo,Synthetic demo metadata,https://github.com/wa52/ai-customer-service/tree/main/data,synthetic_demo,false
DEMO-IMAGE-4535,earring,synthetic_demo,Synthetic demo metadata,https://github.com/wa52/ai-customer-service/tree/main/data,synthetic_demo,false
DEMO-IMAGE-4536,bracelet,synthetic_demo,Synthetic demo metadata,https://github.com/wa52/ai-customer-service/tree/main/data,synthetic_demo,false
DEMO-IMAGE-4537,ring,synthetic_demo,Synthetic demo metadata,https://github.com/wa52/ai-customer-service/tree/main/data,synthetic_demo,false
DEMO-IMAGE-4538,necklace,synthetic_demo,Synthetic demo metadata,https://github.com/wa52/ai-customer-service/tree/main/data,synthetic_demo,false
DEMO-IMAGE-4539,earring,synthetic_demo,Synthetic demo metadata,https://github.com/wa52/ai-customer-service/tree/main/data,synthetic_demo,false
DEMO-IMAGE-4540,bracelet,synthetic_demo,Synthetic demo metadata,https://github.com/wa52/ai-customer-service/tree/main/data,synthetic_demo,false
DEMO-IMAGE-4541,ring,synthetic_demo,Synthetic demo metadata,https://github.com/wa52/ai-customer-service/tree/main/data,synthetic_demo,false
DEMO-IMAGE-4542,necklace,synthetic_demo,Synthetic demo metadata,https://github.com/wa52/ai-customer-service/tree/main/data,synthetic_demo,false
DEMO-IMAGE-4543,earring,synthetic_demo,Synthetic demo metadata,https://github.com/wa52/ai-customer-service/tree/main/data,synthetic_demo,false
DEMO-IMAGE-4544,bracelet,synthetic_demo,Synthetic demo metadata,https://github.com/wa52/ai-customer-service/tree/main/data,synthetic_demo,false
DEMO-IMAGE-4545,ring,synthetic_demo,Synthetic demo metadata,https://github.com/wa52/ai-customer-service/tree/main/data,synthetic_demo,false
DEMO-IMAGE-4546,necklace,synthetic_demo,Synthetic demo metadata,https://github.com/wa52/ai-customer-service/tree/main/data,synthetic_demo,false
DEMO-IMAGE-4547,earring,synthetic_demo,Synthetic demo metadata,https://github.com/wa52/ai-customer-service/tree/main/data,synthetic_demo,false
DEMO-IMAGE-4548,bracelet,synthetic_demo,Synthetic demo metadata,https://github.com/wa52/ai-customer-service/tree/main/data,synthetic_demo,false
DEMO-IMAGE-4549,ring,synthetic_demo,Synthetic demo metadata,https://github.com/wa52/ai-customer-service/tree/main/data,synthetic_demo,false
DEMO-IMAGE-4550,necklace,synthetic_demo,Synthetic demo metadata,https://github.com/wa52/ai-customer-service/tree/main/data,synthetic_demo,false
DEMO-IMAGE-4551,earring,synthetic_demo,Synthetic demo metadata,https://github.com/wa52/ai-customer-service/tree/main/data,synthetic_demo,false
DEMO-IMAGE-4552,bracelet,synthetic_demo,Synthetic demo metadata,https://github.com/wa52/ai-customer-service/tree/main/data,synthetic_demo,false
DEMO-IMAGE-4553,ring,synthetic_demo,Synthetic demo metadata,https://github.com/wa52/ai-customer-service/tree/main/data,synthetic_demo,false
DEMO-IMAGE-4554,necklace,synthetic_demo,Synthetic demo metadata,https://github.com/wa52/ai-customer-service/tree/main/data,synthetic_demo,false
DEMO-IMAGE-4555,earring,synthetic_demo,Synthetic demo metadata,https://github.com/wa52/ai-customer-service/tree/main/data,synthetic_demo,false
DEMO-IMAGE-4556,bracelet,synthetic_demo,Synthetic demo metadata,https://github.com/wa52/ai-customer-service/tree/main/data,synthetic_demo,false
DEMO-IMAGE-4557,ring,synthetic_demo,Synthetic demo metadata,https://github.com/wa52/ai-customer-service/tree/main/data,synthetic_demo,false
DEMO-IMAGE-4558,necklace,synthetic_demo,Synthetic demo metadata,https://github.com/wa52/ai-customer-service/tree/main/data,synthetic_demo,false
DEMO-IMAGE-4559,earring,synthetic_demo,Synthetic demo metadata,https://github.com/wa52/ai-customer-service/tree/main/data,synthetic_demo,false
DEMO-IMAGE-4560,bracelet,synthetic_demo,Synthetic demo metadata,https://github.com/wa52/ai-customer-service/tree/main/data,synthetic_demo,false
DEMO-IMAGE-4561,ring,synthetic_demo,Synthetic demo metadata,https://github.com/wa52/ai-customer-service/tree/main/data,synthetic_demo,false
DEMO-IMAGE-4562,necklace,synthetic_demo,Synthetic demo metadata,https://github.com/wa52/ai-customer-service/tree/main/data,synthetic_demo,false
DEMO-IMAGE-4563,earring,synthetic_demo,Synthetic demo metadata,https://github.com/wa52/ai-customer-service/tree/main/data,synthetic_demo,false
DEMO-IMAGE-4564,bracelet,synthetic_demo,Synthetic demo metadata,https://github.com/wa52/ai-customer-service/tree/main/data,synthetic_demo,false
DEMO-IMAGE-4565,ring,synthetic_demo,Synthetic demo metadata,https://github.com/wa52/ai-customer-service/tree/main/data,synthetic_demo,false
DEMO-IMAGE-4566,necklace,synthetic_demo,Synthetic demo metadata,https://github.com/wa52/ai-customer-service/tree/main/data,synthetic_demo,false
DEMO-IMAGE-4567,earring,synthetic_demo,Synthetic demo metadata,https://github.com/wa52/ai-customer-service/tree/main/data,synthetic_demo,false
DEMO-IMAGE-4568,bracelet,synthetic_demo,Synthetic demo metadata,https://github.com/wa52/ai-customer-service/tree/main/data,synthetic_demo,false
DEMO-IMAGE-4569,ring,synthetic_demo,Synthetic demo metadata,https://github.com/wa52/ai-customer-service/tree/main/data,synthetic_demo,false
DEMO-IMAGE-4570,necklace,synthetic_demo,Synthetic demo metadata,https://github.com/wa52/ai-customer-service/tree/main/data,synthetic_demo,false
DEMO-IMAGE-4571,earring,synthetic_demo,Synthetic demo metadata,https://github.com/wa52/ai-customer-service/tree/main/data,synthetic_demo,false
DEMO-IMAGE-4572,bracelet,synthetic_demo,Synthetic demo metadata,https://github.com/wa52/ai-customer-service/tree/main/data,synthetic_demo,false
DEMO-IMAGE-4573,ring,synthetic_demo,Synthetic demo metadata,https://github.com/wa52/ai-customer-service/tree/main/data,synthetic_demo,false
DEMO-IMAGE-4574,necklace,synthetic_demo,Synthetic demo metadata,https://github.com/wa52/ai-customer-service/tree/main/data,synthetic_demo,false
DEMO-IMAGE-4575,earring,synthetic_demo,Synthetic demo metadata,https://github.com/wa52/ai-customer-service/tree/main/data,synthetic_demo,false
DEMO-IMAGE-4576,bracelet,synthetic_demo,Synthetic demo metadata,https://github.com/wa52/ai-customer-service/tree/main/data,synthetic_demo,false
DEMO-IMAGE-4577,ring,synthetic_demo,Synthetic demo metadata,https://github.com/wa52/ai-customer-service/tree/main/data,synthetic_demo,false
DEMO-IMAGE-4578,necklace,synthetic_demo,Synthetic demo metadata,https://github.com/wa52/ai-customer-service/tree/main/data,synthetic_demo,false
DEMO-IMAGE-4579,earring,synthetic_demo,Synthetic demo metadata,https://github.com/wa52/ai-customer-service/tree/main/data,synthetic_demo,false
DEMO-IMAGE-4580,bracelet,synthetic_demo,Synthetic demo metadata,https://github.com/wa52/ai-customer-service/tree/main/data,synthetic_demo,false
DEMO-IMAGE-4581,ring,synthetic_demo,Synthetic demo metadata,https://github.com/wa52/ai-customer-service/tree/main/data,synthetic_demo,false
DEMO-IMAGE-4582,necklace,synthetic_demo,Synthetic demo metadata,https://github.com/wa52/ai-customer-service/tree/main/data,synthetic_demo,false
DEMO-IMAGE-4583,earring,synthetic_demo,Synthetic demo metadata,https://github.com/wa52/ai-customer-service/tree/main/data,synthetic_demo,false
DEMO-IMAGE-4584,bracelet,synthetic_demo,Synthetic demo metadata,https://github.com/wa52/ai-customer-service/tree/main/data,synthetic_demo,false
DEMO-IMAGE-4585,ring,synthetic_demo,Synthetic demo metadata,https://github.com/wa52/ai-customer-service/tree/main/data,synthetic_demo,false
DEMO-IMAGE-4586,necklace,synthetic_demo,Synthetic demo metadata,https://github.com/wa52/ai-customer-service/tree/main/data,synthetic_demo,false
DEMO-IMAGE-4587,earring,synthetic_demo,Synthetic demo metadata,https://github.com/wa52/ai-customer-service/tree/main/data,synthetic_demo,false
DEMO-IMAGE-4588,bracelet,synthetic_demo,Synthetic demo metadata,https://github.com/wa52/ai-customer-service/tree/main/data,synthetic_demo,false
DEMO-IMAGE-4589,ring,synthetic_demo,Synthetic demo metadata,https://github.com/wa52/ai-customer-service/tree/main/data,synthetic_demo,false
DEMO-IMAGE-4590,necklace,synthetic_demo,Synthetic demo metadata,https://github.com/wa52/ai-customer-service/tree/main/data,synthetic_demo,false
DEMO-IMAGE-4591,earring,synthetic_demo,Synthetic demo metadata,https://github.com/wa52/ai-customer-service/tree/main/data,synthetic_demo,false
DEMO-IMAGE-4592,bracelet,synthetic_demo,Synthetic demo metadata,https://github.com/wa52/ai-customer-service/tree/main/data,synthetic_demo,false
DEMO-IMAGE-4593,ring,synthetic_demo,Synthetic demo metadata,https://github.com/wa52/ai-customer-service/tree/main/data,synthetic_demo,false
DEMO-IMAGE-4594,necklace,synthetic_demo,Synthetic demo metadata,https://github.com/wa52/ai-customer-service/tree/main/data,synthetic_demo,false
DEMO-IMAGE-4595,earring,synthetic_demo,Synthetic demo metadata,https://github.com/wa52/ai-customer-service/tree/main/data,synthetic_demo,false
DEMO-IMAGE-4596,bracelet,synthetic_demo,Synthetic demo metadata,https://github.com/wa52/ai-customer-service/tree/main/data,synthetic_demo,false
DEMO-IMAGE-4597,ring,synthetic_demo,Synthetic demo metadata,https://github.com/wa52/ai-customer-service/tree/main/data,synthetic_demo,false
DEMO-IMAGE-4598,necklace,synthetic_demo,Synthetic demo metadata,https://github.com/wa52/ai-customer-service/tree/main/data,synthetic_demo,false
DEMO-IMAGE-4599,earring,synthetic_demo,Synthetic demo metadata,https://github.com/wa52/ai-customer-service/tree/main/data,synthetic_demo,false
DEMO-IMAGE-4600,bracelet,synthetic_demo,Synthetic demo metadata,https://github.com/wa52/ai-customer-service/tree/main/data,synthetic_demo,false
DEMO-IMAGE-4601,ring,synthetic_demo,Synthetic demo metadata,https://github.com/wa52/ai-customer-service/tree/main/data,synthetic_demo,false
DEMO-IMAGE-4602,necklace,synthetic_demo,Synthetic demo metadata,https://github.com/wa52/ai-customer-service/tree/main/data,synthetic_demo,false
DEMO-IMAGE-4603,earring,synthetic_demo,Synthetic demo metadata,https://github.com/wa52/ai-customer-service/tree/main/data,synthetic_demo,false
DEMO-IMAGE-4604,bracelet,synthetic_demo,Synthetic demo metadata,https://github.com/wa52/ai-customer-service/tree/main/data,synthetic_demo,false
DEMO-IMAGE-4605,ring,synthetic_demo,Synthetic demo metadata,https://github.com/wa52/ai-customer-service/tree/main/data,synthetic_demo,false
DEMO-IMAGE-4606,necklace,synthetic_demo,Synthetic demo metadata,https://github.com/wa52/ai-customer-service/tree/main/data,synthetic_demo,false
DEMO-IMAGE-4607,earring,synthetic_demo,Synthetic demo metadata,https://github.com/wa52/ai-customer-service/tree/main/data,synthetic_demo,false
DEMO-IMAGE-4608,bracelet,synthetic_demo,Synthetic demo metadata,https://github.com/wa52/ai-customer-service/tree/main/data,synthetic_demo,false
DEMO-IMAGE-4609,ring,synthetic_demo,Synthetic demo metadata,https://github.com/wa52/ai-customer-service/tree/main/data,synthetic_demo,false
DEMO-IMAGE-4610,necklace,synthetic_demo,Synthetic demo metadata,https://github.com/wa52/ai-customer-service/tree/main/data,synthetic_demo,false
DEMO-IMAGE-4611,earring,synthetic_demo,Synthetic demo metadata,https://github.com/wa52/ai-customer-service/tree/main/data,synthetic_demo,false
DEMO-IMAGE-4612,bracelet,synthetic_demo,Synthetic demo metadata,https://github.com/wa52/ai-customer-service/tree/main/data,synthetic_demo,false
DEMO-IMAGE-4613,ring,synthetic_demo,Synthetic demo metadata,https://github.com/wa52/ai-customer-service/tree/main/data,synthetic_demo,false
DEMO-IMAGE-4614,necklace,synthetic_demo,Synthetic demo metadata,https://github.com/wa52/ai-customer-service/tree/main/data,synthetic_demo,false
DEMO-IMAGE-4615,earring,synthetic_demo,Synthetic demo metadata,https://github.com/wa52/ai-customer-service/tree/main/data,synthetic_demo,false
DEMO-IMAGE-4616,bracelet,synthetic_demo,Synthetic demo metadata,https://github.com/wa52/ai-customer-service/tree/main/data,synthetic_demo,false
DEMO-IMAGE-4617,ring,synthetic_demo,Synthetic demo metadata,https://github.com/wa52/ai-customer-service/tree/main/data,synthetic_demo,false
DEMO-IMAGE-4618,necklace,synthetic_demo,Synthetic demo metadata,https://github.com/wa52/ai-customer-service/tree/main/data,synthetic_demo,false
DEMO-IMAGE-4619,earring,synthetic_demo,Synthetic demo metadata,https://github.com/wa52/ai-customer-service/tree/main/data,synthetic_demo,false
DEMO-IMAGE-4620,bracelet,synthetic_demo,Synthetic demo metadata,https://github.com/wa52/ai-customer-service/tree/main/data,synthetic_demo,false
DEMO-IMAGE-4621,ring,synthetic_demo,Synthetic demo metadata,https://github.com/wa52/ai-customer-service/tree/main/data,synthetic_demo,false
DEMO-IMAGE-4622,necklace,synthetic_demo,Synthetic demo metadata,https://github.com/wa52/ai-customer-service/tree/main/data,synthetic_demo,false
DEMO-IMAGE-4623,earring,synthetic_demo,Synthetic demo metadata,https://github.com/wa52/ai-customer-service/tree/main/data,synthetic_demo,false
DEMO-IMAGE-4624,bracelet,synthetic_demo,Synthetic demo metadata,https://github.com/wa52/ai-customer-service/tree/main/data,synthetic_demo,false
DEMO-IMAGE-4625,ring,synthetic_demo,Synthetic demo metadata,https://github.com/wa52/ai-customer-service/tree/main/data,synthetic_demo,false
DEMO-IMAGE-4626,necklace,synthetic_demo,Synthetic demo metadata,https://github.com/wa52/ai-customer-service/tree/main/data,synthetic_demo,false
DEMO-IMAGE-4627,earring,synthetic_demo,Synthetic demo metadata,https://github.com/wa52/ai-customer-service/tree/main/data,synthetic_demo,false
DEMO-IMAGE-4628,bracelet,synthetic_demo,Synthetic demo metadata,https://github.com/wa52/ai-customer-service/tree/main/data,synthetic_demo,false
DEMO-IMAGE-4629,ring,synthetic_demo,Synthetic demo metadata,https://github.com/wa52/ai-customer-service/tree/main/data,synthetic_demo,false
DEMO-IMAGE-4630,necklace,synthetic_demo,Synthetic demo metadata,https://github.com/wa52/ai-customer-service/tree/main/data,synthetic_demo,false
DEMO-IMAGE-4631,earring,synthetic_demo,Synthetic demo metadata,https://github.com/wa52/ai-customer-service/tree/main/data,synthetic_demo,false
DEMO-IMAGE-4632,bracelet,synthetic_demo,Synthetic demo metadata,https://github.com/wa52/ai-customer-service/tree/main/data,synthetic_demo,false
DEMO-IMAGE-4633,ring,synthetic_demo,Synthetic demo metadata,https://github.com/wa52/ai-customer-service/tree/main/data,synthetic_demo,false
DEMO-IMAGE-4634,necklace,synthetic_demo,Synthetic demo metadata,https://github.com/wa52/ai-customer-service/tree/main/data,synthetic_demo,false
DEMO-IMAGE-4635,earring,synthetic_demo,Synthetic demo metadata,https://github.com/wa52/ai-customer-service/tree/main/data,synthetic_demo,false
DEMO-IMAGE-4636,bracelet,synthetic_demo,Synthetic demo metadata,https://github.com/wa52/ai-customer-service/tree/main/data,synthetic_demo,false
DEMO-IMAGE-4637,ring,synthetic_demo,Synthetic demo metadata,https://github.com/wa52/ai-customer-service/tree/main/data,synthetic_demo,false
DEMO-IMAGE-4638,necklace,synthetic_demo,Synthetic demo metadata,https://github.com/wa52/ai-customer-service/tree/main/data,synthetic_demo,false
DEMO-IMAGE-4639,earring,synthetic_demo,Synthetic demo metadata,https://github.com/wa52/ai-customer-service/tree/main/data,synthetic_demo,false
DEMO-IMAGE-4640,bracelet,synthetic_demo,Synthetic demo metadata,https://github.com/wa52/ai-customer-service/tree/main/data,synthetic_demo,false
DEMO-IMAGE-4641,ring,synthetic_demo,Synthetic demo metadata,https://github.com/wa52/ai-customer-service/tree/main/data,synthetic_demo,false
DEMO-IMAGE-4642,necklace,synthetic_demo,Synthetic demo metadata,https://github.com/wa52/ai-customer-service/tree/main/data,synthetic_demo,false
DEMO-IMAGE-4643,earring,synthetic_demo,Synthetic demo metadata,https://github.com/wa52/ai-customer-service/tree/main/data,synthetic_demo,false
DEMO-IMAGE-4644,bracelet,synthetic_demo,Synthetic demo metadata,https://github.com/wa52/ai-customer-service/tree/main/data,synthetic_demo,false
DEMO-IMAGE-4645,ring,synthetic_demo,Synthetic demo metadata,https://github.com/wa52/ai-customer-service/tree/main/data,synthetic_demo,false
DEMO-IMAGE-4646,necklace,synthetic_demo,Synthetic demo metadata,https://github.com/wa52/ai-customer-service/tree/main/data,synthetic_demo,false
DEMO-IMAGE-4647,earring,synthetic_demo,Synthetic demo metadata,https://github.com/wa52/ai-customer-service/tree/main/data,synthetic_demo,false
DEMO-IMAGE-4648,bracelet,synthetic_demo,Synthetic demo metadata,https://github.com/wa52/ai-customer-service/tree/main/data,synthetic_demo,false
DEMO-IMAGE-4649,ring,synthetic_demo,Synthetic demo metadata,https://github.com/wa52/ai-customer-service/tree/main/data,synthetic_demo,false
DEMO-IMAGE-4650,necklace,synthetic_demo,Synthetic demo metadata,https://github.com/wa52/ai-customer-service/tree/main/data,synthetic_demo,false
DEMO-IMAGE-4651,earring,synthetic_demo,Synthetic demo metadata,https://github.com/wa52/ai-customer-service/tree/main/data,synthetic_demo,false
DEMO-IMAGE-4652,bracelet,synthetic_demo,Synthetic demo metadata,https://github.com/wa52/ai-customer-service/tree/main/data,synthetic_demo,false
DEMO-IMAGE-4653,ring,synthetic_demo,Synthetic demo metadata,https://github.com/wa52/ai-customer-service/tree/main/data,synthetic_demo,false
DEMO-IMAGE-4654,necklace,synthetic_demo,Synthetic demo metadata,https://github.com/wa52/ai-customer-service/tree/main/data,synthetic_demo,false
DEMO-IMAGE-4655,earring,synthetic_demo,Synthetic demo metadata,https://github.com/wa52/ai-customer-service/tree/main/data,synthetic_demo,false
DEMO-IMAGE-4656,bracelet,synthetic_demo,Synthetic demo metadata,https://github.com/wa52/ai-customer-service/tree/main/data,synthetic_demo,false
DEMO-IMAGE-4657,ring,synthetic_demo,Synthetic demo metadata,https://github.com/wa52/ai-customer-service/tree/main/data,synthetic_demo,false
DEMO-IMAGE-4658,necklace,synthetic_demo,Synthetic demo metadata,https://github.com/wa52/ai-customer-service/tree/main/data,synthetic_demo,false
DEMO-IMAGE-4659,earring,synthetic_demo,Synthetic demo metadata,https://github.com/wa52/ai-customer-service/tree/main/data,synthetic_demo,false
DEMO-IMAGE-4660,bracelet,synthetic_demo,Synthetic demo metadata,https://github.com/wa52/ai-customer-service/tree/main/data,synthetic_demo,false
DEMO-IMAGE-4661,ring,synthetic_demo,Synthetic demo metadata,https://github.com/wa52/ai-customer-service/tree/main/data,synthetic_demo,false
DEMO-IMAGE-4662,necklace,synthetic_demo,Synthetic demo metadata,https://github.com/wa52/ai-customer-service/tree/main/data,synthetic_demo,false
DEMO-IMAGE-4663,earring,synthetic_demo,Synthetic demo metadata,https://github.com/wa52/ai-customer-service/tree/main/data,synthetic_demo,false
DEMO-IMAGE-4664,bracelet,synthetic_demo,Synthetic demo metadata,https://github.com/wa52/ai-customer-service/tree/main/data,synthetic_demo,false
DEMO-IMAGE-4665,ring,synthetic_demo,Synthetic demo metadata,https://github.com/wa52/ai-customer-service/tree/main/data,synthetic_demo,false
DEMO-IMAGE-4666,necklace,synthetic_demo,Synthetic demo metadata,https://github.com/wa52/ai-customer-service/tree/main/data,synthetic_demo,false
DEMO-IMAGE-4667,earring,synthetic_demo,Synthetic demo metadata,https://github.com/wa52/ai-customer-service/tree/main/data,synthetic_demo,false
DEMO-IMAGE-4668,bracelet,synthetic_demo,Synthetic demo metadata,https://github.com/wa52/ai-customer-service/tree/main/data,synthetic_demo,false
DEMO-IMAGE-4669,ring,synthetic_demo,Synthetic demo metadata,https://github.com/wa52/ai-customer-service/tree/main/data,synthetic_demo,false
DEMO-IMAGE-4670,necklace,synthetic_demo,Synthetic demo metadata,https://github.com/wa52/ai-customer-service/tree/main/data,synthetic_demo,false
DEMO-IMAGE-4671,earring,synthetic_demo,Synthetic demo metadata,https://github.com/wa52/ai-customer-service/tree/main/data,synthetic_demo,false
DEMO-IMAGE-4672,bracelet,synthetic_demo,Synthetic demo metadata,https://github.com/wa52/ai-customer-service/tree/main/data,synthetic_demo,false
DEMO-IMAGE-4673,ring,synthetic_demo,Synthetic demo metadata,https://github.com/wa52/ai-customer-service/tree/main/data,synthetic_demo,false
DEMO-IMAGE-4674,necklace,synthetic_demo,Synthetic demo metadata,https://github.com/wa52/ai-customer-service/tree/main/data,synthetic_demo,false
DEMO-IMAGE-4675,earring,synthetic_demo,Synthetic demo metadata,https://github.com/wa52/ai-customer-service/tree/main/data,synthetic_demo,false
DEMO-IMAGE-4676,bracelet,synthetic_demo,Synthetic demo metadata,https://github.com/wa52/ai-customer-service/tree/main/data,synthetic_demo,false
DEMO-IMAGE-4677,ring,synthetic_demo,Synthetic demo metadata,https://github.com/wa52/ai-customer-service/tree/main/data,synthetic_demo,false
DEMO-IMAGE-4678,necklace,synthetic_demo,Synthetic demo metadata,https://github.com/wa52/ai-customer-service/tree/main/data,synthetic_demo,false
DEMO-IMAGE-4679,earring,synthetic_demo,Synthetic demo metadata,https://github.com/wa52/ai-customer-service/tree/main/data,synthetic_demo,false
DEMO-IMAGE-4680,bracelet,synthetic_demo,Synthetic demo metadata,https://github.com/wa52/ai-customer-service/tree/main/data,synthetic_demo,false
DEMO-IMAGE-4681,ring,synthetic_demo,Synthetic demo metadata,https://github.com/wa52/ai-customer-service/tree/main/data,synthetic_demo,false
DEMO-IMAGE-4682,necklace,synthetic_demo,Synthetic demo metadata,https://github.com/wa52/ai-customer-service/tree/main/data,synthetic_demo,false
DEMO-IMAGE-4683,earring,synthetic_demo,Synthetic demo metadata,https://github.com/wa52/ai-customer-service/tree/main/data,synthetic_demo,false
DEMO-IMAGE-4684,bracelet,synthetic_demo,Synthetic demo metadata,https://github.com/wa52/ai-customer-service/tree/main/data,synthetic_demo,false
DEMO-IMAGE-4685,ring,synthetic_demo,Synthetic demo metadata,https://github.com/wa52/ai-customer-service/tree/main/data,synthetic_demo,false
DEMO-IMAGE-4686,necklace,synthetic_demo,Synthetic demo metadata,https://github.com/wa52/ai-customer-service/tree/main/data,synthetic_demo,false
DEMO-IMAGE-4687,earring,synthetic_demo,Synthetic demo metadata,https://github.com/wa52/ai-customer-service/tree/main/data,synthetic_demo,false
DEMO-IMAGE-4688,bracelet,synthetic_demo,Synthetic demo metadata,https://github.com/wa52/ai-customer-service/tree/main/data,synthetic_demo,false
DEMO-IMAGE-4689,ring,synthetic_demo,Synthetic demo metadata,https://github.com/wa52/ai-customer-service/tree/main/data,synthetic_demo,false
DEMO-IMAGE-4690,necklace,synthetic_demo,Synthetic demo metadata,https://github.com/wa52/ai-customer-service/tree/main/data,synthetic_demo,false
DEMO-IMAGE-4691,earring,synthetic_demo,Synthetic demo metadata,https://github.com/wa52/ai-customer-service/tree/main/data,synthetic_demo,false
DEMO-IMAGE-4692,bracelet,synthetic_demo,Synthetic demo metadata,https://github.com/wa52/ai-customer-service/tree/main/data,synthetic_demo,false
DEMO-IMAGE-4693,ring,synthetic_demo,Synthetic demo metadata,https://github.com/wa52/ai-customer-service/tree/main/data,synthetic_demo,false
DEMO-IMAGE-4694,necklace,synthetic_demo,Synthetic demo metadata,https://github.com/wa52/ai-customer-service/tree/main/data,synthetic_demo,false
DEMO-IMAGE-4695,earring,synthetic_demo,Synthetic demo metadata,https://github.com/wa52/ai-customer-service/tree/main/data,synthetic_demo,false
DEMO-IMAGE-4696,bracelet,synthetic_demo,Synthetic demo metadata,https://github.com/wa52/ai-customer-service/tree/main/data,synthetic_demo,false
DEMO-IMAGE-4697,ring,synthetic_demo,Synthetic demo metadata,https://github.com/wa52/ai-customer-service/tree/main/data,synthetic_demo,false
DEMO-IMAGE-4698,necklace,synthetic_demo,Synthetic demo metadata,https://github.com/wa52/ai-customer-service/tree/main/data,synthetic_demo,false
DEMO-IMAGE-4699,earring,synthetic_demo,Synthetic demo metadata,https://github.com/wa52/ai-customer-service/tree/main/data,synthetic_demo,false
DEMO-IMAGE-4700,bracelet,synthetic_demo,Synthetic demo metadata,https://github.com/wa52/ai-customer-service/tree/main/data,synthetic_demo,false
DEMO-IMAGE-4701,ring,synthetic_demo,Synthetic demo metadata,https://github.com/wa52/ai-customer-service/tree/main/data,synthetic_demo,false
DEMO-IMAGE-4702,necklace,synthetic_demo,Synthetic demo metadata,https://github.com/wa52/ai-customer-service/tree/main/data,synthetic_demo,false
DEMO-IMAGE-4703,earring,synthetic_demo,Synthetic demo metadata,https://github.com/wa52/ai-customer-service/tree/main/data,synthetic_demo,false
DEMO-IMAGE-4704,bracelet,synthetic_demo,Synthetic demo metadata,https://github.com/wa52/ai-customer-service/tree/main/data,synthetic_demo,false
DEMO-IMAGE-4705,ring,synthetic_demo,Synthetic demo metadata,https://github.com/wa52/ai-customer-service/tree/main/data,synthetic_demo,false
DEMO-IMAGE-4706,necklace,synthetic_demo,Synthetic demo metadata,https://github.com/wa52/ai-customer-service/tree/main/data,synthetic_demo,false
DEMO-IMAGE-4707,earring,synthetic_demo,Synthetic demo metadata,https://github.com/wa52/ai-customer-service/tree/main/data,synthetic_demo,false
DEMO-IMAGE-4708,bracelet,synthetic_demo,Synthetic demo metadata,https://github.com/wa52/ai-customer-service/tree/main/data,synthetic_demo,false
DEMO-IMAGE-4709,ring,synthetic_demo,Synthetic demo metadata,https://github.com/wa52/ai-customer-service/tree/main/data,synthetic_demo,false
DEMO-IMAGE-4710,necklace,synthetic_demo,Synthetic demo metadata,https://github.com/wa52/ai-customer-service/tree/main/data,synthetic_demo,false
DEMO-IMAGE-4711,earring,synthetic_demo,Synthetic demo metadata,https://github.com/wa52/ai-customer-service/tree/main/data,synthetic_demo,false
DEMO-IMAGE-4712,bracelet,synthetic_demo,Synthetic demo metadata,https://github.com/wa52/ai-customer-service/tree/main/data,synthetic_demo,false
DEMO-IMAGE-4713,ring,synthetic_demo,Synthetic demo metadata,https://github.com/wa52/ai-customer-service/tree/main/data,synthetic_demo,false
DEMO-IMAGE-4714,necklace,synthetic_demo,Synthetic demo metadata,https://github.com/wa52/ai-customer-service/tree/main/data,synthetic_demo,false
DEMO-IMAGE-4715,earring,synthetic_demo,Synthetic demo metadata,https://github.com/wa52/ai-customer-service/tree/main/data,synthetic_demo,false
DEMO-IMAGE-4716,bracelet,synthetic_demo,Synthetic demo metadata,https://github.com/wa52/ai-customer-service/tree/main/data,synthetic_demo,false
DEMO-IMAGE-4717,ring,synthetic_demo,Synthetic demo metadata,https://github.com/wa52/ai-customer-service/tree/main/data,synthetic_demo,false
DEMO-IMAGE-4718,necklace,synthetic_demo,Synthetic demo metadata,https://github.com/wa52/ai-customer-service/tree/main/data,synthetic_demo,false
DEMO-IMAGE-4719,earring,synthetic_demo,Synthetic demo metadata,https://github.com/wa52/ai-customer-service/tree/main/data,synthetic_demo,false
DEMO-IMAGE-4720,bracelet,synthetic_demo,Synthetic demo metadata,https://github.com/wa52/ai-customer-service/tree/main/data,synthetic_demo,false
DEMO-IMAGE-4721,ring,synthetic_demo,Synthetic demo metadata,https://github.com/wa52/ai-customer-service/tree/main/data,synthetic_demo,false
DEMO-IMAGE-4722,necklace,synthetic_demo,Synthetic demo metadata,https://github.com/wa52/ai-customer-service/tree/main/data,synthetic_demo,false
DEMO-IMAGE-4723,earring,synthetic_demo,Synthetic demo metadata,https://github.com/wa52/ai-customer-service/tree/main/data,synthetic_demo,false
DEMO-IMAGE-4724,bracelet,synthetic_demo,Synthetic demo metadata,https://github.com/wa52/ai-customer-service/tree/main/data,synthetic_demo,false
DEMO-IMAGE-4725,ring,synthetic_demo,Synthetic demo metadata,https://github.com/wa52/ai-customer-service/tree/main/data,synthetic_demo,false
DEMO-IMAGE-4726,necklace,synthetic_demo,Synthetic demo metadata,https://github.com/wa52/ai-customer-service/tree/main/data,synthetic_demo,false
DEMO-IMAGE-4727,earring,synthetic_demo,Synthetic demo metadata,https://github.com/wa52/ai-customer-service/tree/main/data,synthetic_demo,false
DEMO-IMAGE-4728,bracelet,synthetic_demo,Synthetic demo metadata,https://github.com/wa52/ai-customer-service/tree/main/data,synthetic_demo,false
DEMO-IMAGE-4729,ring,synthetic_demo,Synthetic demo metadata,https://github.com/wa52/ai-customer-service/tree/main/data,synthetic_demo,false
DEMO-IMAGE-4730,necklace,synthetic_demo,Synthetic demo metadata,https://github.com/wa52/ai-customer-service/tree/main/data,synthetic_demo,false
DEMO-IMAGE-4731,earring,synthetic_demo,Synthetic demo metadata,https://github.com/wa52/ai-customer-service/tree/main/data,synthetic_demo,false
DEMO-IMAGE-4732,bracelet,synthetic_demo,Synthetic demo metadata,https://github.com/wa52/ai-customer-service/tree/main/data,synthetic_demo,false
DEMO-IMAGE-4733,ring,synthetic_demo,Synthetic demo metadata,https://github.com/wa52/ai-customer-service/tree/main/data,synthetic_demo,false
DEMO-IMAGE-4734,necklace,synthetic_demo,Synthetic demo metadata,https://github.com/wa52/ai-customer-service/tree/main/data,synthetic_demo,false
DEMO-IMAGE-4735,earring,synthetic_demo,Synthetic demo metadata,https://github.com/wa52/ai-customer-service/tree/main/data,synthetic_demo,false
DEMO-IMAGE-4736,bracelet,synthetic_demo,Synthetic demo metadata,https://github.com/wa52/ai-customer-service/tree/main/data,synthetic_demo,false
DEMO-IMAGE-4737,ring,synthetic_demo,Synthetic demo metadata,https://github.com/wa52/ai-customer-service/tree/main/data,synthetic_demo,false
DEMO-IMAGE-4738,necklace,synthetic_demo,Synthetic demo metadata,https://github.com/wa52/ai-customer-service/tree/main/data,synthetic_demo,false
DEMO-IMAGE-4739,earring,synthetic_demo,Synthetic demo metadata,https://github.com/wa52/ai-customer-service/tree/main/data,synthetic_demo,false
DEMO-IMAGE-4740,bracelet,synthetic_demo,Synthetic demo metadata,https://github.com/wa52/ai-customer-service/tree/main/data,synthetic_demo,false
DEMO-IMAGE-4741,ring,synthetic_demo,Synthetic demo metadata,https://github.com/wa52/ai-customer-service/tree/main/data,synthetic_demo,false
DEMO-IMAGE-4742,necklace,synthetic_demo,Synthetic demo metadata,https://github.com/wa52/ai-customer-service/tree/main/data,synthetic_demo,false
DEMO-IMAGE-4743,earring,synthetic_demo,Synthetic demo metadata,https://github.com/wa52/ai-customer-service/tree/main/data,synthetic_demo,false
DEMO-IMAGE-4744,bracelet,synthetic_demo,Synthetic demo metadata,https://github.com/wa52/ai-customer-service/tree/main/data,synthetic_demo,false
DEMO-IMAGE-4745,ring,synthetic_demo,Synthetic demo metadata,https://github.com/wa52/ai-customer-service/tree/main/data,synthetic_demo,false
DEMO-IMAGE-4746,necklace,synthetic_demo,Synthetic demo metadata,https://github.com/wa52/ai-customer-service/tree/main/data,synthetic_demo,false
DEMO-IMAGE-4747,earring,synthetic_demo,Synthetic demo metadata,https://github.com/wa52/ai-customer-service/tree/main/data,synthetic_demo,false
DEMO-IMAGE-4748,bracelet,synthetic_demo,Synthetic demo metadata,https://github.com/wa52/ai-customer-service/tree/main/data,synthetic_demo,false
DEMO-IMAGE-4749,ring,synthetic_demo,Synthetic demo metadata,https://github.com/wa52/ai-customer-service/tree/main/data,synthetic_demo,false
DEMO-IMAGE-4750,necklace,synthetic_demo,Synthetic demo metadata,https://github.com/wa52/ai-customer-service/tree/main/data,synthetic_demo,false
DEMO-IMAGE-4751,earring,synthetic_demo,Synthetic demo metadata,https://github.com/wa52/ai-customer-service/tree/main/data,synthetic_demo,false
DEMO-IMAGE-4752,bracelet,synthetic_demo,Synthetic demo metadata,https://github.com/wa52/ai-customer-service/tree/main/data,synthetic_demo,false
DEMO-IMAGE-4753,ring,synthetic_demo,Synthetic demo metadata,https://github.com/wa52/ai-customer-service/tree/main/data,synthetic_demo,false
DEMO-IMAGE-4754,necklace,synthetic_demo,Synthetic demo metadata,https://github.com/wa52/ai-customer-service/tree/main/data,synthetic_demo,false
DEMO-IMAGE-4755,earring,synthetic_demo,Synthetic demo metadata,https://github.com/wa52/ai-customer-service/tree/main/data,synthetic_demo,false
DEMO-IMAGE-4756,bracelet,synthetic_demo,Synthetic demo metadata,https://github.com/wa52/ai-customer-service/tree/main/data,synthetic_demo,false
DEMO-IMAGE-4757,ring,synthetic_demo,Synthetic demo metadata,https://github.com/wa52/ai-customer-service/tree/main/data,synthetic_demo,false
DEMO-IMAGE-4758,necklace,synthetic_demo,Synthetic demo metadata,https://github.com/wa52/ai-customer-service/tree/main/data,synthetic_demo,false
DEMO-IMAGE-4759,earring,synthetic_demo,Synthetic demo metadata,https://github.com/wa52/ai-customer-service/tree/main/data,synthetic_demo,false
DEMO-IMAGE-4760,bracelet,synthetic_demo,Synthetic demo metadata,https://github.com/wa52/ai-customer-service/tree/main/data,synthetic_demo,false
DEMO-IMAGE-4761,ring,synthetic_demo,Synthetic demo metadata,https://github.com/wa52/ai-customer-service/tree/main/data,synthetic_demo,false
DEMO-IMAGE-4762,necklace,synthetic_demo,Synthetic demo metadata,https://github.com/wa52/ai-customer-service/tree/main/data,synthetic_demo,false
DEMO-IMAGE-4763,earring,synthetic_demo,Synthetic demo metadata,https://github.com/wa52/ai-customer-service/tree/main/data,synthetic_demo,false
DEMO-IMAGE-4764,bracelet,synthetic_demo,Synthetic demo metadata,https://github.com/wa52/ai-customer-service/tree/main/data,synthetic_demo,false
DEMO-IMAGE-4765,ring,synthetic_demo,Synthetic demo metadata,https://github.com/wa52/ai-customer-service/tree/main/data,synthetic_demo,false
DEMO-IMAGE-4766,necklace,synthetic_demo,Synthetic demo metadata,https://github.com/wa52/ai-customer-service/tree/main/data,synthetic_demo,false
DEMO-IMAGE-4767,earring,synthetic_demo,Synthetic demo metadata,https://github.com/wa52/ai-customer-service/tree/main/data,synthetic_demo,false
DEMO-IMAGE-4768,bracelet,synthetic_demo,Synthetic demo metadata,https://github.com/wa52/ai-customer-service/tree/main/data,synthetic_demo,false
DEMO-IMAGE-4769,ring,synthetic_demo,Synthetic demo metadata,https://github.com/wa52/ai-customer-service/tree/main/data,synthetic_demo,false
DEMO-IMAGE-4770,necklace,synthetic_demo,Synthetic demo metadata,https://github.com/wa52/ai-customer-service/tree/main/data,synthetic_demo,false
DEMO-IMAGE-4771,earring,synthetic_demo,Synthetic demo metadata,https://github.com/wa52/ai-customer-service/tree/main/data,synthetic_demo,false
DEMO-IMAGE-4772,bracelet,synthetic_demo,Synthetic demo metadata,https://github.com/wa52/ai-customer-service/tree/main/data,synthetic_demo,false
DEMO-IMAGE-4773,ring,synthetic_demo,Synthetic demo metadata,https://github.com/wa52/ai-customer-service/tree/main/data,synthetic_demo,false
DEMO-IMAGE-4774,necklace,synthetic_demo,Synthetic demo metadata,https://github.com/wa52/ai-customer-service/tree/main/data,synthetic_demo,false
DEMO-IMAGE-4775,earring,synthetic_demo,Synthetic demo metadata,https://github.com/wa52/ai-customer-service/tree/main/data,synthetic_demo,false
DEMO-IMAGE-4776,bracelet,synthetic_demo,Synthetic demo metadata,https://github.com/wa52/ai-customer-service/tree/main/data,synthetic_demo,false
DEMO-IMAGE-4777,ring,synthetic_demo,Synthetic demo metadata,https://github.com/wa52/ai-customer-service/tree/main/data,synthetic_demo,false
DEMO-IMAGE-4778,necklace,synthetic_demo,Synthetic demo metadata,https://github.com/wa52/ai-customer-service/tree/main/data,synthetic_demo,false
DEMO-IMAGE-4779,earring,synthetic_demo,Synthetic demo metadata,https://github.com/wa52/ai-customer-service/tree/main/data,synthetic_demo,false
DEMO-IMAGE-4780,bracelet,synthetic_demo,Synthetic demo metadata,https://github.com/wa52/ai-customer-service/tree/main/data,synthetic_demo,false
DEMO-IMAGE-4781,ring,synthetic_demo,Synthetic demo metadata,https://github.com/wa52/ai-customer-service/tree/main/data,synthetic_demo,false
DEMO-IMAGE-4782,necklace,synthetic_demo,Synthetic demo metadata,https://github.com/wa52/ai-customer-service/tree/main/data,synthetic_demo,false
DEMO-IMAGE-4783,earring,synthetic_demo,Synthetic demo metadata,https://github.com/wa52/ai-customer-service/tree/main/data,synthetic_demo,false
DEMO-IMAGE-4784,bracelet,synthetic_demo,Synthetic demo metadata,https://github.com/wa52/ai-customer-service/tree/main/data,synthetic_demo,false
DEMO-IMAGE-4785,ring,synthetic_demo,Synthetic demo metadata,https://github.com/wa52/ai-customer-service/tree/main/data,synthetic_demo,false
DEMO-IMAGE-4786,necklace,synthetic_demo,Synthetic demo metadata,https://github.com/wa52/ai-customer-service/tree/main/data,synthetic_demo,false
DEMO-IMAGE-4787,earring,synthetic_demo,Synthetic demo metadata,https://github.com/wa52/ai-customer-service/tree/main/data,synthetic_demo,false
DEMO-IMAGE-4788,bracelet,synthetic_demo,Synthetic demo metadata,https://github.com/wa52/ai-customer-service/tree/main/data,synthetic_demo,false
DEMO-IMAGE-4789,ring,synthetic_demo,Synthetic demo metadata,https://github.com/wa52/ai-customer-service/tree/main/data,synthetic_demo,false
DEMO-IMAGE-4790,necklace,synthetic_demo,Synthetic demo metadata,https://github.com/wa52/ai-customer-service/tree/main/data,synthetic_demo,false
DEMO-IMAGE-4791,earring,synthetic_demo,Synthetic demo metadata,https://github.com/wa52/ai-customer-service/tree/main/data,synthetic_demo,false
DEMO-IMAGE-4792,bracelet,synthetic_demo,Synthetic demo metadata,https://github.com/wa52/ai-customer-service/tree/main/data,synthetic_demo,false
DEMO-IMAGE-4793,ring,synthetic_demo,Synthetic demo metadata,https://github.com/wa52/ai-customer-service/tree/main/data,synthetic_demo,false
DEMO-IMAGE-4794,necklace,synthetic_demo,Synthetic demo metadata,https://github.com/wa52/ai-customer-service/tree/main/data,synthetic_demo,false
DEMO-IMAGE-4795,earring,synthetic_demo,Synthetic demo metadata,https://github.com/wa52/ai-customer-service/tree/main/data,synthetic_demo,false
DEMO-IMAGE-4796,bracelet,synthetic_demo,Synthetic demo metadata,https://github.com/wa52/ai-customer-service/tree/main/data,synthetic_demo,false
DEMO-IMAGE-4797,ring,synthetic_demo,Synthetic demo metadata,https://github.com/wa52/ai-customer-service/tree/main/data,synthetic_demo,false
DEMO-IMAGE-4798,necklace,synthetic_demo,Synthetic demo metadata,https://github.com/wa52/ai-customer-service/tree/main/data,synthetic_demo,false
DEMO-IMAGE-4799,earring,synthetic_demo,Synthetic demo metadata,https://github.com/wa52/ai-customer-service/tree/main/data,synthetic_demo,false
DEMO-IMAGE-4800,bracelet,synthetic_demo,Synthetic demo metadata,https://github.com/wa52/ai-customer-service/tree/main/data,synthetic_demo,false
DEMO-IMAGE-4801,ring,synthetic_demo,Synthetic demo metadata,https://github.com/wa52/ai-customer-service/tree/main/data,synthetic_demo,false
DEMO-IMAGE-4802,necklace,synthetic_demo,Synthetic demo metadata,https://github.com/wa52/ai-customer-service/tree/main/data,synthetic_demo,false
DEMO-IMAGE-4803,earring,synthetic_demo,Synthetic demo metadata,https://github.com/wa52/ai-customer-service/tree/main/data,synthetic_demo,false
DEMO-IMAGE-4804,bracelet,synthetic_demo,Synthetic demo metadata,https://github.com/wa52/ai-customer-service/tree/main/data,synthetic_demo,false
DEMO-IMAGE-4805,ring,synthetic_demo,Synthetic demo metadata,https://github.com/wa52/ai-customer-service/tree/main/data,synthetic_demo,false
DEMO-IMAGE-4806,necklace,synthetic_demo,Synthetic demo metadata,https://github.com/wa52/ai-customer-service/tree/main/data,synthetic_demo,false
DEMO-IMAGE-4807,earring,synthetic_demo,Synthetic demo metadata,https://github.com/wa52/ai-customer-service/tree/main/data,synthetic_demo,false
DEMO-IMAGE-4808,bracelet,synthetic_demo,Synthetic demo metadata,https://github.com/wa52/ai-customer-service/tree/main/data,synthetic_demo,false
DEMO-IMAGE-4809,ring,synthetic_demo,Synthetic demo metadata,https://github.com/wa52/ai-customer-service/tree/main/data,synthetic_demo,false
DEMO-IMAGE-4810,necklace,synthetic_demo,Synthetic demo metadata,https://github.com/wa52/ai-customer-service/tree/main/data,synthetic_demo,false
DEMO-IMAGE-4811,earring,synthetic_demo,Synthetic demo metadata,https://github.com/wa52/ai-customer-service/tree/main/data,synthetic_demo,false
DEMO-IMAGE-4812,bracelet,synthetic_demo,Synthetic demo metadata,https://github.com/wa52/ai-customer-service/tree/main/data,synthetic_demo,false
DEMO-IMAGE-4813,ring,synthetic_demo,Synthetic demo metadata,https://github.com/wa52/ai-customer-service/tree/main/data,synthetic_demo,false
DEMO-IMAGE-4814,necklace,synthetic_demo,Synthetic demo metadata,https://github.com/wa52/ai-customer-service/tree/main/data,synthetic_demo,false
DEMO-IMAGE-4815,earring,synthetic_demo,Synthetic demo metadata,https://github.com/wa52/ai-customer-service/tree/main/data,synthetic_demo,false
DEMO-IMAGE-4816,bracelet,synthetic_demo,Synthetic demo metadata,https://github.com/wa52/ai-customer-service/tree/main/data,synthetic_demo,false
DEMO-IMAGE-4817,ring,synthetic_demo,Synthetic demo metadata,https://github.com/wa52/ai-customer-service/tree/main/data,synthetic_demo,false
DEMO-IMAGE-4818,necklace,synthetic_demo,Synthetic demo metadata,https://github.com/wa52/ai-customer-service/tree/main/data,synthetic_demo,false
DEMO-IMAGE-4819,earring,synthetic_demo,Synthetic demo metadata,https://github.com/wa52/ai-customer-service/tree/main/data,synthetic_demo,false
DEMO-IMAGE-4820,bracelet,synthetic_demo,Synthetic demo metadata,https://github.com/wa52/ai-customer-service/tree/main/data,synthetic_demo,false
DEMO-IMAGE-4821,ring,synthetic_demo,Synthetic demo metadata,https://github.com/wa52/ai-customer-service/tree/main/data,synthetic_demo,false
DEMO-IMAGE-4822,necklace,synthetic_demo,Synthetic demo metadata,https://github.com/wa52/ai-customer-service/tree/main/data,synthetic_demo,false
DEMO-IMAGE-4823,earring,synthetic_demo,Synthetic demo metadata,https://github.com/wa52/ai-customer-service/tree/main/data,synthetic_demo,false
DEMO-IMAGE-4824,bracelet,synthetic_demo,Synthetic demo metadata,https://github.com/wa52/ai-customer-service/tree/main/data,synthetic_demo,false
DEMO-IMAGE-4825,ring,synthetic_demo,Synthetic demo metadata,https://github.com/wa52/ai-customer-service/tree/main/data,synthetic_demo,false
DEMO-IMAGE-4826,necklace,synthetic_demo,Synthetic demo metadata,https://github.com/wa52/ai-customer-service/tree/main/data,synthetic_demo,false
DEMO-IMAGE-4827,earring,synthetic_demo,Synthetic demo metadata,https://github.com/wa52/ai-customer-service/tree/main/data,synthetic_demo,false
DEMO-IMAGE-4828,bracelet,synthetic_demo,Synthetic demo metadata,https://github.com/wa52/ai-customer-service/tree/main/data,synthetic_demo,false
DEMO-IMAGE-4829,ring,synthetic_demo,Synthetic demo metadata,https://github.com/wa52/ai-customer-service/tree/main/data,synthetic_demo,false
DEMO-IMAGE-4830,necklace,synthetic_demo,Synthetic demo metadata,https://github.com/wa52/ai-customer-service/tree/main/data,synthetic_demo,false
DEMO-IMAGE-4831,earring,synthetic_demo,Synthetic demo metadata,https://github.com/wa52/ai-customer-service/tree/main/data,synthetic_demo,false
DEMO-IMAGE-4832,bracelet,synthetic_demo,Synthetic demo metadata,https://github.com/wa52/ai-customer-service/tree/main/data,synthetic_demo,false
DEMO-IMAGE-4833,ring,synthetic_demo,Synthetic demo metadata,https://github.com/wa52/ai-customer-service/tree/main/data,synthetic_demo,false
DEMO-IMAGE-4834,necklace,synthetic_demo,Synthetic demo metadata,https://github.com/wa52/ai-customer-service/tree/main/data,synthetic_demo,false
DEMO-IMAGE-4835,earring,synthetic_demo,Synthetic demo metadata,https://github.com/wa52/ai-customer-service/tree/main/data,synthetic_demo,false
DEMO-IMAGE-4836,bracelet,synthetic_demo,Synthetic demo metadata,https://github.com/wa52/ai-customer-service/tree/main/data,synthetic_demo,false
DEMO-IMAGE-4837,ring,synthetic_demo,Synthetic demo metadata,https://github.com/wa52/ai-customer-service/tree/main/data,synthetic_demo,false
DEMO-IMAGE-4838,necklace,synthetic_demo,Synthetic demo metadata,https://github.com/wa52/ai-customer-service/tree/main/data,synthetic_demo,false
DEMO-IMAGE-4839,earring,synthetic_demo,Synthetic demo metadata,https://github.com/wa52/ai-customer-service/tree/main/data,synthetic_demo,false
DEMO-IMAGE-4840,bracelet,synthetic_demo,Synthetic demo metadata,https://github.com/wa52/ai-customer-service/tree/main/data,synthetic_demo,false
DEMO-IMAGE-4841,ring,synthetic_demo,Synthetic demo metadata,https://github.com/wa52/ai-customer-service/tree/main/data,synthetic_demo,false
DEMO-IMAGE-4842,necklace,synthetic_demo,Synthetic demo metadata,https://github.com/wa52/ai-customer-service/tree/main/data,synthetic_demo,false
DEMO-IMAGE-4843,earring,synthetic_demo,Synthetic demo metadata,https://github.com/wa52/ai-customer-service/tree/main/data,synthetic_demo,false
DEMO-IMAGE-4844,bracelet,synthetic_demo,Synthetic demo metadata,https://github.com/wa52/ai-customer-service/tree/main/data,synthetic_demo,false
DEMO-IMAGE-4845,ring,synthetic_demo,Synthetic demo metadata,https://github.com/wa52/ai-customer-service/tree/main/data,synthetic_demo,false
DEMO-IMAGE-4846,necklace,synthetic_demo,Synthetic demo metadata,https://github.com/wa52/ai-customer-service/tree/main/data,synthetic_demo,false
DEMO-IMAGE-4847,earring,synthetic_demo,Synthetic demo metadata,https://github.com/wa52/ai-customer-service/tree/main/data,synthetic_demo,false
DEMO-IMAGE-4848,bracelet,synthetic_demo,Synthetic demo metadata,https://github.com/wa52/ai-customer-service/tree/main/data,synthetic_demo,false
DEMO-IMAGE-4849,ring,synthetic_demo,Synthetic demo metadata,https://github.com/wa52/ai-customer-service/tree/main/data,synthetic_demo,false
DEMO-IMAGE-4850,necklace,synthetic_demo,Synthetic demo metadata,https://github.com/wa52/ai-customer-service/tree/main/data,synthetic_demo,false
DEMO-IMAGE-4851,earring,synthetic_demo,Synthetic demo metadata,https://github.com/wa52/ai-customer-service/tree/main/data,synthetic_demo,false
DEMO-IMAGE-4852,bracelet,synthetic_demo,Synthetic demo metadata,https://github.com/wa52/ai-customer-service/tree/main/data,synthetic_demo,false
DEMO-IMAGE-4853,ring,synthetic_demo,Synthetic demo metadata,https://github.com/wa52/ai-customer-service/tree/main/data,synthetic_demo,false
DEMO-IMAGE-4854,necklace,synthetic_demo,Synthetic demo metadata,https://github.com/wa52/ai-customer-service/tree/main/data,synthetic_demo,false
DEMO-IMAGE-4855,earring,synthetic_demo,Synthetic demo metadata,https://github.com/wa52/ai-customer-service/tree/main/data,synthetic_demo,false
DEMO-IMAGE-4856,bracelet,synthetic_demo,Synthetic demo metadata,https://github.com/wa52/ai-customer-service/tree/main/data,synthetic_demo,false
DEMO-IMAGE-4857,ring,synthetic_demo,Synthetic demo metadata,https://github.com/wa52/ai-customer-service/tree/main/data,synthetic_demo,false
DEMO-IMAGE-4858,necklace,synthetic_demo,Synthetic demo metadata,https://github.com/wa52/ai-customer-service/tree/main/data,synthetic_demo,false
DEMO-IMAGE-4859,earring,synthetic_demo,Synthetic demo metadata,https://github.com/wa52/ai-customer-service/tree/main/data,synthetic_demo,false
DEMO-IMAGE-4860,bracelet,synthetic_demo,Synthetic demo metadata,https://github.com/wa52/ai-customer-service/tree/main/data,synthetic_demo,false
DEMO-IMAGE-4861,ring,synthetic_demo,Synthetic demo metadata,https://github.com/wa52/ai-customer-service/tree/main/data,synthetic_demo,false
DEMO-IMAGE-4862,necklace,synthetic_demo,Synthetic demo metadata,https://github.com/wa52/ai-customer-service/tree/main/data,synthetic_demo,false
DEMO-IMAGE-4863,earring,synthetic_demo,Synthetic demo metadata,https://github.com/wa52/ai-customer-service/tree/main/data,synthetic_demo,false
DEMO-IMAGE-4864,bracelet,synthetic_demo,Synthetic demo metadata,https://github.com/wa52/ai-customer-service/tree/main/data,synthetic_demo,false
DEMO-IMAGE-4865,ring,synthetic_demo,Synthetic demo metadata,https://github.com/wa52/ai-customer-service/tree/main/data,synthetic_demo,false
DEMO-IMAGE-4866,necklace,synthetic_demo,Synthetic demo metadata,https://github.com/wa52/ai-customer-service/tree/main/data,synthetic_demo,false
DEMO-IMAGE-4867,earring,synthetic_demo,Synthetic demo metadata,https://github.com/wa52/ai-customer-service/tree/main/data,synthetic_demo,false
DEMO-IMAGE-4868,bracelet,synthetic_demo,Synthetic demo metadata,https://github.com/wa52/ai-customer-service/tree/main/data,synthetic_demo,false
DEMO-IMAGE-4869,ring,synthetic_demo,Synthetic demo metadata,https://github.com/wa52/ai-customer-service/tree/main/data,synthetic_demo,false
DEMO-IMAGE-4870,necklace,synthetic_demo,Synthetic demo metadata,https://github.com/wa52/ai-customer-service/tree/main/data,synthetic_demo,false
DEMO-IMAGE-4871,earring,synthetic_demo,Synthetic demo metadata,https://github.com/wa52/ai-customer-service/tree/main/data,synthetic_demo,false
DEMO-IMAGE-4872,bracelet,synthetic_demo,Synthetic demo metadata,https://github.com/wa52/ai-customer-service/tree/main/data,synthetic_demo,false
DEMO-IMAGE-4873,ring,synthetic_demo,Synthetic demo metadata,https://github.com/wa52/ai-customer-service/tree/main/data,synthetic_demo,false
DEMO-IMAGE-4874,necklace,synthetic_demo,Synthetic demo metadata,https://github.com/wa52/ai-customer-service/tree/main/data,synthetic_demo,false
DEMO-IMAGE-4875,earring,synthetic_demo,Synthetic demo metadata,https://github.com/wa52/ai-customer-service/tree/main/data,synthetic_demo,false
DEMO-IMAGE-4876,bracelet,synthetic_demo,Synthetic demo metadata,https://github.com/wa52/ai-customer-service/tree/main/data,synthetic_demo,false
DEMO-IMAGE-4877,ring,synthetic_demo,Synthetic demo metadata,https://github.com/wa52/ai-customer-service/tree/main/data,synthetic_demo,false
DEMO-IMAGE-4878,necklace,synthetic_demo,Synthetic demo metadata,https://github.com/wa52/ai-customer-service/tree/main/data,synthetic_demo,false
DEMO-IMAGE-4879,earring,synthetic_demo,Synthetic demo metadata,https://github.com/wa52/ai-customer-service/tree/main/data,synthetic_demo,false
DEMO-IMAGE-4880,bracelet,synthetic_demo,Synthetic demo metadata,https://github.com/wa52/ai-customer-service/tree/main/data,synthetic_demo,false
DEMO-IMAGE-4881,ring,synthetic_demo,Synthetic demo metadata,https://github.com/wa52/ai-customer-service/tree/main/data,synthetic_demo,false
DEMO-IMAGE-4882,necklace,synthetic_demo,Synthetic demo metadata,https://github.com/wa52/ai-customer-service/tree/main/data,synthetic_demo,false
DEMO-IMAGE-4883,earring,synthetic_demo,Synthetic demo metadata,https://github.com/wa52/ai-customer-service/tree/main/data,synthetic_demo,false
DEMO-IMAGE-4884,bracelet,synthetic_demo,Synthetic demo metadata,https://github.com/wa52/ai-customer-service/tree/main/data,synthetic_demo,false
DEMO-IMAGE-4885,ring,synthetic_demo,Synthetic demo metadata,https://github.com/wa52/ai-customer-service/tree/main/data,synthetic_demo,false
DEMO-IMAGE-4886,necklace,synthetic_demo,Synthetic demo metadata,https://github.com/wa52/ai-customer-service/tree/main/data,synthetic_demo,false
DEMO-IMAGE-4887,earring,synthetic_demo,Synthetic demo metadata,https://github.com/wa52/ai-customer-service/tree/main/data,synthetic_demo,false
DEMO-IMAGE-4888,bracelet,synthetic_demo,Synthetic demo metadata,https://github.com/wa52/ai-customer-service/tree/main/data,synthetic_demo,false
DEMO-IMAGE-4889,ring,synthetic_demo,Synthetic demo metadata,https://github.com/wa52/ai-customer-service/tree/main/data,synthetic_demo,false
DEMO-IMAGE-4890,necklace,synthetic_demo,Synthetic demo metadata,https://github.com/wa52/ai-customer-service/tree/main/data,synthetic_demo,false
DEMO-IMAGE-4891,earring,synthetic_demo,Synthetic demo metadata,https://github.com/wa52/ai-customer-service/tree/main/data,synthetic_demo,false
DEMO-IMAGE-4892,bracelet,synthetic_demo,Synthetic demo metadata,https://github.com/wa52/ai-customer-service/tree/main/data,synthetic_demo,false
DEMO-IMAGE-4893,ring,synthetic_demo,Synthetic demo metadata,https://github.com/wa52/ai-customer-service/tree/main/data,synthetic_demo,false
DEMO-IMAGE-4894,necklace,synthetic_demo,Synthetic demo metadata,https://github.com/wa52/ai-customer-service/tree/main/data,synthetic_demo,false
DEMO-IMAGE-4895,earring,synthetic_demo,Synthetic demo metadata,https://github.com/wa52/ai-customer-service/tree/main/data,synthetic_demo,false
DEMO-IMAGE-4896,bracelet,synthetic_demo,Synthetic demo metadata,https://github.com/wa52/ai-customer-service/tree/main/data,synthetic_demo,false
DEMO-IMAGE-4897,ring,synthetic_demo,Synthetic demo metadata,https://github.com/wa52/ai-customer-service/tree/main/data,synthetic_demo,false
DEMO-IMAGE-4898,necklace,synthetic_demo,Synthetic demo metadata,https://github.com/wa52/ai-customer-service/tree/main/data,synthetic_demo,false
DEMO-IMAGE-4899,earring,synthetic_demo,Synthetic demo metadata,https://github.com/wa52/ai-customer-service/tree/main/data,synthetic_demo,false
DEMO-IMAGE-4900,bracelet,synthetic_demo,Synthetic demo metadata,https://github.com/wa52/ai-customer-service/tree/main/data,synthetic_demo,false
DEMO-IMAGE-4901,ring,synthetic_demo,Synthetic demo metadata,https://github.com/wa52/ai-customer-service/tree/main/data,synthetic_demo,false
DEMO-IMAGE-4902,necklace,synthetic_demo,Synthetic demo metadata,https://github.com/wa52/ai-customer-service/tree/main/data,synthetic_demo,false
DEMO-IMAGE-4903,earring,synthetic_demo,Synthetic demo metadata,https://github.com/wa52/ai-customer-service/tree/main/data,synthetic_demo,false
DEMO-IMAGE-4904,bracelet,synthetic_demo,Synthetic demo metadata,https://github.com/wa52/ai-customer-service/tree/main/data,synthetic_demo,false
DEMO-IMAGE-4905,ring,synthetic_demo,Synthetic demo metadata,https://github.com/wa52/ai-customer-service/tree/main/data,synthetic_demo,false
DEMO-IMAGE-4906,necklace,synthetic_demo,Synthetic demo metadata,https://github.com/wa52/ai-customer-service/tree/main/data,synthetic_demo,false
DEMO-IMAGE-4907,earring,synthetic_demo,Synthetic demo metadata,https://github.com/wa52/ai-customer-service/tree/main/data,synthetic_demo,false
DEMO-IMAGE-4908,bracelet,synthetic_demo,Synthetic demo metadata,https://github.com/wa52/ai-customer-service/tree/main/data,synthetic_demo,false
DEMO-IMAGE-4909,ring,synthetic_demo,Synthetic demo metadata,https://github.com/wa52/ai-customer-service/tree/main/data,synthetic_demo,false
DEMO-IMAGE-4910,necklace,synthetic_demo,Synthetic demo metadata,https://github.com/wa52/ai-customer-service/tree/main/data,synthetic_demo,false
DEMO-IMAGE-4911,earring,synthetic_demo,Synthetic demo metadata,https://github.com/wa52/ai-customer-service/tree/main/data,synthetic_demo,false
DEMO-IMAGE-4912,bracelet,synthetic_demo,Synthetic demo metadata,https://github.com/wa52/ai-customer-service/tree/main/data,synthetic_demo,false
DEMO-IMAGE-4913,ring,synthetic_demo,Synthetic demo metadata,https://github.com/wa52/ai-customer-service/tree/main/data,synthetic_demo,false
DEMO-IMAGE-4914,necklace,synthetic_demo,Synthetic demo metadata,https://github.com/wa52/ai-customer-service/tree/main/data,synthetic_demo,false
DEMO-IMAGE-4915,earring,synthetic_demo,Synthetic demo metadata,https://github.com/wa52/ai-customer-service/tree/main/data,synthetic_demo,false
DEMO-IMAGE-4916,bracelet,synthetic_demo,Synthetic demo metadata,https://github.com/wa52/ai-customer-service/tree/main/data,synthetic_demo,false
DEMO-IMAGE-4917,ring,synthetic_demo,Synthetic demo metadata,https://github.com/wa52/ai-customer-service/tree/main/data,synthetic_demo,false
DEMO-IMAGE-4918,necklace,synthetic_demo,Synthetic demo metadata,https://github.com/wa52/ai-customer-service/tree/main/data,synthetic_demo,false
DEMO-IMAGE-4919,earring,synthetic_demo,Synthetic demo metadata,https://github.com/wa52/ai-customer-service/tree/main/data,synthetic_demo,false
DEMO-IMAGE-4920,bracelet,synthetic_demo,Synthetic demo metadata,https://github.com/wa52/ai-customer-service/tree/main/data,synthetic_demo,false
DEMO-IMAGE-4921,ring,synthetic_demo,Synthetic demo metadata,https://github.com/wa52/ai-customer-service/tree/main/data,synthetic_demo,false
DEMO-IMAGE-4922,necklace,synthetic_demo,Synthetic demo metadata,https://github.com/wa52/ai-customer-service/tree/main/data,synthetic_demo,false
DEMO-IMAGE-4923,earring,synthetic_demo,Synthetic demo metadata,https://github.com/wa52/ai-customer-service/tree/main/data,synthetic_demo,false
DEMO-IMAGE-4924,bracelet,synthetic_demo,Synthetic demo metadata,https://github.com/wa52/ai-customer-service/tree/main/data,synthetic_demo,false
DEMO-IMAGE-4925,ring,synthetic_demo,Synthetic demo metadata,https://github.com/wa52/ai-customer-service/tree/main/data,synthetic_demo,false
DEMO-IMAGE-4926,necklace,synthetic_demo,Synthetic demo metadata,https://github.com/wa52/ai-customer-service/tree/main/data,synthetic_demo,false
DEMO-IMAGE-4927,earring,synthetic_demo,Synthetic demo metadata,https://github.com/wa52/ai-customer-service/tree/main/data,synthetic_demo,false
DEMO-IMAGE-4928,bracelet,synthetic_demo,Synthetic demo metadata,https://github.com/wa52/ai-customer-service/tree/main/data,synthetic_demo,false
DEMO-IMAGE-4929,ring,synthetic_demo,Synthetic demo metadata,https://github.com/wa52/ai-customer-service/tree/main/data,synthetic_demo,false
DEMO-IMAGE-4930,necklace,synthetic_demo,Synthetic demo metadata,https://github.com/wa52/ai-customer-service/tree/main/data,synthetic_demo,false
DEMO-IMAGE-4931,earring,synthetic_demo,Synthetic demo metadata,https://github.com/wa52/ai-customer-service/tree/main/data,synthetic_demo,false
DEMO-IMAGE-4932,bracelet,synthetic_demo,Synthetic demo metadata,https://github.com/wa52/ai-customer-service/tree/main/data,synthetic_demo,false
DEMO-IMAGE-4933,ring,synthetic_demo,Synthetic demo metadata,https://github.com/wa52/ai-customer-service/tree/main/data,synthetic_demo,false
DEMO-IMAGE-4934,necklace,synthetic_demo,Synthetic demo metadata,https://github.com/wa52/ai-customer-service/tree/main/data,synthetic_demo,false
DEMO-IMAGE-4935,earring,synthetic_demo,Synthetic demo metadata,https://github.com/wa52/ai-customer-service/tree/main/data,synthetic_demo,false
DEMO-IMAGE-4936,bracelet,synthetic_demo,Synthetic demo metadata,https://github.com/wa52/ai-customer-service/tree/main/data,synthetic_demo,false
DEMO-IMAGE-4937,ring,synthetic_demo,Synthetic demo metadata,https://github.com/wa52/ai-customer-service/tree/main/data,synthetic_demo,false
DEMO-IMAGE-4938,necklace,synthetic_demo,Synthetic demo metadata,https://github.com/wa52/ai-customer-service/tree/main/data,synthetic_demo,false
DEMO-IMAGE-4939,earring,synthetic_demo,Synthetic demo metadata,https://github.com/wa52/ai-customer-service/tree/main/data,synthetic_demo,false
DEMO-IMAGE-4940,bracelet,synthetic_demo,Synthetic demo metadata,https://github.com/wa52/ai-customer-service/tree/main/data,synthetic_demo,false
DEMO-IMAGE-4941,ring,synthetic_demo,Synthetic demo metadata,https://github.com/wa52/ai-customer-service/tree/main/data,synthetic_demo,false
DEMO-IMAGE-4942,necklace,synthetic_demo,Synthetic demo metadata,https://github.com/wa52/ai-customer-service/tree/main/data,synthetic_demo,false
DEMO-IMAGE-4943,earring,synthetic_demo,Synthetic demo metadata,https://github.com/wa52/ai-customer-service/tree/main/data,synthetic_demo,false
DEMO-IMAGE-4944,bracelet,synthetic_demo,Synthetic demo metadata,https://github.com/wa52/ai-customer-service/tree/main/data,synthetic_demo,false
DEMO-IMAGE-4945,ring,synthetic_demo,Synthetic demo metadata,https://github.com/wa52/ai-customer-service/tree/main/data,synthetic_demo,false
DEMO-IMAGE-4946,necklace,synthetic_demo,Synthetic demo metadata,https://github.com/wa52/ai-customer-service/tree/main/data,synthetic_demo,false
DEMO-IMAGE-4947,earring,synthetic_demo,Synthetic demo metadata,https://github.com/wa52/ai-customer-service/tree/main/data,synthetic_demo,false
DEMO-IMAGE-4948,bracelet,synthetic_demo,Synthetic demo metadata,https://github.com/wa52/ai-customer-service/tree/main/data,synthetic_demo,false
DEMO-IMAGE-4949,ring,synthetic_demo,Synthetic demo metadata,https://github.com/wa52/ai-customer-service/tree/main/data,synthetic_demo,false
DEMO-IMAGE-4950,necklace,synthetic_demo,Synthetic demo metadata,https://github.com/wa52/ai-customer-service/tree/main/data,synthetic_demo,false
DEMO-IMAGE-4951,earring,synthetic_demo,Synthetic demo metadata,https://github.com/wa52/ai-customer-service/tree/main/data,synthetic_demo,false
DEMO-IMAGE-4952,bracelet,synthetic_demo,Synthetic demo metadata,https://github.com/wa52/ai-customer-service/tree/main/data,synthetic_demo,false
DEMO-IMAGE-4953,ring,synthetic_demo,Synthetic demo metadata,https://github.com/wa52/ai-customer-service/tree/main/data,synthetic_demo,false
DEMO-IMAGE-4954,necklace,synthetic_demo,Synthetic demo metadata,https://github.com/wa52/ai-customer-service/tree/main/data,synthetic_demo,false
DEMO-IMAGE-4955,earring,synthetic_demo,Synthetic demo metadata,https://github.com/wa52/ai-customer-service/tree/main/data,synthetic_demo,false
DEMO-IMAGE-4956,bracelet,synthetic_demo,Synthetic demo metadata,https://github.com/wa52/ai-customer-service/tree/main/data,synthetic_demo,false
DEMO-IMAGE-4957,ring,synthetic_demo,Synthetic demo metadata,https://github.com/wa52/ai-customer-service/tree/main/data,synthetic_demo,false
DEMO-IMAGE-4958,necklace,synthetic_demo,Synthetic demo metadata,https://github.com/wa52/ai-customer-service/tree/main/data,synthetic_demo,false
DEMO-IMAGE-4959,earring,synthetic_demo,Synthetic demo metadata,https://github.com/wa52/ai-customer-service/tree/main/data,synthetic_demo,false
DEMO-IMAGE-4960,bracelet,synthetic_demo,Synthetic demo metadata,https://github.com/wa52/ai-customer-service/tree/main/data,synthetic_demo,false
DEMO-IMAGE-4961,ring,synthetic_demo,Synthetic demo metadata,https://github.com/wa52/ai-customer-service/tree/main/data,synthetic_demo,false
DEMO-IMAGE-4962,necklace,synthetic_demo,Synthetic demo metadata,https://github.com/wa52/ai-customer-service/tree/main/data,synthetic_demo,false
DEMO-IMAGE-4963,earring,synthetic_demo,Synthetic demo metadata,https://github.com/wa52/ai-customer-service/tree/main/data,synthetic_demo,false
DEMO-IMAGE-4964,bracelet,synthetic_demo,Synthetic demo metadata,https://github.com/wa52/ai-customer-service/tree/main/data,synthetic_demo,false
DEMO-IMAGE-4965,ring,synthetic_demo,Synthetic demo metadata,https://github.com/wa52/ai-customer-service/tree/main/data,synthetic_demo,false
DEMO-IMAGE-4966,necklace,synthetic_demo,Synthetic demo metadata,https://github.com/wa52/ai-customer-service/tree/main/data,synthetic_demo,false
DEMO-IMAGE-4967,earring,synthetic_demo,Synthetic demo metadata,https://github.com/wa52/ai-customer-service/tree/main/data,synthetic_demo,false
DEMO-IMAGE-4968,bracelet,synthetic_demo,Synthetic demo metadata,https://github.com/wa52/ai-customer-service/tree/main/data,synthetic_demo,false
DEMO-IMAGE-4969,ring,synthetic_demo,Synthetic demo metadata,https://github.com/wa52/ai-customer-service/tree/main/data,synthetic_demo,false
DEMO-IMAGE-4970,necklace,synthetic_demo,Synthetic demo metadata,https://github.com/wa52/ai-customer-service/tree/main/data,synthetic_demo,false
DEMO-IMAGE-4971,earring,synthetic_demo,Synthetic demo metadata,https://github.com/wa52/ai-customer-service/tree/main/data,synthetic_demo,false
DEMO-IMAGE-4972,bracelet,synthetic_demo,Synthetic demo metadata,https://github.com/wa52/ai-customer-service/tree/main/data,synthetic_demo,false
DEMO-IMAGE-4973,ring,synthetic_demo,Synthetic demo metadata,https://github.com/wa52/ai-customer-service/tree/main/data,synthetic_demo,false
DEMO-IMAGE-4974,necklace,synthetic_demo,Synthetic demo metadata,https://github.com/wa52/ai-customer-service/tree/main/data,synthetic_demo,false
DEMO-IMAGE-4975,earring,synthetic_demo,Synthetic demo metadata,https://github.com/wa52/ai-customer-service/tree/main/data,synthetic_demo,false
DEMO-IMAGE-4976,bracelet,synthetic_demo,Synthetic demo metadata,https://github.com/wa52/ai-customer-service/tree/main/data,synthetic_demo,false
DEMO-IMAGE-4977,ring,synthetic_demo,Synthetic demo metadata,https://github.com/wa52/ai-customer-service/tree/main/data,synthetic_demo,false
DEMO-IMAGE-4978,necklace,synthetic_demo,Synthetic demo metadata,https://github.com/wa52/ai-customer-service/tree/main/data,synthetic_demo,false
DEMO-IMAGE-4979,earring,synthetic_demo,Synthetic demo metadata,https://github.com/wa52/ai-customer-service/tree/main/data,synthetic_demo,false
DEMO-IMAGE-4980,bracelet,synthetic_demo,Synthetic demo metadata,https://github.com/wa52/ai-customer-service/tree/main/data,synthetic_demo,false
DEMO-IMAGE-4981,ring,synthetic_demo,Synthetic demo metadata,https://github.com/wa52/ai-customer-service/tree/main/data,synthetic_demo,false
DEMO-IMAGE-4982,necklace,synthetic_demo,Synthetic demo metadata,https://github.com/wa52/ai-customer-service/tree/main/data,synthetic_demo,false
DEMO-IMAGE-4983,earring,synthetic_demo,Synthetic demo metadata,https://github.com/wa52/ai-customer-service/tree/main/data,synthetic_demo,false
DEMO-IMAGE-4984,bracelet,synthetic_demo,Synthetic demo metadata,https://github.com/wa52/ai-customer-service/tree/main/data,synthetic_demo,false
DEMO-IMAGE-4985,ring,synthetic_demo,Synthetic demo metadata,https://github.com/wa52/ai-customer-service/tree/main/data,synthetic_demo,false
DEMO-IMAGE-4986,necklace,synthetic_demo,Synthetic demo metadata,https://github.com/wa52/ai-customer-service/tree/main/data,synthetic_demo,false
DEMO-IMAGE-4987,earring,synthetic_demo,Synthetic demo metadata,https://github.com/wa52/ai-customer-service/tree/main/data,synthetic_demo,false
DEMO-IMAGE-4988,bracelet,synthetic_demo,Synthetic demo metadata,https://github.com/wa52/ai-customer-service/tree/main/data,synthetic_demo,false
DEMO-IMAGE-4989,ring,synthetic_demo,Synthetic demo metadata,https://github.com/wa52/ai-customer-service/tree/main/data,synthetic_demo,false
DEMO-IMAGE-4990,necklace,synthetic_demo,Synthetic demo metadata,https://github.com/wa52/ai-customer-service/tree/main/data,synthetic_demo,false
DEMO-IMAGE-4991,earring,synthetic_demo,Synthetic demo metadata,https://github.com/wa52/ai-customer-service/tree/main/data,synthetic_demo,false
DEMO-IMAGE-4992,bracelet,synthetic_demo,Synthetic demo metadata,https://github.com/wa52/ai-customer-service/tree/main/data,synthetic_demo,false
DEMO-IMAGE-4993,ring,synthetic_demo,Synthetic demo metadata,https://github.com/wa52/ai-customer-service/tree/main/data,synthetic_demo,false
DEMO-IMAGE-4994,necklace,synthetic_demo,Synthetic demo metadata,https://github.com/wa52/ai-customer-service/tree/main/data,synthetic_demo,false
DEMO-IMAGE-4995,earring,synthetic_demo,Synthetic demo metadata,https://github.com/wa52/ai-customer-service/tree/main/data,synthetic_demo,false
DEMO-IMAGE-4996,bracelet,synthetic_demo,Synthetic demo metadata,https://github.com/wa52/ai-customer-service/tree/main/data,synthetic_demo,false
DEMO-IMAGE-4997,ring,synthetic_demo,Synthetic demo metadata,https://github.com/wa52/ai-customer-service/tree/main/data,synthetic_demo,false
DEMO-IMAGE-4998,necklace,synthetic_demo,Synthetic demo metadata,https://github.com/wa52/ai-customer-service/tree/main/data,synthetic_demo,false
DEMO-IMAGE-4999,earring,synthetic_demo,Synthetic demo metadata,https://github.com/wa52/ai-customer-service/tree/main/data,synthetic_demo,false
DEMO-IMAGE-5000,bracelet,synthetic_demo,Synthetic demo metadata,https://github.com/wa52/ai-customer-service/tree/main/data,synthetic_demo,false
DEMO-IMAGE-5001,ring,synthetic_demo,Synthetic demo metadata,https://github.com/wa52/ai-customer-service/tree/main/data,synthetic_demo,false
DEMO-IMAGE-5002,necklace,synthetic_demo,Synthetic demo metadata,https://github.com/wa52/ai-customer-service/tree/main/data,synthetic_demo,false
DEMO-IMAGE-5003,earring,synthetic_demo,Synthetic demo metadata,https://github.com/wa52/ai-customer-service/tree/main/data,synthetic_demo,false
DEMO-IMAGE-5004,bracelet,synthetic_demo,Synthetic demo metadata,https://github.com/wa52/ai-customer-service/tree/main/data,synthetic_demo,false
DEMO-IMAGE-5005,ring,synthetic_demo,Synthetic demo metadata,https://github.com/wa52/ai-customer-service/tree/main/data,synthetic_demo,false
DEMO-IMAGE-5006,necklace,synthetic_demo,Synthetic demo metadata,https://github.com/wa52/ai-customer-service/tree/main/data,synthetic_demo,false
DEMO-IMAGE-5007,earring,synthetic_demo,Synthetic demo metadata,https://github.com/wa52/ai-customer-service/tree/main/data,synthetic_demo,false
DEMO-IMAGE-5008,bracelet,synthetic_demo,Synthetic demo metadata,https://github.com/wa52/ai-customer-service/tree/main/data,synthetic_demo,false
DEMO-IMAGE-5009,ring,synthetic_demo,Synthetic demo metadata,https://github.com/wa52/ai-customer-service/tree/main/data,synthetic_demo,false
DEMO-IMAGE-5010,necklace,synthetic_demo,Synthetic demo metadata,https://github.com/wa52/ai-customer-service/tree/main/data,synthetic_demo,false
DEMO-IMAGE-5011,earring,synthetic_demo,Synthetic demo metadata,https://github.com/wa52/ai-customer-service/tree/main/data,synthetic_demo,false
DEMO-IMAGE-5012,bracelet,synthetic_demo,Synthetic demo metadata,https://github.com/wa52/ai-customer-service/tree/main/data,synthetic_demo,false
DEMO-IMAGE-5013,ring,synthetic_demo,Synthetic demo metadata,https://github.com/wa52/ai-customer-service/tree/main/data,synthetic_demo,false
DEMO-IMAGE-5014,necklace,synthetic_demo,Synthetic demo metadata,https://github.com/wa52/ai-customer-service/tree/main/data,synthetic_demo,false
DEMO-IMAGE-5015,earring,synthetic_demo,Synthetic demo metadata,https://github.com/wa52/ai-customer-service/tree/main/data,synthetic_demo,false
DEMO-IMAGE-5016,bracelet,synthetic_demo,Synthetic demo metadata,https://github.com/wa52/ai-customer-service/tree/main/data,synthetic_demo,false
DEMO-IMAGE-5017,ring,synthetic_demo,Synthetic demo metadata,https://github.com/wa52/ai-customer-service/tree/main/data,synthetic_demo,false
DEMO-IMAGE-5018,necklace,synthetic_demo,Synthetic demo metadata,https://github.com/wa52/ai-customer-service/tree/main/data,synthetic_demo,false
DEMO-IMAGE-5019,earring,synthetic_demo,Synthetic demo metadata,https://github.com/wa52/ai-customer-service/tree/main/data,synthetic_demo,false
DEMO-IMAGE-5020,bracelet,synthetic_demo,Synthetic demo metadata,https://github.com/wa52/ai-customer-service/tree/main/data,synthetic_demo,false
DEMO-IMAGE-5021,ring,synthetic_demo,Synthetic demo metadata,https://github.com/wa52/ai-customer-service/tree/main/data,synthetic_demo,false
DEMO-IMAGE-5022,necklace,synthetic_demo,Synthetic demo metadata,https://github.com/wa52/ai-customer-service/tree/main/data,synthetic_demo,false
DEMO-IMAGE-5023,earring,synthetic_demo,Synthetic demo metadata,https://github.com/wa52/ai-customer-service/tree/main/data,synthetic_demo,false
DEMO-IMAGE-5024,bracelet,synthetic_demo,Synthetic demo metadata,https://github.com/wa52/ai-customer-service/tree/main/data,synthetic_demo,false
DEMO-IMAGE-5025,ring,synthetic_demo,Synthetic demo metadata,https://github.com/wa52/ai-customer-service/tree/main/data,synthetic_demo,false
DEMO-IMAGE-5026,necklace,synthetic_demo,Synthetic demo metadata,https://github.com/wa52/ai-customer-service/tree/main/data,synthetic_demo,false
DEMO-IMAGE-5027,earring,synthetic_demo,Synthetic demo metadata,https://github.com/wa52/ai-customer-service/tree/main/data,synthetic_demo,false
DEMO-IMAGE-5028,bracelet,synthetic_demo,Synthetic demo metadata,https://github.com/wa52/ai-customer-service/tree/main/data,synthetic_demo,false
DEMO-IMAGE-5029,ring,synthetic_demo,Synthetic demo metadata,https://github.com/wa52/ai-customer-service/tree/main/data,synthetic_demo,false
DEMO-IMAGE-5030,necklace,synthetic_demo,Synthetic demo metadata,https://github.com/wa52/ai-customer-service/tree/main/data,synthetic_demo,false
DEMO-IMAGE-5031,earring,synthetic_demo,Synthetic demo metadata,https://github.com/wa52/ai-customer-service/tree/main/data,synthetic_demo,false
DEMO-IMAGE-5032,bracelet,synthetic_demo,Synthetic demo metadata,https://github.com/wa52/ai-customer-service/tree/main/data,synthetic_demo,false
DEMO-IMAGE-5033,ring,synthetic_demo,Synthetic demo metadata,https://github.com/wa52/ai-customer-service/tree/main/data,synthetic_demo,false
DEMO-IMAGE-5034,necklace,synthetic_demo,Synthetic demo metadata,https://github.com/wa52/ai-customer-service/tree/main/data,synthetic_demo,false
DEMO-IMAGE-5035,earring,synthetic_demo,Synthetic demo metadata,https://github.com/wa52/ai-customer-service/tree/main/data,synthetic_demo,false
DEMO-IMAGE-5036,bracelet,synthetic_demo,Synthetic demo metadata,https://github.com/wa52/ai-customer-service/tree/main/data,synthetic_demo,false
DEMO-IMAGE-5037,ring,synthetic_demo,Synthetic demo metadata,https://github.com/wa52/ai-customer-service/tree/main/data,synthetic_demo,false
DEMO-IMAGE-5038,necklace,synthetic_demo,Synthetic demo metadata,https://github.com/wa52/ai-customer-service/tree/main/data,synthetic_demo,false
DEMO-IMAGE-5039,earring,synthetic_demo,Synthetic demo metadata,https://github.com/wa52/ai-customer-service/tree/main/data,synthetic_demo,false
DEMO-IMAGE-5040,bracelet,synthetic_demo,Synthetic demo metadata,https://github.com/wa52/ai-customer-service/tree/main/data,synthetic_demo,false
DEMO-IMAGE-5041,ring,synthetic_demo,Synthetic demo metadata,https://github.com/wa52/ai-customer-service/tree/main/data,synthetic_demo,false
DEMO-IMAGE-5042,necklace,synthetic_demo,Synthetic demo metadata,https://github.com/wa52/ai-customer-service/tree/main/data,synthetic_demo,false
DEMO-IMAGE-5043,earring,synthetic_demo,Synthetic demo metadata,https://github.com/wa52/ai-customer-service/tree/main/data,synthetic_demo,false
DEMO-IMAGE-5044,bracelet,synthetic_demo,Synthetic demo metadata,https://github.com/wa52/ai-customer-service/tree/main/data,synthetic_demo,false
DEMO-IMAGE-5045,ring,synthetic_demo,Synthetic demo metadata,https://github.com/wa52/ai-customer-service/tree/main/data,synthetic_demo,false
DEMO-IMAGE-5046,necklace,synthetic_demo,Synthetic demo metadata,https://github.com/wa52/ai-customer-service/tree/main/data,synthetic_demo,false
DEMO-IMAGE-5047,earring,synthetic_demo,Synthetic demo metadata,https://github.com/wa52/ai-customer-service/tree/main/data,synthetic_demo,false
DEMO-IMAGE-5048,bracelet,synthetic_demo,Synthetic demo metadata,https://github.com/wa52/ai-customer-service/tree/main/data,synthetic_demo,false
DEMO-IMAGE-5049,ring,synthetic_demo,Synthetic demo metadata,https://github.com/wa52/ai-customer-service/tree/main/data,synthetic_demo,false
DEMO-IMAGE-5050,necklace,synthetic_demo,Synthetic demo metadata,https://github.com/wa52/ai-customer-service/tree/main/data,synthetic_demo,false
DEMO-IMAGE-5051,earring,synthetic_demo,Synthetic demo metadata,https://github.com/wa52/ai-customer-service/tree/main/data,synthetic_demo,false
DEMO-IMAGE-5052,bracelet,synthetic_demo,Synthetic demo metadata,https://github.com/wa52/ai-customer-service/tree/main/data,synthetic_demo,false
DEMO-IMAGE-5053,ring,synthetic_demo,Synthetic demo metadata,https://github.com/wa52/ai-customer-service/tree/main/data,synthetic_demo,false
DEMO-IMAGE-5054,necklace,synthetic_demo,Synthetic demo metadata,https://github.com/wa52/ai-customer-service/tree/main/data,synthetic_demo,false
DEMO-IMAGE-5055,earring,synthetic_demo,Synthetic demo metadata,https://github.com/wa52/ai-customer-service/tree/main/data,synthetic_demo,false
DEMO-IMAGE-5056,bracelet,synthetic_demo,Synthetic demo metadata,https://github.com/wa52/ai-customer-service/tree/main/data,synthetic_demo,false
DEMO-IMAGE-5057,ring,synthetic_demo,Synthetic demo metadata,https://github.com/wa52/ai-customer-service/tree/main/data,synthetic_demo,false
DEMO-IMAGE-5058,necklace,synthetic_demo,Synthetic demo metadata,https://github.com/wa52/ai-customer-service/tree/main/data,synthetic_demo,false
DEMO-IMAGE-5059,earring,synthetic_demo,Synthetic demo metadata,https://github.com/wa52/ai-customer-service/tree/main/data,synthetic_demo,false
DEMO-IMAGE-5060,bracelet,synthetic_demo,Synthetic demo metadata,https://github.com/wa52/ai-customer-service/tree/main/data,synthetic_demo,false
DEMO-IMAGE-5061,ring,synthetic_demo,Synthetic demo metadata,https://github.com/wa52/ai-customer-service/tree/main/data,synthetic_demo,false
DEMO-IMAGE-5062,necklace,synthetic_demo,Synthetic demo metadata,https://github.com/wa52/ai-customer-service/tree/main/data,synthetic_demo,false
DEMO-IMAGE-5063,earring,synthetic_demo,Synthetic demo metadata,https://github.com/wa52/ai-customer-service/tree/main/data,synthetic_demo,false
DEMO-IMAGE-5064,bracelet,synthetic_demo,Synthetic demo metadata,https://github.com/wa52/ai-customer-service/tree/main/data,synthetic_demo,false
DEMO-IMAGE-5065,ring,synthetic_demo,Synthetic demo metadata,https://github.com/wa52/ai-customer-service/tree/main/data,synthetic_demo,false
DEMO-IMAGE-5066,necklace,synthetic_demo,Synthetic demo metadata,https://github.com/wa52/ai-customer-service/tree/main/data,synthetic_demo,false
DEMO-IMAGE-5067,earring,synthetic_demo,Synthetic demo metadata,https://github.com/wa52/ai-customer-service/tree/main/data,synthetic_demo,false
DEMO-IMAGE-5068,bracelet,synthetic_demo,Synthetic demo metadata,https://github.com/wa52/ai-customer-service/tree/main/data,synthetic_demo,false
DEMO-IMAGE-5069,ring,synthetic_demo,Synthetic demo metadata,https://github.com/wa52/ai-customer-service/tree/main/data,synthetic_demo,false
DEMO-IMAGE-5070,necklace,synthetic_demo,Synthetic demo metadata,https://github.com/wa52/ai-customer-service/tree/main/data,synthetic_demo,false
DEMO-IMAGE-5071,earring,synthetic_demo,Synthetic demo metadata,https://github.com/wa52/ai-customer-service/tree/main/data,synthetic_demo,false
DEMO-IMAGE-5072,bracelet,synthetic_demo,Synthetic demo metadata,https://github.com/wa52/ai-customer-service/tree/main/data,synthetic_demo,false
DEMO-IMAGE-5073,ring,synthetic_demo,Synthetic demo metadata,https://github.com/wa52/ai-customer-service/tree/main/data,synthetic_demo,false
DEMO-IMAGE-5074,necklace,synthetic_demo,Synthetic demo metadata,https://github.com/wa52/ai-customer-service/tree/main/data,synthetic_demo,false
DEMO-IMAGE-5075,earring,synthetic_demo,Synthetic demo metadata,https://github.com/wa52/ai-customer-service/tree/main/data,synthetic_demo,false
DEMO-IMAGE-5076,bracelet,synthetic_demo,Synthetic demo metadata,https://github.com/wa52/ai-customer-service/tree/main/data,synthetic_demo,false
DEMO-IMAGE-5077,ring,synthetic_demo,Synthetic demo metadata,https://github.com/wa52/ai-customer-service/tree/main/data,synthetic_demo,false
DEMO-IMAGE-5078,necklace,synthetic_demo,Synthetic demo metadata,https://github.com/wa52/ai-customer-service/tree/main/data,synthetic_demo,false
DEMO-IMAGE-5079,earring,synthetic_demo,Synthetic demo metadata,https://github.com/wa52/ai-customer-service/tree/main/data,synthetic_demo,false
DEMO-IMAGE-5080,bracelet,synthetic_demo,Synthetic demo metadata,https://github.com/wa52/ai-customer-service/tree/main/data,synthetic_demo,false
DEMO-IMAGE-5081,ring,synthetic_demo,Synthetic demo metadata,https://github.com/wa52/ai-customer-service/tree/main/data,synthetic_demo,false
DEMO-IMAGE-5082,necklace,synthetic_demo,Synthetic demo metadata,https://github.com/wa52/ai-customer-service/tree/main/data,synthetic_demo,false
DEMO-IMAGE-5083,earring,synthetic_demo,Synthetic demo metadata,https://github.com/wa52/ai-customer-service/tree/main/data,synthetic_demo,false
DEMO-IMAGE-5084,bracelet,synthetic_demo,Synthetic demo metadata,https://github.com/wa52/ai-customer-service/tree/main/data,synthetic_demo,false
DEMO-IMAGE-5085,ring,synthetic_demo,Synthetic demo metadata,https://github.com/wa52/ai-customer-service/tree/main/data,synthetic_demo,false
DEMO-IMAGE-5086,necklace,synthetic_demo,Synthetic demo metadata,https://github.com/wa52/ai-customer-service/tree/main/data,synthetic_demo,false
DEMO-IMAGE-5087,earring,synthetic_demo,Synthetic demo metadata,https://github.com/wa52/ai-customer-service/tree/main/data,synthetic_demo,false
DEMO-IMAGE-5088,bracelet,synthetic_demo,Synthetic demo metadata,https://github.com/wa52/ai-customer-service/tree/main/data,synthetic_demo,false
DEMO-IMAGE-5089,ring,synthetic_demo,Synthetic demo metadata,https://github.com/wa52/ai-customer-service/tree/main/data,synthetic_demo,false
DEMO-IMAGE-5090,necklace,synthetic_demo,Synthetic demo metadata,https://github.com/wa52/ai-customer-service/tree/main/data,synthetic_demo,false
DEMO-IMAGE-5091,earring,synthetic_demo,Synthetic demo metadata,https://github.com/wa52/ai-customer-service/tree/main/data,synthetic_demo,false
DEMO-IMAGE-5092,bracelet,synthetic_demo,Synthetic demo metadata,https://github.com/wa52/ai-customer-service/tree/main/data,synthetic_demo,false
DEMO-IMAGE-5093,ring,synthetic_demo,Synthetic demo metadata,https://github.com/wa52/ai-customer-service/tree/main/data,synthetic_demo,false
DEMO-IMAGE-5094,necklace,synthetic_demo,Synthetic demo metadata,https://github.com/wa52/ai-customer-service/tree/main/data,synthetic_demo,false
DEMO-IMAGE-5095,earring,synthetic_demo,Synthetic demo metadata,https://github.com/wa52/ai-customer-service/tree/main/data,synthetic_demo,false
DEMO-IMAGE-5096,bracelet,synthetic_demo,Synthetic demo metadata,https://github.com/wa52/ai-customer-service/tree/main/data,synthetic_demo,false
DEMO-IMAGE-5097,ring,synthetic_demo,Synthetic demo metadata,https://github.com/wa52/ai-customer-service/tree/main/data,synthetic_demo,false
DEMO-IMAGE-5098,necklace,synthetic_demo,Synthetic demo metadata,https://github.com/wa52/ai-customer-service/tree/main/data,synthetic_demo,false
DEMO-IMAGE-5099,earring,synthetic_demo,Synthetic demo metadata,https://github.com/wa52/ai-customer-service/tree/main/data,synthetic_demo,false
DEMO-IMAGE-5100,bracelet,synthetic_demo,Synthetic demo metadata,https://github.com/wa52/ai-customer-service/tree/main/data,synthetic_demo,false
DEMO-IMAGE-5101,ring,synthetic_demo,Synthetic demo metadata,https://github.com/wa52/ai-customer-service/tree/main/data,synthetic_demo,false
DEMO-IMAGE-5102,necklace,synthetic_demo,Synthetic demo metadata,https://github.com/wa52/ai-customer-service/tree/main/data,synthetic_demo,false
DEMO-IMAGE-5103,earring,synthetic_demo,Synthetic demo metadata,https://github.com/wa52/ai-customer-service/tree/main/data,synthetic_demo,false
DEMO-IMAGE-5104,bracelet,synthetic_demo,Synthetic demo metadata,https://github.com/wa52/ai-customer-service/tree/main/data,synthetic_demo,false
DEMO-IMAGE-5105,ring,synthetic_demo,Synthetic demo metadata,https://github.com/wa52/ai-customer-service/tree/main/data,synthetic_demo,false
DEMO-IMAGE-5106,necklace,synthetic_demo,Synthetic demo metadata,https://github.com/wa52/ai-customer-service/tree/main/data,synthetic_demo,false
DEMO-IMAGE-5107,earring,synthetic_demo,Synthetic demo metadata,https://github.com/wa52/ai-customer-service/tree/main/data,synthetic_demo,false
DEMO-IMAGE-5108,bracelet,synthetic_demo,Synthetic demo metadata,https://github.com/wa52/ai-customer-service/tree/main/data,synthetic_demo,false
DEMO-IMAGE-5109,ring,synthetic_demo,Synthetic demo metadata,https://github.com/wa52/ai-customer-service/tree/main/data,synthetic_demo,false
DEMO-IMAGE-5110,necklace,synthetic_demo,Synthetic demo metadata,https://github.com/wa52/ai-customer-service/tree/main/data,synthetic_demo,false
DEMO-IMAGE-5111,earring,synthetic_demo,Synthetic demo metadata,https://github.com/wa52/ai-customer-service/tree/main/data,synthetic_demo,false
DEMO-IMAGE-5112,bracelet,synthetic_demo,Synthetic demo metadata,https://github.com/wa52/ai-customer-service/tree/main/data,synthetic_demo,false
DEMO-IMAGE-5113,ring,synthetic_demo,Synthetic demo metadata,https://github.com/wa52/ai-customer-service/tree/main/data,synthetic_demo,false
DEMO-IMAGE-5114,necklace,synthetic_demo,Synthetic demo metadata,https://github.com/wa52/ai-customer-service/tree/main/data,synthetic_demo,false
DEMO-IMAGE-5115,earring,synthetic_demo,Synthetic demo metadata,https://github.com/wa52/ai-customer-service/tree/main/data,synthetic_demo,false
DEMO-IMAGE-5116,bracelet,synthetic_demo,Synthetic demo metadata,https://github.com/wa52/ai-customer-service/tree/main/data,synthetic_demo,false
DEMO-IMAGE-5117,ring,synthetic_demo,Synthetic demo metadata,https://github.com/wa52/ai-customer-service/tree/main/data,synthetic_demo,false
DEMO-IMAGE-5118,necklace,synthetic_demo,Synthetic demo metadata,https://github.com/wa52/ai-customer-service/tree/main/data,synthetic_demo,false
DEMO-IMAGE-5119,earring,synthetic_demo,Synthetic demo metadata,https://github.com/wa52/ai-customer-service/tree/main/data,synthetic_demo,false
DEMO-IMAGE-5120,bracelet,synthetic_demo,Synthetic demo metadata,https://github.com/wa52/ai-customer-service/tree/main/data,synthetic_demo,false
DEMO-IMAGE-5121,ring,synthetic_demo,Synthetic demo metadata,https://github.com/wa52/ai-customer-service/tree/main/data,synthetic_demo,false
DEMO-IMAGE-5122,necklace,synthetic_demo,Synthetic demo metadata,https://github.com/wa52/ai-customer-service/tree/main/data,synthetic_demo,false
DEMO-IMAGE-5123,earring,synthetic_demo,Synthetic demo metadata,https://github.com/wa52/ai-customer-service/tree/main/data,synthetic_demo,false
DEMO-IMAGE-5124,bracelet,synthetic_demo,Synthetic demo metadata,https://github.com/wa52/ai-customer-service/tree/main/data,synthetic_demo,false
DEMO-IMAGE-5125,ring,synthetic_demo,Synthetic demo metadata,https://github.com/wa52/ai-customer-service/tree/main/data,synthetic_demo,false
DEMO-IMAGE-5126,necklace,synthetic_demo,Synthetic demo metadata,https://github.com/wa52/ai-customer-service/tree/main/data,synthetic_demo,false
DEMO-IMAGE-5127,earring,synthetic_demo,Synthetic demo metadata,https://github.com/wa52/ai-customer-service/tree/main/data,synthetic_demo,false
DEMO-IMAGE-5128,bracelet,synthetic_demo,Synthetic demo metadata,https://github.com/wa52/ai-customer-service/tree/main/data,synthetic_demo,false
DEMO-IMAGE-5129,ring,synthetic_demo,Synthetic demo metadata,https://github.com/wa52/ai-customer-service/tree/main/data,synthetic_demo,false
DEMO-IMAGE-5130,necklace,synthetic_demo,Synthetic demo metadata,https://github.com/wa52/ai-customer-service/tree/main/data,synthetic_demo,false
DEMO-IMAGE-5131,earring,synthetic_demo,Synthetic demo metadata,https://github.com/wa52/ai-customer-service/tree/main/data,synthetic_demo,false
DEMO-IMAGE-5132,bracelet,synthetic_demo,Synthetic demo metadata,https://github.com/wa52/ai-customer-service/tree/main/data,synthetic_demo,false
DEMO-IMAGE-5133,ring,synthetic_demo,Synthetic demo metadata,https://github.com/wa52/ai-customer-service/tree/main/data,synthetic_demo,false
DEMO-IMAGE-5134,necklace,synthetic_demo,Synthetic demo metadata,https://github.com/wa52/ai-customer-service/tree/main/data,synthetic_demo,false
DEMO-IMAGE-5135,earring,synthetic_demo,Synthetic demo metadata,https://github.com/wa52/ai-customer-service/tree/main/data,synthetic_demo,false
DEMO-IMAGE-5136,bracelet,synthetic_demo,Synthetic demo metadata,https://github.com/wa52/ai-customer-service/tree/main/data,synthetic_demo,false
DEMO-IMAGE-5137,ring,synthetic_demo,Synthetic demo metadata,https://github.com/wa52/ai-customer-service/tree/main/data,synthetic_demo,false
DEMO-IMAGE-5138,necklace,synthetic_demo,Synthetic demo metadata,https://github.com/wa52/ai-customer-service/tree/main/data,synthetic_demo,false
DEMO-IMAGE-5139,earring,synthetic_demo,Synthetic demo metadata,https://github.com/wa52/ai-customer-service/tree/main/data,synthetic_demo,false
DEMO-IMAGE-5140,bracelet,synthetic_demo,Synthetic demo metadata,https://github.com/wa52/ai-customer-service/tree/main/data,synthetic_demo,false
DEMO-IMAGE-5141,ring,synthetic_demo,Synthetic demo metadata,https://github.com/wa52/ai-customer-service/tree/main/data,synthetic_demo,false
DEMO-IMAGE-5142,necklace,synthetic_demo,Synthetic demo metadata,https://github.com/wa52/ai-customer-service/tree/main/data,synthetic_demo,false
DEMO-IMAGE-5143,earring,synthetic_demo,Synthetic demo metadata,https://github.com/wa52/ai-customer-service/tree/main/data,synthetic_demo,false
DEMO-IMAGE-5144,bracelet,synthetic_demo,Synthetic demo metadata,https://github.com/wa52/ai-customer-service/tree/main/data,synthetic_demo,false
DEMO-IMAGE-5145,ring,synthetic_demo,Synthetic demo metadata,https://github.com/wa52/ai-customer-service/tree/main/data,synthetic_demo,false
DEMO-IMAGE-5146,necklace,synthetic_demo,Synthetic demo metadata,https://github.com/wa52/ai-customer-service/tree/main/data,synthetic_demo,false
DEMO-IMAGE-5147,earring,synthetic_demo,Synthetic demo metadata,https://github.com/wa52/ai-customer-service/tree/main/data,synthetic_demo,false
DEMO-IMAGE-5148,bracelet,synthetic_demo,Synthetic demo metadata,https://github.com/wa52/ai-customer-service/tree/main/data,synthetic_demo,false
DEMO-IMAGE-5149,ring,synthetic_demo,Synthetic demo metadata,https://github.com/wa52/ai-customer-service/tree/main/data,synthetic_demo,false
DEMO-IMAGE-5150,necklace,synthetic_demo,Synthetic demo metadata,https://github.com/wa52/ai-customer-service/tree/main/data,synthetic_demo,false
DEMO-IMAGE-5151,earring,synthetic_demo,Synthetic demo metadata,https://github.com/wa52/ai-customer-service/tree/main/data,synthetic_demo,false
DEMO-IMAGE-5152,bracelet,synthetic_demo,Synthetic demo metadata,https://github.com/wa52/ai-customer-service/tree/main/data,synthetic_demo,false
DEMO-IMAGE-5153,ring,synthetic_demo,Synthetic demo metadata,https://github.com/wa52/ai-customer-service/tree/main/data,synthetic_demo,false
DEMO-IMAGE-5154,necklace,synthetic_demo,Synthetic demo metadata,https://github.com/wa52/ai-customer-service/tree/main/data,synthetic_demo,false
DEMO-IMAGE-5155,earring,synthetic_demo,Synthetic demo metadata,https://github.com/wa52/ai-customer-service/tree/main/data,synthetic_demo,false
DEMO-IMAGE-5156,bracelet,synthetic_demo,Synthetic demo metadata,https://github.com/wa52/ai-customer-service/tree/main/data,synthetic_demo,false
DEMO-IMAGE-5157,ring,synthetic_demo,Synthetic demo metadata,https://github.com/wa52/ai-customer-service/tree/main/data,synthetic_demo,false
DEMO-IMAGE-5158,necklace,synthetic_demo,Synthetic demo metadata,https://github.com/wa52/ai-customer-service/tree/main/data,synthetic_demo,false
DEMO-IMAGE-5159,earring,synthetic_demo,Synthetic demo metadata,https://github.com/wa52/ai-customer-service/tree/main/data,synthetic_demo,false
DEMO-IMAGE-5160,bracelet,synthetic_demo,Synthetic demo metadata,https://github.com/wa52/ai-customer-service/tree/main/data,synthetic_demo,false
DEMO-IMAGE-5161,ring,synthetic_demo,Synthetic demo metadata,https://github.com/wa52/ai-customer-service/tree/main/data,synthetic_demo,false
DEMO-IMAGE-5162,necklace,synthetic_demo,Synthetic demo metadata,https://github.com/wa52/ai-customer-service/tree/main/data,synthetic_demo,false
DEMO-IMAGE-5163,earring,synthetic_demo,Synthetic demo metadata,https://github.com/wa52/ai-customer-service/tree/main/data,synthetic_demo,false
DEMO-IMAGE-5164,bracelet,synthetic_demo,Synthetic demo metadata,https://github.com/wa52/ai-customer-service/tree/main/data,synthetic_demo,false
DEMO-IMAGE-5165,ring,synthetic_demo,Synthetic demo metadata,https://github.com/wa52/ai-customer-service/tree/main/data,synthetic_demo,false
DEMO-IMAGE-5166,necklace,synthetic_demo,Synthetic demo metadata,https://github.com/wa52/ai-customer-service/tree/main/data,synthetic_demo,false
DEMO-IMAGE-5167,earring,synthetic_demo,Synthetic demo metadata,https://github.com/wa52/ai-customer-service/tree/main/data,synthetic_demo,false
DEMO-IMAGE-5168,bracelet,synthetic_demo,Synthetic demo metadata,https://github.com/wa52/ai-customer-service/tree/main/data,synthetic_demo,false
DEMO-IMAGE-5169,ring,synthetic_demo,Synthetic demo metadata,https://github.com/wa52/ai-customer-service/tree/main/data,synthetic_demo,false
DEMO-IMAGE-5170,necklace,synthetic_demo,Synthetic demo metadata,https://github.com/wa52/ai-customer-service/tree/main/data,synthetic_demo,false
DEMO-IMAGE-5171,earring,synthetic_demo,Synthetic demo metadata,https://github.com/wa52/ai-customer-service/tree/main/data,synthetic_demo,false
DEMO-IMAGE-5172,bracelet,synthetic_demo,Synthetic demo metadata,https://github.com/wa52/ai-customer-service/tree/main/data,synthetic_demo,false
DEMO-IMAGE-5173,ring,synthetic_demo,Synthetic demo metadata,https://github.com/wa52/ai-customer-service/tree/main/data,synthetic_demo,false
DEMO-IMAGE-5174,necklace,synthetic_demo,Synthetic demo metadata,https://github.com/wa52/ai-customer-service/tree/main/data,synthetic_demo,false
DEMO-IMAGE-5175,earring,synthetic_demo,Synthetic demo metadata,https://github.com/wa52/ai-customer-service/tree/main/data,synthetic_demo,false
DEMO-IMAGE-5176,bracelet,synthetic_demo,Synthetic demo metadata,https://github.com/wa52/ai-customer-service/tree/main/data,synthetic_demo,false
DEMO-IMAGE-5177,ring,synthetic_demo,Synthetic demo metadata,https://github.com/wa52/ai-customer-service/tree/main/data,synthetic_demo,false
DEMO-IMAGE-5178,necklace,synthetic_demo,Synthetic demo metadata,https://github.com/wa52/ai-customer-service/tree/main/data,synthetic_demo,false
DEMO-IMAGE-5179,earring,synthetic_demo,Synthetic demo metadata,https://github.com/wa52/ai-customer-service/tree/main/data,synthetic_demo,false
DEMO-IMAGE-5180,bracelet,synthetic_demo,Synthetic demo metadata,https://github.com/wa52/ai-customer-service/tree/main/data,synthetic_demo,false
DEMO-IMAGE-5181,ring,synthetic_demo,Synthetic demo metadata,https://github.com/wa52/ai-customer-service/tree/main/data,synthetic_demo,false
DEMO-IMAGE-5182,necklace,synthetic_demo,Synthetic demo metadata,https://github.com/wa52/ai-customer-service/tree/main/data,synthetic_demo,false
DEMO-IMAGE-5183,earring,synthetic_demo,Synthetic demo metadata,https://github.com/wa52/ai-customer-service/tree/main/data,synthetic_demo,false
DEMO-IMAGE-5184,bracelet,synthetic_demo,Synthetic demo metadata,https://github.com/wa52/ai-customer-service/tree/main/data,synthetic_demo,false
DEMO-IMAGE-5185,ring,synthetic_demo,Synthetic demo metadata,https://github.com/wa52/ai-customer-service/tree/main/data,synthetic_demo,false
DEMO-IMAGE-5186,necklace,synthetic_demo,Synthetic demo metadata,https://github.com/wa52/ai-customer-service/tree/main/data,synthetic_demo,false
DEMO-IMAGE-5187,earring,synthetic_demo,Synthetic demo metadata,https://github.com/wa52/ai-customer-service/tree/main/data,synthetic_demo,false
DEMO-IMAGE-5188,bracelet,synthetic_demo,Synthetic demo metadata,https://github.com/wa52/ai-customer-service/tree/main/data,synthetic_demo,false
DEMO-IMAGE-5189,ring,synthetic_demo,Synthetic demo metadata,https://github.com/wa52/ai-customer-service/tree/main/data,synthetic_demo,false
DEMO-IMAGE-5190,necklace,synthetic_demo,Synthetic demo metadata,https://github.com/wa52/ai-customer-service/tree/main/data,synthetic_demo,false
DEMO-IMAGE-5191,earring,synthetic_demo,Synthetic demo metadata,https://github.com/wa52/ai-customer-service/tree/main/data,synthetic_demo,false
DEMO-IMAGE-5192,bracelet,synthetic_demo,Synthetic demo metadata,https://github.com/wa52/ai-customer-service/tree/main/data,synthetic_demo,false
DEMO-IMAGE-5193,ring,synthetic_demo,Synthetic demo metadata,https://github.com/wa52/ai-customer-service/tree/main/data,synthetic_demo,false
DEMO-IMAGE-5194,necklace,synthetic_demo,Synthetic demo metadata,https://github.com/wa52/ai-customer-service/tree/main/data,synthetic_demo,false
DEMO-IMAGE-5195,earring,synthetic_demo,Synthetic demo metadata,https://github.com/wa52/ai-customer-service/tree/main/data,synthetic_demo,false
DEMO-IMAGE-5196,bracelet,synthetic_demo,Synthetic demo metadata,https://github.com/wa52/ai-customer-service/tree/main/data,synthetic_demo,false
DEMO-IMAGE-5197,ring,synthetic_demo,Synthetic demo metadata,https://github.com/wa52/ai-customer-service/tree/main/data,synthetic_demo,false
DEMO-IMAGE-5198,necklace,synthetic_demo,Synthetic demo metadata,https://github.com/wa52/ai-customer-service/tree/main/data,synthetic_demo,false
DEMO-IMAGE-5199,earring,synthetic_demo,Synthetic demo metadata,https://github.com/wa52/ai-customer-service/tree/main/data,synthetic_demo,false
DEMO-IMAGE-5200,bracelet,synthetic_demo,Synthetic demo metadata,https://github.com/wa52/ai-customer-service/tree/main/data,synthetic_demo,false
DEMO-IMAGE-5201,ring,synthetic_demo,Synthetic demo metadata,https://github.com/wa52/ai-customer-service/tree/main/data,synthetic_demo,false
DEMO-IMAGE-5202,necklace,synthetic_demo,Synthetic demo metadata,https://github.com/wa52/ai-customer-service/tree/main/data,synthetic_demo,false
DEMO-IMAGE-5203,earring,synthetic_demo,Synthetic demo metadata,https://github.com/wa52/ai-customer-service/tree/main/data,synthetic_demo,false
DEMO-IMAGE-5204,bracelet,synthetic_demo,Synthetic demo metadata,https://github.com/wa52/ai-customer-service/tree/main/data,synthetic_demo,false
DEMO-IMAGE-5205,ring,synthetic_demo,Synthetic demo metadata,https://github.com/wa52/ai-customer-service/tree/main/data,synthetic_demo,false
DEMO-IMAGE-5206,necklace,synthetic_demo,Synthetic demo metadata,https://github.com/wa52/ai-customer-service/tree/main/data,synthetic_demo,false
DEMO-IMAGE-5207,earring,synthetic_demo,Synthetic demo metadata,https://github.com/wa52/ai-customer-service/tree/main/data,synthetic_demo,false
DEMO-IMAGE-5208,bracelet,synthetic_demo,Synthetic demo metadata,https://github.com/wa52/ai-customer-service/tree/main/data,synthetic_demo,false
DEMO-IMAGE-5209,ring,synthetic_demo,Synthetic demo metadata,https://github.com/wa52/ai-customer-service/tree/main/data,synthetic_demo,false
DEMO-IMAGE-5210,necklace,synthetic_demo,Synthetic demo metadata,https://github.com/wa52/ai-customer-service/tree/main/data,synthetic_demo,false
DEMO-IMAGE-5211,earring,synthetic_demo,Synthetic demo metadata,https://github.com/wa52/ai-customer-service/tree/main/data,synthetic_demo,false
DEMO-IMAGE-5212,bracelet,synthetic_demo,Synthetic demo metadata,https://github.com/wa52/ai-customer-service/tree/main/data,synthetic_demo,false
DEMO-IMAGE-5213,ring,synthetic_demo,Synthetic demo metadata,https://github.com/wa52/ai-customer-service/tree/main/data,synthetic_demo,false
DEMO-IMAGE-5214,necklace,synthetic_demo,Synthetic demo metadata,https://github.com/wa52/ai-customer-service/tree/main/data,synthetic_demo,false
DEMO-IMAGE-5215,earring,synthetic_demo,Synthetic demo metadata,https://github.com/wa52/ai-customer-service/tree/main/data,synthetic_demo,false
DEMO-IMAGE-5216,bracelet,synthetic_demo,Synthetic demo metadata,https://github.com/wa52/ai-customer-service/tree/main/data,synthetic_demo,false
DEMO-IMAGE-5217,ring,synthetic_demo,Synthetic demo metadata,https://github.com/wa52/ai-customer-service/tree/main/data,synthetic_demo,false
DEMO-IMAGE-5218,necklace,synthetic_demo,Synthetic demo metadata,https://github.com/wa52/ai-customer-service/tree/main/data,synthetic_demo,false
DEMO-IMAGE-5219,earring,synthetic_demo,Synthetic demo metadata,https://github.com/wa52/ai-customer-service/tree/main/data,synthetic_demo,false
DEMO-IMAGE-5220,bracelet,synthetic_demo,Synthetic demo metadata,https://github.com/wa52/ai-customer-service/tree/main/data,synthetic_demo,false
DEMO-IMAGE-5221,ring,synthetic_demo,Synthetic demo metadata,https://github.com/wa52/ai-customer-service/tree/main/data,synthetic_demo,false
DEMO-IMAGE-5222,necklace,synthetic_demo,Synthetic demo metadata,https://github.com/wa52/ai-customer-service/tree/main/data,synthetic_demo,false
DEMO-IMAGE-5223,earring,synthetic_demo,Synthetic demo metadata,https://github.com/wa52/ai-customer-service/tree/main/data,synthetic_demo,false
DEMO-IMAGE-5224,bracelet,synthetic_demo,Synthetic demo metadata,https://github.com/wa52/ai-customer-service/tree/main/data,synthetic_demo,false
DEMO-IMAGE-5225,ring,synthetic_demo,Synthetic demo metadata,https://github.com/wa52/ai-customer-service/tree/main/data,synthetic_demo,false
DEMO-IMAGE-5226,necklace,synthetic_demo,Synthetic demo metadata,https://github.com/wa52/ai-customer-service/tree/main/data,synthetic_demo,false
DEMO-IMAGE-5227,earring,synthetic_demo,Synthetic demo metadata,https://github.com/wa52/ai-customer-service/tree/main/data,synthetic_demo,false
DEMO-IMAGE-5228,bracelet,synthetic_demo,Synthetic demo metadata,https://github.com/wa52/ai-customer-service/tree/main/data,synthetic_demo,false
DEMO-IMAGE-5229,ring,synthetic_demo,Synthetic demo metadata,https://github.com/wa52/ai-customer-service/tree/main/data,synthetic_demo,false
DEMO-IMAGE-5230,necklace,synthetic_demo,Synthetic demo metadata,https://github.com/wa52/ai-customer-service/tree/main/data,synthetic_demo,false
DEMO-IMAGE-5231,earring,synthetic_demo,Synthetic demo metadata,https://github.com/wa52/ai-customer-service/tree/main/data,synthetic_demo,false
DEMO-IMAGE-5232,bracelet,synthetic_demo,Synthetic demo metadata,https://github.com/wa52/ai-customer-service/tree/main/data,synthetic_demo,false
DEMO-IMAGE-5233,ring,synthetic_demo,Synthetic demo metadata,https://github.com/wa52/ai-customer-service/tree/main/data,synthetic_demo,false
DEMO-IMAGE-5234,necklace,synthetic_demo,Synthetic demo metadata,https://github.com/wa52/ai-customer-service/tree/main/data,synthetic_demo,false
DEMO-IMAGE-5235,earring,synthetic_demo,Synthetic demo metadata,https://github.com/wa52/ai-customer-service/tree/main/data,synthetic_demo,false
DEMO-IMAGE-5236,bracelet,synthetic_demo,Synthetic demo metadata,https://github.com/wa52/ai-customer-service/tree/main/data,synthetic_demo,false
DEMO-IMAGE-5237,ring,synthetic_demo,Synthetic demo metadata,https://github.com/wa52/ai-customer-service/tree/main/data,synthetic_demo,false
DEMO-IMAGE-5238,necklace,synthetic_demo,Synthetic demo metadata,https://github.com/wa52/ai-customer-service/tree/main/data,synthetic_demo,false
DEMO-IMAGE-5239,earring,synthetic_demo,Synthetic demo metadata,https://github.com/wa52/ai-customer-service/tree/main/data,synthetic_demo,false
DEMO-IMAGE-5240,bracelet,synthetic_demo,Synthetic demo metadata,https://github.com/wa52/ai-customer-service/tree/main/data,synthetic_demo,false
DEMO-IMAGE-5241,ring,synthetic_demo,Synthetic demo metadata,https://github.com/wa52/ai-customer-service/tree/main/data,synthetic_demo,false
DEMO-IMAGE-5242,necklace,synthetic_demo,Synthetic demo metadata,https://github.com/wa52/ai-customer-service/tree/main/data,synthetic_demo,false
DEMO-IMAGE-5243,earring,synthetic_demo,Synthetic demo metadata,https://github.com/wa52/ai-customer-service/tree/main/data,synthetic_demo,false
DEMO-IMAGE-5244,bracelet,synthetic_demo,Synthetic demo metadata,https://github.com/wa52/ai-customer-service/tree/main/data,synthetic_demo,false
DEMO-IMAGE-5245,ring,synthetic_demo,Synthetic demo metadata,https://github.com/wa52/ai-customer-service/tree/main/data,synthetic_demo,false
DEMO-IMAGE-5246,necklace,synthetic_demo,Synthetic demo metadata,https://github.com/wa52/ai-customer-service/tree/main/data,synthetic_demo,false
DEMO-IMAGE-5247,earring,synthetic_demo,Synthetic demo metadata,https://github.com/wa52/ai-customer-service/tree/main/data,synthetic_demo,false
DEMO-IMAGE-5248,bracelet,synthetic_demo,Synthetic demo metadata,https://github.com/wa52/ai-customer-service/tree/main/data,synthetic_demo,false
DEMO-IMAGE-5249,ring,synthetic_demo,Synthetic demo metadata,https://github.com/wa52/ai-customer-service/tree/main/data,synthetic_demo,false
DEMO-IMAGE-5250,necklace,synthetic_demo,Synthetic demo metadata,https://github.com/wa52/ai-customer-service/tree/main/data,synthetic_demo,false
DEMO-IMAGE-5251,earring,synthetic_demo,Synthetic demo metadata,https://github.com/wa52/ai-customer-service/tree/main/data,synthetic_demo,false
DEMO-IMAGE-5252,bracelet,synthetic_demo,Synthetic demo metadata,https://github.com/wa52/ai-customer-service/tree/main/data,synthetic_demo,false
DEMO-IMAGE-5253,ring,synthetic_demo,Synthetic demo metadata,https://github.com/wa52/ai-customer-service/tree/main/data,synthetic_demo,false
DEMO-IMAGE-5254,necklace,synthetic_demo,Synthetic demo metadata,https://github.com/wa52/ai-customer-service/tree/main/data,synthetic_demo,false
DEMO-IMAGE-5255,earring,synthetic_demo,Synthetic demo metadata,https://github.com/wa52/ai-customer-service/tree/main/data,synthetic_demo,false
DEMO-IMAGE-5256,bracelet,synthetic_demo,Synthetic demo metadata,https://github.com/wa52/ai-customer-service/tree/main/data,synthetic_demo,false
DEMO-IMAGE-5257,ring,synthetic_demo,Synthetic demo metadata,https://github.com/wa52/ai-customer-service/tree/main/data,synthetic_demo,false
DEMO-IMAGE-5258,necklace,synthetic_demo,Synthetic demo metadata,https://github.com/wa52/ai-customer-service/tree/main/data,synthetic_demo,false
DEMO-IMAGE-5259,earring,synthetic_demo,Synthetic demo metadata,https://github.com/wa52/ai-customer-service/tree/main/data,synthetic_demo,false
DEMO-IMAGE-5260,bracelet,synthetic_demo,Synthetic demo metadata,https://github.com/wa52/ai-customer-service/tree/main/data,synthetic_demo,false
DEMO-IMAGE-5261,ring,synthetic_demo,Synthetic demo metadata,https://github.com/wa52/ai-customer-service/tree/main/data,synthetic_demo,false
DEMO-IMAGE-5262,necklace,synthetic_demo,Synthetic demo metadata,https://github.com/wa52/ai-customer-service/tree/main/data,synthetic_demo,false
DEMO-IMAGE-5263,earring,synthetic_demo,Synthetic demo metadata,https://github.com/wa52/ai-customer-service/tree/main/data,synthetic_demo,false
DEMO-IMAGE-5264,bracelet,synthetic_demo,Synthetic demo metadata,https://github.com/wa52/ai-customer-service/tree/main/data,synthetic_demo,false
DEMO-IMAGE-5265,ring,synthetic_demo,Synthetic demo metadata,https://github.com/wa52/ai-customer-service/tree/main/data,synthetic_demo,false
DEMO-IMAGE-5266,necklace,synthetic_demo,Synthetic demo metadata,https://github.com/wa52/ai-customer-service/tree/main/data,synthetic_demo,false
DEMO-IMAGE-5267,earring,synthetic_demo,Synthetic demo metadata,https://github.com/wa52/ai-customer-service/tree/main/data,synthetic_demo,false
DEMO-IMAGE-5268,bracelet,synthetic_demo,Synthetic demo metadata,https://github.com/wa52/ai-customer-service/tree/main/data,synthetic_demo,false
DEMO-IMAGE-5269,ring,synthetic_demo,Synthetic demo metadata,https://github.com/wa52/ai-customer-service/tree/main/data,synthetic_demo,false
DEMO-IMAGE-5270,necklace,synthetic_demo,Synthetic demo metadata,https://github.com/wa52/ai-customer-service/tree/main/data,synthetic_demo,false
DEMO-IMAGE-5271,earring,synthetic_demo,Synthetic demo metadata,https://github.com/wa52/ai-customer-service/tree/main/data,synthetic_demo,false
DEMO-IMAGE-5272,bracelet,synthetic_demo,Synthetic demo metadata,https://github.com/wa52/ai-customer-service/tree/main/data,synthetic_demo,false
DEMO-IMAGE-5273,ring,synthetic_demo,Synthetic demo metadata,https://github.com/wa52/ai-customer-service/tree/main/data,synthetic_demo,false
DEMO-IMAGE-5274,necklace,synthetic_demo,Synthetic demo metadata,https://github.com/wa52/ai-customer-service/tree/main/data,synthetic_demo,false
DEMO-IMAGE-5275,earring,synthetic_demo,Synthetic demo metadata,https://github.com/wa52/ai-customer-service/tree/main/data,synthetic_demo,false
DEMO-IMAGE-5276,bracelet,synthetic_demo,Synthetic demo metadata,https://github.com/wa52/ai-customer-service/tree/main/data,synthetic_demo,false
DEMO-IMAGE-5277,ring,synthetic_demo,Synthetic demo metadata,https://github.com/wa52/ai-customer-service/tree/main/data,synthetic_demo,false
DEMO-IMAGE-5278,necklace,synthetic_demo,Synthetic demo metadata,https://github.com/wa52/ai-customer-service/tree/main/data,synthetic_demo,false
DEMO-IMAGE-5279,earring,synthetic_demo,Synthetic demo metadata,https://github.com/wa52/ai-customer-service/tree/main/data,synthetic_demo,false
DEMO-IMAGE-5280,bracelet,synthetic_demo,Synthetic demo metadata,https://github.com/wa52/ai-customer-service/tree/main/data,synthetic_demo,false
DEMO-IMAGE-5281,ring,synthetic_demo,Synthetic demo metadata,https://github.com/wa52/ai-customer-service/tree/main/data,synthetic_demo,false
DEMO-IMAGE-5282,necklace,synthetic_demo,Synthetic demo metadata,https://github.com/wa52/ai-customer-service/tree/main/data,synthetic_demo,false
DEMO-IMAGE-5283,earring,synthetic_demo,Synthetic demo metadata,https://github.com/wa52/ai-customer-service/tree/main/data,synthetic_demo,false
DEMO-IMAGE-5284,bracelet,synthetic_demo,Synthetic demo metadata,https://github.com/wa52/ai-customer-service/tree/main/data,synthetic_demo,false
DEMO-IMAGE-5285,ring,synthetic_demo,Synthetic demo metadata,https://github.com/wa52/ai-customer-service/tree/main/data,synthetic_demo,false
DEMO-IMAGE-5286,necklace,synthetic_demo,Synthetic demo metadata,https://github.com/wa52/ai-customer-service/tree/main/data,synthetic_demo,false
DEMO-IMAGE-5287,earring,synthetic_demo,Synthetic demo metadata,https://github.com/wa52/ai-customer-service/tree/main/data,synthetic_demo,false
DEMO-IMAGE-5288,bracelet,synthetic_demo,Synthetic demo metadata,https://github.com/wa52/ai-customer-service/tree/main/data,synthetic_demo,false
DEMO-IMAGE-5289,ring,synthetic_demo,Synthetic demo metadata,https://github.com/wa52/ai-customer-service/tree/main/data,synthetic_demo,false
DEMO-IMAGE-5290,necklace,synthetic_demo,Synthetic demo metadata,https://github.com/wa52/ai-customer-service/tree/main/data,synthetic_demo,false
DEMO-IMAGE-5291,earring,synthetic_demo,Synthetic demo metadata,https://github.com/wa52/ai-customer-service/tree/main/data,synthetic_demo,false
DEMO-IMAGE-5292,bracelet,synthetic_demo,Synthetic demo metadata,https://github.com/wa52/ai-customer-service/tree/main/data,synthetic_demo,false
DEMO-IMAGE-5293,ring,synthetic_demo,Synthetic demo metadata,https://github.com/wa52/ai-customer-service/tree/main/data,synthetic_demo,false
DEMO-IMAGE-5294,necklace,synthetic_demo,Synthetic demo metadata,https://github.com/wa52/ai-customer-service/tree/main/data,synthetic_demo,false
DEMO-IMAGE-5295,earring,synthetic_demo,Synthetic demo metadata,https://github.com/wa52/ai-customer-service/tree/main/data,synthetic_demo,false
DEMO-IMAGE-5296,bracelet,synthetic_demo,Synthetic demo metadata,https://github.com/wa52/ai-customer-service/tree/main/data,synthetic_demo,false
DEMO-IMAGE-5297,ring,synthetic_demo,Synthetic demo metadata,https://github.com/wa52/ai-customer-service/tree/main/data,synthetic_demo,false
DEMO-IMAGE-5298,necklace,synthetic_demo,Synthetic demo metadata,https://github.com/wa52/ai-customer-service/tree/main/data,synthetic_demo,false
DEMO-IMAGE-5299,earring,synthetic_demo,Synthetic demo metadata,https://github.com/wa52/ai-customer-service/tree/main/data,synthetic_demo,false
DEMO-IMAGE-5300,bracelet,synthetic_demo,Synthetic demo metadata,https://github.com/wa52/ai-customer-service/tree/main/data,synthetic_demo,false
DEMO-IMAGE-5301,ring,synthetic_demo,Synthetic demo metadata,https://github.com/wa52/ai-customer-service/tree/main/data,synthetic_demo,false
DEMO-IMAGE-5302,necklace,synthetic_demo,Synthetic demo metadata,https://github.com/wa52/ai-customer-service/tree/main/data,synthetic_demo,false
DEMO-IMAGE-5303,earring,synthetic_demo,Synthetic demo metadata,https://github.com/wa52/ai-customer-service/tree/main/data,synthetic_demo,false
DEMO-IMAGE-5304,bracelet,synthetic_demo,Synthetic demo metadata,https://github.com/wa52/ai-customer-service/tree/main/data,synthetic_demo,false
DEMO-IMAGE-5305,ring,synthetic_demo,Synthetic demo metadata,https://github.com/wa52/ai-customer-service/tree/main/data,synthetic_demo,false
DEMO-IMAGE-5306,necklace,synthetic_demo,Synthetic demo metadata,https://github.com/wa52/ai-customer-service/tree/main/data,synthetic_demo,false
DEMO-IMAGE-5307,earring,synthetic_demo,Synthetic demo metadata,https://github.com/wa52/ai-customer-service/tree/main/data,synthetic_demo,false
DEMO-IMAGE-5308,bracelet,synthetic_demo,Synthetic demo metadata,https://github.com/wa52/ai-customer-service/tree/main/data,synthetic_demo,false
DEMO-IMAGE-5309,ring,synthetic_demo,Synthetic demo metadata,https://github.com/wa52/ai-customer-service/tree/main/data,synthetic_demo,false
DEMO-IMAGE-5310,necklace,synthetic_demo,Synthetic demo metadata,https://github.com/wa52/ai-customer-service/tree/main/data,synthetic_demo,false
DEMO-IMAGE-5311,earring,synthetic_demo,Synthetic demo metadata,https://github.com/wa52/ai-customer-service/tree/main/data,synthetic_demo,false
DEMO-IMAGE-5312,bracelet,synthetic_demo,Synthetic demo metadata,https://github.com/wa52/ai-customer-service/tree/main/data,synthetic_demo,false
DEMO-IMAGE-5313,ring,synthetic_demo,Synthetic demo metadata,https://github.com/wa52/ai-customer-service/tree/main/data,synthetic_demo,false
DEMO-IMAGE-5314,necklace,synthetic_demo,Synthetic demo metadata,https://github.com/wa52/ai-customer-service/tree/main/data,synthetic_demo,false
DEMO-IMAGE-5315,earring,synthetic_demo,Synthetic demo metadata,https://github.com/wa52/ai-customer-service/tree/main/data,synthetic_demo,false
DEMO-IMAGE-5316,bracelet,synthetic_demo,Synthetic demo metadata,https://github.com/wa52/ai-customer-service/tree/main/data,synthetic_demo,false
DEMO-IMAGE-5317,ring,synthetic_demo,Synthetic demo metadata,https://github.com/wa52/ai-customer-service/tree/main/data,synthetic_demo,false
DEMO-IMAGE-5318,necklace,synthetic_demo,Synthetic demo metadata,https://github.com/wa52/ai-customer-service/tree/main/data,synthetic_demo,false
DEMO-IMAGE-5319,earring,synthetic_demo,Synthetic demo metadata,https://github.com/wa52/ai-customer-service/tree/main/data,synthetic_demo,false
DEMO-IMAGE-5320,bracelet,synthetic_demo,Synthetic demo metadata,https://github.com/wa52/ai-customer-service/tree/main/data,synthetic_demo,false
DEMO-IMAGE-5321,ring,synthetic_demo,Synthetic demo metadata,https://github.com/wa52/ai-customer-service/tree/main/data,synthetic_demo,false
DEMO-IMAGE-5322,necklace,synthetic_demo,Synthetic demo metadata,https://github.com/wa52/ai-customer-service/tree/main/data,synthetic_demo,false
DEMO-IMAGE-5323,earring,synthetic_demo,Synthetic demo metadata,https://github.com/wa52/ai-customer-service/tree/main/data,synthetic_demo,false
DEMO-IMAGE-5324,bracelet,synthetic_demo,Synthetic demo metadata,https://github.com/wa52/ai-customer-service/tree/main/data,synthetic_demo,false
DEMO-IMAGE-5325,ring,synthetic_demo,Synthetic demo metadata,https://github.com/wa52/ai-customer-service/tree/main/data,synthetic_demo,false
DEMO-IMAGE-5326,necklace,synthetic_demo,Synthetic demo metadata,https://github.com/wa52/ai-customer-service/tree/main/data,synthetic_demo,false
DEMO-IMAGE-5327,earring,synthetic_demo,Synthetic demo metadata,https://github.com/wa52/ai-customer-service/tree/main/data,synthetic_demo,false
DEMO-IMAGE-5328,bracelet,synthetic_demo,Synthetic demo metadata,https://github.com/wa52/ai-customer-service/tree/main/data,synthetic_demo,false
DEMO-IMAGE-5329,ring,synthetic_demo,Synthetic demo metadata,https://github.com/wa52/ai-customer-service/tree/main/data,synthetic_demo,false
DEMO-IMAGE-5330,necklace,synthetic_demo,Synthetic demo metadata,https://github.com/wa52/ai-customer-service/tree/main/data,synthetic_demo,false
DEMO-IMAGE-5331,earring,synthetic_demo,Synthetic demo metadata,https://github.com/wa52/ai-customer-service/tree/main/data,synthetic_demo,false
DEMO-IMAGE-5332,bracelet,synthetic_demo,Synthetic demo metadata,https://github.com/wa52/ai-customer-service/tree/main/data,synthetic_demo,false
DEMO-IMAGE-5333,ring,synthetic_demo,Synthetic demo metadata,https://github.com/wa52/ai-customer-service/tree/main/data,synthetic_demo,false
DEMO-IMAGE-5334,necklace,synthetic_demo,Synthetic demo metadata,https://github.com/wa52/ai-customer-service/tree/main/data,synthetic_demo,false
DEMO-IMAGE-5335,earring,synthetic_demo,Synthetic demo metadata,https://github.com/wa52/ai-customer-service/tree/main/data,synthetic_demo,false
DEMO-IMAGE-5336,bracelet,synthetic_demo,Synthetic demo metadata,https://github.com/wa52/ai-customer-service/tree/main/data,synthetic_demo,false
DEMO-IMAGE-5337,ring,synthetic_demo,Synthetic demo metadata,https://github.com/wa52/ai-customer-service/tree/main/data,synthetic_demo,false
DEMO-IMAGE-5338,necklace,synthetic_demo,Synthetic demo metadata,https://github.com/wa52/ai-customer-service/tree/main/data,synthetic_demo,false
DEMO-IMAGE-5339,earring,synthetic_demo,Synthetic demo metadata,https://github.com/wa52/ai-customer-service/tree/main/data,synthetic_demo,false
DEMO-IMAGE-5340,bracelet,synthetic_demo,Synthetic demo metadata,https://github.com/wa52/ai-customer-service/tree/main/data,synthetic_demo,false
DEMO-IMAGE-5341,ring,synthetic_demo,Synthetic demo metadata,https://github.com/wa52/ai-customer-service/tree/main/data,synthetic_demo,false
DEMO-IMAGE-5342,necklace,synthetic_demo,Synthetic demo metadata,https://github.com/wa52/ai-customer-service/tree/main/data,synthetic_demo,false
DEMO-IMAGE-5343,earring,synthetic_demo,Synthetic demo metadata,https://github.com/wa52/ai-customer-service/tree/main/data,synthetic_demo,false
DEMO-IMAGE-5344,bracelet,synthetic_demo,Synthetic demo metadata,https://github.com/wa52/ai-customer-service/tree/main/data,synthetic_demo,false
DEMO-IMAGE-5345,ring,synthetic_demo,Synthetic demo metadata,https://github.com/wa52/ai-customer-service/tree/main/data,synthetic_demo,false
DEMO-IMAGE-5346,necklace,synthetic_demo,Synthetic demo metadata,https://github.com/wa52/ai-customer-service/tree/main/data,synthetic_demo,false
DEMO-IMAGE-5347,earring,synthetic_demo,Synthetic demo metadata,https://github.com/wa52/ai-customer-service/tree/main/data,synthetic_demo,false
DEMO-IMAGE-5348,bracelet,synthetic_demo,Synthetic demo metadata,https://github.com/wa52/ai-customer-service/tree/main/data,synthetic_demo,false
DEMO-IMAGE-5349,ring,synthetic_demo,Synthetic demo metadata,https://github.com/wa52/ai-customer-service/tree/main/data,synthetic_demo,false
DEMO-IMAGE-5350,necklace,synthetic_demo,Synthetic demo metadata,https://github.com/wa52/ai-customer-service/tree/main/data,synthetic_demo,false
DEMO-IMAGE-5351,earring,synthetic_demo,Synthetic demo metadata,https://github.com/wa52/ai-customer-service/tree/main/data,synthetic_demo,false
DEMO-IMAGE-5352,bracelet,synthetic_demo,Synthetic demo metadata,https://github.com/wa52/ai-customer-service/tree/main/data,synthetic_demo,false
DEMO-IMAGE-5353,ring,synthetic_demo,Synthetic demo metadata,https://github.com/wa52/ai-customer-service/tree/main/data,synthetic_demo,false
DEMO-IMAGE-5354,necklace,synthetic_demo,Synthetic demo metadata,https://github.com/wa52/ai-customer-service/tree/main/data,synthetic_demo,false
DEMO-IMAGE-5355,earring,synthetic_demo,Synthetic demo metadata,https://github.com/wa52/ai-customer-service/tree/main/data,synthetic_demo,false
DEMO-IMAGE-5356,bracelet,synthetic_demo,Synthetic demo metadata,https://github.com/wa52/ai-customer-service/tree/main/data,synthetic_demo,false
DEMO-IMAGE-5357,ring,synthetic_demo,Synthetic demo metadata,https://github.com/wa52/ai-customer-service/tree/main/data,synthetic_demo,false
DEMO-IMAGE-5358,necklace,synthetic_demo,Synthetic demo metadata,https://github.com/wa52/ai-customer-service/tree/main/data,synthetic_demo,false
DEMO-IMAGE-5359,earring,synthetic_demo,Synthetic demo metadata,https://github.com/wa52/ai-customer-service/tree/main/data,synthetic_demo,false
DEMO-IMAGE-5360,bracelet,synthetic_demo,Synthetic demo metadata,https://github.com/wa52/ai-customer-service/tree/main/data,synthetic_demo,false
DEMO-IMAGE-5361,ring,synthetic_demo,Synthetic demo metadata,https://github.com/wa52/ai-customer-service/tree/main/data,synthetic_demo,false
DEMO-IMAGE-5362,necklace,synthetic_demo,Synthetic demo metadata,https://github.com/wa52/ai-customer-service/tree/main/data,synthetic_demo,false
DEMO-IMAGE-5363,earring,synthetic_demo,Synthetic demo metadata,https://github.com/wa52/ai-customer-service/tree/main/data,synthetic_demo,false
DEMO-IMAGE-5364,bracelet,synthetic_demo,Synthetic demo metadata,https://github.com/wa52/ai-customer-service/tree/main/data,synthetic_demo,false
DEMO-IMAGE-5365,ring,synthetic_demo,Synthetic demo metadata,https://github.com/wa52/ai-customer-service/tree/main/data,synthetic_demo,false
DEMO-IMAGE-5366,necklace,synthetic_demo,Synthetic demo metadata,https://github.com/wa52/ai-customer-service/tree/main/data,synthetic_demo,false
DEMO-IMAGE-5367,earring,synthetic_demo,Synthetic demo metadata,https://github.com/wa52/ai-customer-service/tree/main/data,synthetic_demo,false
DEMO-IMAGE-5368,bracelet,synthetic_demo,Synthetic demo metadata,https://github.com/wa52/ai-customer-service/tree/main/data,synthetic_demo,false
DEMO-IMAGE-5369,ring,synthetic_demo,Synthetic demo metadata,https://github.com/wa52/ai-customer-service/tree/main/data,synthetic_demo,false
DEMO-IMAGE-5370,necklace,synthetic_demo,Synthetic demo metadata,https://github.com/wa52/ai-customer-service/tree/main/data,synthetic_demo,false
DEMO-IMAGE-5371,earring,synthetic_demo,Synthetic demo metadata,https://github.com/wa52/ai-customer-service/tree/main/data,synthetic_demo,false
DEMO-IMAGE-5372,bracelet,synthetic_demo,Synthetic demo metadata,https://github.com/wa52/ai-customer-service/tree/main/data,synthetic_demo,false
DEMO-IMAGE-5373,ring,synthetic_demo,Synthetic demo metadata,https://github.com/wa52/ai-customer-service/tree/main/data,synthetic_demo,false
DEMO-IMAGE-5374,necklace,synthetic_demo,Synthetic demo metadata,https://github.com/wa52/ai-customer-service/tree/main/data,synthetic_demo,false
DEMO-IMAGE-5375,earring,synthetic_demo,Synthetic demo metadata,https://github.com/wa52/ai-customer-service/tree/main/data,synthetic_demo,false
DEMO-IMAGE-5376,bracelet,synthetic_demo,Synthetic demo metadata,https://github.com/wa52/ai-customer-service/tree/main/data,synthetic_demo,false
DEMO-IMAGE-5377,ring,synthetic_demo,Synthetic demo metadata,https://github.com/wa52/ai-customer-service/tree/main/data,synthetic_demo,false
DEMO-IMAGE-5378,necklace,synthetic_demo,Synthetic demo metadata,https://github.com/wa52/ai-customer-service/tree/main/data,synthetic_demo,false
DEMO-IMAGE-5379,earring,synthetic_demo,Synthetic demo metadata,https://github.com/wa52/ai-customer-service/tree/main/data,synthetic_demo,false
DEMO-IMAGE-5380,bracelet,synthetic_demo,Synthetic demo metadata,https://github.com/wa52/ai-customer-service/tree/main/data,synthetic_demo,false
DEMO-IMAGE-5381,ring,synthetic_demo,Synthetic demo metadata,https://github.com/wa52/ai-customer-service/tree/main/data,synthetic_demo,false
DEMO-IMAGE-5382,necklace,synthetic_demo,Synthetic demo metadata,https://github.com/wa52/ai-customer-service/tree/main/data,synthetic_demo,false
DEMO-IMAGE-5383,earring,synthetic_demo,Synthetic demo metadata,https://github.com/wa52/ai-customer-service/tree/main/data,synthetic_demo,false
DEMO-IMAGE-5384,bracelet,synthetic_demo,Synthetic demo metadata,https://github.com/wa52/ai-customer-service/tree/main/data,synthetic_demo,false
DEMO-IMAGE-5385,ring,synthetic_demo,Synthetic demo metadata,https://github.com/wa52/ai-customer-service/tree/main/data,synthetic_demo,false
DEMO-IMAGE-5386,necklace,synthetic_demo,Synthetic demo metadata,https://github.com/wa52/ai-customer-service/tree/main/data,synthetic_demo,false
DEMO-IMAGE-5387,earring,synthetic_demo,Synthetic demo metadata,https://github.com/wa52/ai-customer-service/tree/main/data,synthetic_demo,false
DEMO-IMAGE-5388,bracelet,synthetic_demo,Synthetic demo metadata,https://github.com/wa52/ai-customer-service/tree/main/data,synthetic_demo,false
DEMO-IMAGE-5389,ring,synthetic_demo,Synthetic demo metadata,https://github.com/wa52/ai-customer-service/tree/main/data,synthetic_demo,false
DEMO-IMAGE-5390,necklace,synthetic_demo,Synthetic demo metadata,https://github.com/wa52/ai-customer-service/tree/main/data,synthetic_demo,false
DEMO-IMAGE-5391,earring,synthetic_demo,Synthetic demo metadata,https://github.com/wa52/ai-customer-service/tree/main/data,synthetic_demo,false
DEMO-IMAGE-5392,bracelet,synthetic_demo,Synthetic demo metadata,https://github.com/wa52/ai-customer-service/tree/main/data,synthetic_demo,false
DEMO-IMAGE-5393,ring,synthetic_demo,Synthetic demo metadata,https://github.com/wa52/ai-customer-service/tree/main/data,synthetic_demo,false
DEMO-IMAGE-5394,necklace,synthetic_demo,Synthetic demo metadata,https://github.com/wa52/ai-customer-service/tree/main/data,synthetic_demo,false
DEMO-IMAGE-5395,earring,synthetic_demo,Synthetic demo metadata,https://github.com/wa52/ai-customer-service/tree/main/data,synthetic_demo,false
DEMO-IMAGE-5396,bracelet,synthetic_demo,Synthetic demo metadata,https://github.com/wa52/ai-customer-service/tree/main/data,synthetic_demo,false
DEMO-IMAGE-5397,ring,synthetic_demo,Synthetic demo metadata,https://github.com/wa52/ai-customer-service/tree/main/data,synthetic_demo,false
DEMO-IMAGE-5398,necklace,synthetic_demo,Synthetic demo metadata,https://github.com/wa52/ai-customer-service/tree/main/data,synthetic_demo,false
DEMO-IMAGE-5399,earring,synthetic_demo,Synthetic demo metadata,https://github.com/wa52/ai-customer-service/tree/main/data,synthetic_demo,false
DEMO-IMAGE-5400,bracelet,synthetic_demo,Synthetic demo metadata,https://github.com/wa52/ai-customer-service/tree/main/data,synthetic_demo,false
DEMO-IMAGE-5401,ring,synthetic_demo,Synthetic demo metadata,https://github.com/wa52/ai-customer-service/tree/main/data,synthetic_demo,false
DEMO-IMAGE-5402,necklace,synthetic_demo,Synthetic demo metadata,https://github.com/wa52/ai-customer-service/tree/main/data,synthetic_demo,false
DEMO-IMAGE-5403,earring,synthetic_demo,Synthetic demo metadata,https://github.com/wa52/ai-customer-service/tree/main/data,synthetic_demo,false
DEMO-IMAGE-5404,bracelet,synthetic_demo,Synthetic demo metadata,https://github.com/wa52/ai-customer-service/tree/main/data,synthetic_demo,false
DEMO-IMAGE-5405,ring,synthetic_demo,Synthetic demo metadata,https://github.com/wa52/ai-customer-service/tree/main/data,synthetic_demo,false
DEMO-IMAGE-5406,necklace,synthetic_demo,Synthetic demo metadata,https://github.com/wa52/ai-customer-service/tree/main/data,synthetic_demo,false
DEMO-IMAGE-5407,earring,synthetic_demo,Synthetic demo metadata,https://github.com/wa52/ai-customer-service/tree/main/data,synthetic_demo,false
DEMO-IMAGE-5408,bracelet,synthetic_demo,Synthetic demo metadata,https://github.com/wa52/ai-customer-service/tree/main/data,synthetic_demo,false
DEMO-IMAGE-5409,ring,synthetic_demo,Synthetic demo metadata,https://github.com/wa52/ai-customer-service/tree/main/data,synthetic_demo,false
DEMO-IMAGE-5410,necklace,synthetic_demo,Synthetic demo metadata,https://github.com/wa52/ai-customer-service/tree/main/data,synthetic_demo,false
DEMO-IMAGE-5411,earring,synthetic_demo,Synthetic demo metadata,https://github.com/wa52/ai-customer-service/tree/main/data,synthetic_demo,false
DEMO-IMAGE-5412,bracelet,synthetic_demo,Synthetic demo metadata,https://github.com/wa52/ai-customer-service/tree/main/data,synthetic_demo,false
DEMO-IMAGE-5413,ring,synthetic_demo,Synthetic demo metadata,https://github.com/wa52/ai-customer-service/tree/main/data,synthetic_demo,false
DEMO-IMAGE-5414,necklace,synthetic_demo,Synthetic demo metadata,https://github.com/wa52/ai-customer-service/tree/main/data,synthetic_demo,false
DEMO-IMAGE-5415,earring,synthetic_demo,Synthetic demo metadata,https://github.com/wa52/ai-customer-service/tree/main/data,synthetic_demo,false
DEMO-IMAGE-5416,bracelet,synthetic_demo,Synthetic demo metadata,https://github.com/wa52/ai-customer-service/tree/main/data,synthetic_demo,false
DEMO-IMAGE-5417,ring,synthetic_demo,Synthetic demo metadata,https://github.com/wa52/ai-customer-service/tree/main/data,synthetic_demo,false
DEMO-IMAGE-5418,necklace,synthetic_demo,Synthetic demo metadata,https://github.com/wa52/ai-customer-service/tree/main/data,synthetic_demo,false
DEMO-IMAGE-5419,earring,synthetic_demo,Synthetic demo metadata,https://github.com/wa52/ai-customer-service/tree/main/data,synthetic_demo,false
DEMO-IMAGE-5420,bracelet,synthetic_demo,Synthetic demo metadata,https://github.com/wa52/ai-customer-service/tree/main/data,synthetic_demo,false
DEMO-IMAGE-5421,ring,synthetic_demo,Synthetic demo metadata,https://github.com/wa52/ai-customer-service/tree/main/data,synthetic_demo,false
DEMO-IMAGE-5422,necklace,synthetic_demo,Synthetic demo metadata,https://github.com/wa52/ai-customer-service/tree/main/data,synthetic_demo,false
DEMO-IMAGE-5423,earring,synthetic_demo,Synthetic demo metadata,https://github.com/wa52/ai-customer-service/tree/main/data,synthetic_demo,false
DEMO-IMAGE-5424,bracelet,synthetic_demo,Synthetic demo metadata,https://github.com/wa52/ai-customer-service/tree/main/data,synthetic_demo,false
DEMO-IMAGE-5425,ring,synthetic_demo,Synthetic demo metadata,https://github.com/wa52/ai-customer-service/tree/main/data,synthetic_demo,false
DEMO-IMAGE-5426,necklace,synthetic_demo,Synthetic demo metadata,https://github.com/wa52/ai-customer-service/tree/main/data,synthetic_demo,false
DEMO-IMAGE-5427,earring,synthetic_demo,Synthetic demo metadata,https://github.com/wa52/ai-customer-service/tree/main/data,synthetic_demo,false
DEMO-IMAGE-5428,bracelet,synthetic_demo,Synthetic demo metadata,https://github.com/wa52/ai-customer-service/tree/main/data,synthetic_demo,false
DEMO-IMAGE-5429,ring,synthetic_demo,Synthetic demo metadata,https://github.com/wa52/ai-customer-service/tree/main/data,synthetic_demo,false
DEMO-IMAGE-5430,necklace,synthetic_demo,Synthetic demo metadata,https://github.com/wa52/ai-customer-service/tree/main/data,synthetic_demo,false
DEMO-IMAGE-5431,earring,synthetic_demo,Synthetic demo metadata,https://github.com/wa52/ai-customer-service/tree/main/data,synthetic_demo,false
DEMO-IMAGE-5432,bracelet,synthetic_demo,Synthetic demo metadata,https://github.com/wa52/ai-customer-service/tree/main/data,synthetic_demo,false
DEMO-IMAGE-5433,ring,synthetic_demo,Synthetic demo metadata,https://github.com/wa52/ai-customer-service/tree/main/data,synthetic_demo,false
DEMO-IMAGE-5434,necklace,synthetic_demo,Synthetic demo metadata,https://github.com/wa52/ai-customer-service/tree/main/data,synthetic_demo,false
DEMO-IMAGE-5435,earring,synthetic_demo,Synthetic demo metadata,https://github.com/wa52/ai-customer-service/tree/main/data,synthetic_demo,false
DEMO-IMAGE-5436,bracelet,synthetic_demo,Synthetic demo metadata,https://github.com/wa52/ai-customer-service/tree/main/data,synthetic_demo,false
DEMO-IMAGE-5437,ring,synthetic_demo,Synthetic demo metadata,https://github.com/wa52/ai-customer-service/tree/main/data,synthetic_demo,false
DEMO-IMAGE-5438,necklace,synthetic_demo,Synthetic demo metadata,https://github.com/wa52/ai-customer-service/tree/main/data,synthetic_demo,false
DEMO-IMAGE-5439,earring,synthetic_demo,Synthetic demo metadata,https://github.com/wa52/ai-customer-service/tree/main/data,synthetic_demo,false
DEMO-IMAGE-5440,bracelet,synthetic_demo,Synthetic demo metadata,https://github.com/wa52/ai-customer-service/tree/main/data,synthetic_demo,false
DEMO-IMAGE-5441,ring,synthetic_demo,Synthetic demo metadata,https://github.com/wa52/ai-customer-service/tree/main/data,synthetic_demo,false
DEMO-IMAGE-5442,necklace,synthetic_demo,Synthetic demo metadata,https://github.com/wa52/ai-customer-service/tree/main/data,synthetic_demo,false
DEMO-IMAGE-5443,earring,synthetic_demo,Synthetic demo metadata,https://github.com/wa52/ai-customer-service/tree/main/data,synthetic_demo,false
DEMO-IMAGE-5444,bracelet,synthetic_demo,Synthetic demo metadata,https://github.com/wa52/ai-customer-service/tree/main/data,synthetic_demo,false
DEMO-IMAGE-5445,ring,synthetic_demo,Synthetic demo metadata,https://github.com/wa52/ai-customer-service/tree/main/data,synthetic_demo,false
DEMO-IMAGE-5446,necklace,synthetic_demo,Synthetic demo metadata,https://github.com/wa52/ai-customer-service/tree/main/data,synthetic_demo,false
DEMO-IMAGE-5447,earring,synthetic_demo,Synthetic demo metadata,https://github.com/wa52/ai-customer-service/tree/main/data,synthetic_demo,false
DEMO-IMAGE-5448,bracelet,synthetic_demo,Synthetic demo metadata,https://github.com/wa52/ai-customer-service/tree/main/data,synthetic_demo,false
DEMO-IMAGE-5449,ring,synthetic_demo,Synthetic demo metadata,https://github.com/wa52/ai-customer-service/tree/main/data,synthetic_demo,false
DEMO-IMAGE-5450,necklace,synthetic_demo,Synthetic demo metadata,https://github.com/wa52/ai-customer-service/tree/main/data,synthetic_demo,false
DEMO-IMAGE-5451,earring,synthetic_demo,Synthetic demo metadata,https://github.com/wa52/ai-customer-service/tree/main/data,synthetic_demo,false
DEMO-IMAGE-5452,bracelet,synthetic_demo,Synthetic demo metadata,https://github.com/wa52/ai-customer-service/tree/main/data,synthetic_demo,false
DEMO-IMAGE-5453,ring,synthetic_demo,Synthetic demo metadata,https://github.com/wa52/ai-customer-service/tree/main/data,synthetic_demo,false
DEMO-IMAGE-5454,necklace,synthetic_demo,Synthetic demo metadata,https://github.com/wa52/ai-customer-service/tree/main/data,synthetic_demo,false
DEMO-IMAGE-5455,earring,synthetic_demo,Synthetic demo metadata,https://github.com/wa52/ai-customer-service/tree/main/data,synthetic_demo,false
DEMO-IMAGE-5456,bracelet,synthetic_demo,Synthetic demo metadata,https://github.com/wa52/ai-customer-service/tree/main/data,synthetic_demo,false
DEMO-IMAGE-5457,ring,synthetic_demo,Synthetic demo metadata,https://github.com/wa52/ai-customer-service/tree/main/data,synthetic_demo,false
DEMO-IMAGE-5458,necklace,synthetic_demo,Synthetic demo metadata,https://github.com/wa52/ai-customer-service/tree/main/data,synthetic_demo,false
DEMO-IMAGE-5459,earring,synthetic_demo,Synthetic demo metadata,https://github.com/wa52/ai-customer-service/tree/main/data,synthetic_demo,false
DEMO-IMAGE-5460,bracelet,synthetic_demo,Synthetic demo metadata,https://github.com/wa52/ai-customer-service/tree/main/data,synthetic_demo,false
DEMO-IMAGE-5461,ring,synthetic_demo,Synthetic demo metadata,https://github.com/wa52/ai-customer-service/tree/main/data,synthetic_demo,false
DEMO-IMAGE-5462,necklace,synthetic_demo,Synthetic demo metadata,https://github.com/wa52/ai-customer-service/tree/main/data,synthetic_demo,false
DEMO-IMAGE-5463,earring,synthetic_demo,Synthetic demo metadata,https://github.com/wa52/ai-customer-service/tree/main/data,synthetic_demo,false
DEMO-IMAGE-5464,bracelet,synthetic_demo,Synthetic demo metadata,https://github.com/wa52/ai-customer-service/tree/main/data,synthetic_demo,false
DEMO-IMAGE-5465,ring,synthetic_demo,Synthetic demo metadata,https://github.com/wa52/ai-customer-service/tree/main/data,synthetic_demo,false
DEMO-IMAGE-5466,necklace,synthetic_demo,Synthetic demo metadata,https://github.com/wa52/ai-customer-service/tree/main/data,synthetic_demo,false
DEMO-IMAGE-5467,earring,synthetic_demo,Synthetic demo metadata,https://github.com/wa52/ai-customer-service/tree/main/data,synthetic_demo,false
DEMO-IMAGE-5468,bracelet,synthetic_demo,Synthetic demo metadata,https://github.com/wa52/ai-customer-service/tree/main/data,synthetic_demo,false
DEMO-IMAGE-5469,ring,synthetic_demo,Synthetic demo metadata,https://github.com/wa52/ai-customer-service/tree/main/data,synthetic_demo,false
DEMO-IMAGE-5470,necklace,synthetic_demo,Synthetic demo metadata,https://github.com/wa52/ai-customer-service/tree/main/data,synthetic_demo,false
DEMO-IMAGE-5471,earring,synthetic_demo,Synthetic demo metadata,https://github.com/wa52/ai-customer-service/tree/main/data,synthetic_demo,false
DEMO-IMAGE-5472,bracelet,synthetic_demo,Synthetic demo metadata,https://github.com/wa52/ai-customer-service/tree/main/data,synthetic_demo,false
DEMO-IMAGE-5473,ring,synthetic_demo,Synthetic demo metadata,https://github.com/wa52/ai-customer-service/tree/main/data,synthetic_demo,false
DEMO-IMAGE-5474,necklace,synthetic_demo,Synthetic demo metadata,https://github.com/wa52/ai-customer-service/tree/main/data,synthetic_demo,false
DEMO-IMAGE-5475,earring,synthetic_demo,Synthetic demo metadata,https://github.com/wa52/ai-customer-service/tree/main/data,synthetic_demo,false
DEMO-IMAGE-5476,bracelet,synthetic_demo,Synthetic demo metadata,https://github.com/wa52/ai-customer-service/tree/main/data,synthetic_demo,false
DEMO-IMAGE-5477,ring,synthetic_demo,Synthetic demo metadata,https://github.com/wa52/ai-customer-service/tree/main/data,synthetic_demo,false
DEMO-IMAGE-5478,necklace,synthetic_demo,Synthetic demo metadata,https://github.com/wa52/ai-customer-service/tree/main/data,synthetic_demo,false
DEMO-IMAGE-5479,earring,synthetic_demo,Synthetic demo metadata,https://github.com/wa52/ai-customer-service/tree/main/data,synthetic_demo,false
DEMO-IMAGE-5480,bracelet,synthetic_demo,Synthetic demo metadata,https://github.com/wa52/ai-customer-service/tree/main/data,synthetic_demo,false
DEMO-IMAGE-5481,ring,synthetic_demo,Synthetic demo metadata,https://github.com/wa52/ai-customer-service/tree/main/data,synthetic_demo,false
DEMO-IMAGE-5482,necklace,synthetic_demo,Synthetic demo metadata,https://github.com/wa52/ai-customer-service/tree/main/data,synthetic_demo,false
DEMO-IMAGE-5483,earring,synthetic_demo,Synthetic demo metadata,https://github.com/wa52/ai-customer-service/tree/main/data,synthetic_demo,false
DEMO-IMAGE-5484,bracelet,synthetic_demo,Synthetic demo metadata,https://github.com/wa52/ai-customer-service/tree/main/data,synthetic_demo,false
DEMO-IMAGE-5485,ring,synthetic_demo,Synthetic demo metadata,https://github.com/wa52/ai-customer-service/tree/main/data,synthetic_demo,false
DEMO-IMAGE-5486,necklace,synthetic_demo,Synthetic demo metadata,https://github.com/wa52/ai-customer-service/tree/main/data,synthetic_demo,false
DEMO-IMAGE-5487,earring,synthetic_demo,Synthetic demo metadata,https://github.com/wa52/ai-customer-service/tree/main/data,synthetic_demo,false
DEMO-IMAGE-5488,bracelet,synthetic_demo,Synthetic demo metadata,https://github.com/wa52/ai-customer-service/tree/main/data,synthetic_demo,false
DEMO-IMAGE-5489,ring,synthetic_demo,Synthetic demo metadata,https://github.com/wa52/ai-customer-service/tree/main/data,synthetic_demo,false
DEMO-IMAGE-5490,necklace,synthetic_demo,Synthetic demo metadata,https://github.com/wa52/ai-customer-service/tree/main/data,synthetic_demo,false
DEMO-IMAGE-5491,earring,synthetic_demo,Synthetic demo metadata,https://github.com/wa52/ai-customer-service/tree/main/data,synthetic_demo,false
DEMO-IMAGE-5492,bracelet,synthetic_demo,Synthetic demo metadata,https://github.com/wa52/ai-customer-service/tree/main/data,synthetic_demo,false
DEMO-IMAGE-5493,ring,synthetic_demo,Synthetic demo metadata,https://github.com/wa52/ai-customer-service/tree/main/data,synthetic_demo,false
DEMO-IMAGE-5494,necklace,synthetic_demo,Synthetic demo metadata,https://github.com/wa52/ai-customer-service/tree/main/data,synthetic_demo,false
DEMO-IMAGE-5495,earring,synthetic_demo,Synthetic demo metadata,https://github.com/wa52/ai-customer-service/tree/main/data,synthetic_demo,false
DEMO-IMAGE-5496,bracelet,synthetic_demo,Synthetic demo metadata,https://github.com/wa52/ai-customer-service/tree/main/data,synthetic_demo,false
DEMO-IMAGE-5497,ring,synthetic_demo,Synthetic demo metadata,https://github.com/wa52/ai-customer-service/tree/main/data,synthetic_demo,false
DEMO-IMAGE-5498,necklace,synthetic_demo,Synthetic demo metadata,https://github.com/wa52/ai-customer-service/tree/main/data,synthetic_demo,false
DEMO-IMAGE-5499,earring,synthetic_demo,Synthetic demo metadata,https://github.com/wa52/ai-customer-service/tree/main/data,synthetic_demo,false
DEMO-IMAGE-5500,bracelet,synthetic_demo,Synthetic demo metadata,https://github.com/wa52/ai-customer-service/tree/main/data,synthetic_demo,false
DEMO-IMAGE-5501,ring,synthetic_demo,Synthetic demo metadata,https://github.com/wa52/ai-customer-service/tree/main/data,synthetic_demo,false
DEMO-IMAGE-5502,necklace,synthetic_demo,Synthetic demo metadata,https://github.com/wa52/ai-customer-service/tree/main/data,synthetic_demo,false
DEMO-IMAGE-5503,earring,synthetic_demo,Synthetic demo metadata,https://github.com/wa52/ai-customer-service/tree/main/data,synthetic_demo,false
DEMO-IMAGE-5504,bracelet,synthetic_demo,Synthetic demo metadata,https://github.com/wa52/ai-customer-service/tree/main/data,synthetic_demo,false
DEMO-IMAGE-5505,ring,synthetic_demo,Synthetic demo metadata,https://github.com/wa52/ai-customer-service/tree/main/data,synthetic_demo,false
DEMO-IMAGE-5506,necklace,synthetic_demo,Synthetic demo metadata,https://github.com/wa52/ai-customer-service/tree/main/data,synthetic_demo,false
DEMO-IMAGE-5507,earring,synthetic_demo,Synthetic demo metadata,https://github.com/wa52/ai-customer-service/tree/main/data,synthetic_demo,false
DEMO-IMAGE-5508,bracelet,synthetic_demo,Synthetic demo metadata,https://github.com/wa52/ai-customer-service/tree/main/data,synthetic_demo,false
DEMO-IMAGE-5509,ring,synthetic_demo,Synthetic demo metadata,https://github.com/wa52/ai-customer-service/tree/main/data,synthetic_demo,false
DEMO-IMAGE-5510,necklace,synthetic_demo,Synthetic demo metadata,https://github.com/wa52/ai-customer-service/tree/main/data,synthetic_demo,false
DEMO-IMAGE-5511,earring,synthetic_demo,Synthetic demo metadata,https://github.com/wa52/ai-customer-service/tree/main/data,synthetic_demo,false
DEMO-IMAGE-5512,bracelet,synthetic_demo,Synthetic demo metadata,https://github.com/wa52/ai-customer-service/tree/main/data,synthetic_demo,false
DEMO-IMAGE-5513,ring,synthetic_demo,Synthetic demo metadata,https://github.com/wa52/ai-customer-service/tree/main/data,synthetic_demo,false
DEMO-IMAGE-5514,necklace,synthetic_demo,Synthetic demo metadata,https://github.com/wa52/ai-customer-service/tree/main/data,synthetic_demo,false
DEMO-IMAGE-5515,earring,synthetic_demo,Synthetic demo metadata,https://github.com/wa52/ai-customer-service/tree/main/data,synthetic_demo,false
DEMO-IMAGE-5516,bracelet,synthetic_demo,Synthetic demo metadata,https://github.com/wa52/ai-customer-service/tree/main/data,synthetic_demo,false
DEMO-IMAGE-5517,ring,synthetic_demo,Synthetic demo metadata,https://github.com/wa52/ai-customer-service/tree/main/data,synthetic_demo,false
DEMO-IMAGE-5518,necklace,synthetic_demo,Synthetic demo metadata,https://github.com/wa52/ai-customer-service/tree/main/data,synthetic_demo,false
DEMO-IMAGE-5519,earring,synthetic_demo,Synthetic demo metadata,https://github.com/wa52/ai-customer-service/tree/main/data,synthetic_demo,false
DEMO-IMAGE-5520,bracelet,synthetic_demo,Synthetic demo metadata,https://github.com/wa52/ai-customer-service/tree/main/data,synthetic_demo,false
DEMO-IMAGE-5521,ring,synthetic_demo,Synthetic demo metadata,https://github.com/wa52/ai-customer-service/tree/main/data,synthetic_demo,false
DEMO-IMAGE-5522,necklace,synthetic_demo,Synthetic demo metadata,https://github.com/wa52/ai-customer-service/tree/main/data,synthetic_demo,false
DEMO-IMAGE-5523,earring,synthetic_demo,Synthetic demo metadata,https://github.com/wa52/ai-customer-service/tree/main/data,synthetic_demo,false
DEMO-IMAGE-5524,bracelet,synthetic_demo,Synthetic demo metadata,https://github.com/wa52/ai-customer-service/tree/main/data,synthetic_demo,false
DEMO-IMAGE-5525,ring,synthetic_demo,Synthetic demo metadata,https://github.com/wa52/ai-customer-service/tree/main/data,synthetic_demo,false
DEMO-IMAGE-5526,necklace,synthetic_demo,Synthetic demo metadata,https://github.com/wa52/ai-customer-service/tree/main/data,synthetic_demo,false
DEMO-IMAGE-5527,earring,synthetic_demo,Synthetic demo metadata,https://github.com/wa52/ai-customer-service/tree/main/data,synthetic_demo,false
DEMO-IMAGE-5528,bracelet,synthetic_demo,Synthetic demo metadata,https://github.com/wa52/ai-customer-service/tree/main/data,synthetic_demo,false
DEMO-IMAGE-5529,ring,synthetic_demo,Synthetic demo metadata,https://github.com/wa52/ai-customer-service/tree/main/data,synthetic_demo,false
DEMO-IMAGE-5530,necklace,synthetic_demo,Synthetic demo metadata,https://github.com/wa52/ai-customer-service/tree/main/data,synthetic_demo,false
DEMO-IMAGE-5531,earring,synthetic_demo,Synthetic demo metadata,https://github.com/wa52/ai-customer-service/tree/main/data,synthetic_demo,false
DEMO-IMAGE-5532,bracelet,synthetic_demo,Synthetic demo metadata,https://github.com/wa52/ai-customer-service/tree/main/data,synthetic_demo,false
DEMO-IMAGE-5533,ring,synthetic_demo,Synthetic demo metadata,https://github.com/wa52/ai-customer-service/tree/main/data,synthetic_demo,false
DEMO-IMAGE-5534,necklace,synthetic_demo,Synthetic demo metadata,https://github.com/wa52/ai-customer-service/tree/main/data,synthetic_demo,false
DEMO-IMAGE-5535,earring,synthetic_demo,Synthetic demo metadata,https://github.com/wa52/ai-customer-service/tree/main/data,synthetic_demo,false
DEMO-IMAGE-5536,bracelet,synthetic_demo,Synthetic demo metadata,https://github.com/wa52/ai-customer-service/tree/main/data,synthetic_demo,false
DEMO-IMAGE-5537,ring,synthetic_demo,Synthetic demo metadata,https://github.com/wa52/ai-customer-service/tree/main/data,synthetic_demo,false
DEMO-IMAGE-5538,necklace,synthetic_demo,Synthetic demo metadata,https://github.com/wa52/ai-customer-service/tree/main/data,synthetic_demo,false
DEMO-IMAGE-5539,earring,synthetic_demo,Synthetic demo metadata,https://github.com/wa52/ai-customer-service/tree/main/data,synthetic_demo,false
DEMO-IMAGE-5540,bracelet,synthetic_demo,Synthetic demo metadata,https://github.com/wa52/ai-customer-service/tree/main/data,synthetic_demo,false
DEMO-IMAGE-5541,ring,synthetic_demo,Synthetic demo metadata,https://github.com/wa52/ai-customer-service/tree/main/data,synthetic_demo,false
DEMO-IMAGE-5542,necklace,synthetic_demo,Synthetic demo metadata,https://github.com/wa52/ai-customer-service/tree/main/data,synthetic_demo,false
DEMO-IMAGE-5543,earring,synthetic_demo,Synthetic demo metadata,https://github.com/wa52/ai-customer-service/tree/main/data,synthetic_demo,false
DEMO-IMAGE-5544,bracelet,synthetic_demo,Synthetic demo metadata,https://github.com/wa52/ai-customer-service/tree/main/data,synthetic_demo,false
DEMO-IMAGE-5545,ring,synthetic_demo,Synthetic demo metadata,https://github.com/wa52/ai-customer-service/tree/main/data,synthetic_demo,false
DEMO-IMAGE-5546,necklace,synthetic_demo,Synthetic demo metadata,https://github.com/wa52/ai-customer-service/tree/main/data,synthetic_demo,false
DEMO-IMAGE-5547,earring,synthetic_demo,Synthetic demo metadata,https://github.com/wa52/ai-customer-service/tree/main/data,synthetic_demo,false
DEMO-IMAGE-5548,bracelet,synthetic_demo,Synthetic demo metadata,https://github.com/wa52/ai-customer-service/tree/main/data,synthetic_demo,false
DEMO-IMAGE-5549,ring,synthetic_demo,Synthetic demo metadata,https://github.com/wa52/ai-customer-service/tree/main/data,synthetic_demo,false
DEMO-IMAGE-5550,necklace,synthetic_demo,Synthetic demo metadata,https://github.com/wa52/ai-customer-service/tree/main/data,synthetic_demo,false
DEMO-IMAGE-5551,earring,synthetic_demo,Synthetic demo metadata,https://github.com/wa52/ai-customer-service/tree/main/data,synthetic_demo,false
DEMO-IMAGE-5552,bracelet,synthetic_demo,Synthetic demo metadata,https://github.com/wa52/ai-customer-service/tree/main/data,synthetic_demo,false
DEMO-IMAGE-5553,ring,synthetic_demo,Synthetic demo metadata,https://github.com/wa52/ai-customer-service/tree/main/data,synthetic_demo,false
DEMO-IMAGE-5554,necklace,synthetic_demo,Synthetic demo metadata,https://github.com/wa52/ai-customer-service/tree/main/data,synthetic_demo,false
DEMO-IMAGE-5555,earring,synthetic_demo,Synthetic demo metadata,https://github.com/wa52/ai-customer-service/tree/main/data,synthetic_demo,false
DEMO-IMAGE-5556,bracelet,synthetic_demo,Synthetic demo metadata,https://github.com/wa52/ai-customer-service/tree/main/data,synthetic_demo,false
DEMO-IMAGE-5557,ring,synthetic_demo,Synthetic demo metadata,https://github.com/wa52/ai-customer-service/tree/main/data,synthetic_demo,false
DEMO-IMAGE-5558,necklace,synthetic_demo,Synthetic demo metadata,https://github.com/wa52/ai-customer-service/tree/main/data,synthetic_demo,false
DEMO-IMAGE-5559,earring,synthetic_demo,Synthetic demo metadata,https://github.com/wa52/ai-customer-service/tree/main/data,synthetic_demo,false
DEMO-IMAGE-5560,bracelet,synthetic_demo,Synthetic demo metadata,https://github.com/wa52/ai-customer-service/tree/main/data,synthetic_demo,false
DEMO-IMAGE-5561,ring,synthetic_demo,Synthetic demo metadata,https://github.com/wa52/ai-customer-service/tree/main/data,synthetic_demo,false
DEMO-IMAGE-5562,necklace,synthetic_demo,Synthetic demo metadata,https://github.com/wa52/ai-customer-service/tree/main/data,synthetic_demo,false
DEMO-IMAGE-5563,earring,synthetic_demo,Synthetic demo metadata,https://github.com/wa52/ai-customer-service/tree/main/data,synthetic_demo,false
DEMO-IMAGE-5564,bracelet,synthetic_demo,Synthetic demo metadata,https://github.com/wa52/ai-customer-service/tree/main/data,synthetic_demo,false
DEMO-IMAGE-5565,ring,synthetic_demo,Synthetic demo metadata,https://github.com/wa52/ai-customer-service/tree/main/data,synthetic_demo,false
DEMO-IMAGE-5566,necklace,synthetic_demo,Synthetic demo metadata,https://github.com/wa52/ai-customer-service/tree/main/data,synthetic_demo,false
DEMO-IMAGE-5567,earring,synthetic_demo,Synthetic demo metadata,https://github.com/wa52/ai-customer-service/tree/main/data,synthetic_demo,false
DEMO-IMAGE-5568,bracelet,synthetic_demo,Synthetic demo metadata,https://github.com/wa52/ai-customer-service/tree/main/data,synthetic_demo,false
DEMO-IMAGE-5569,ring,synthetic_demo,Synthetic demo metadata,https://github.com/wa52/ai-customer-service/tree/main/data,synthetic_demo,false
DEMO-IMAGE-5570,necklace,synthetic_demo,Synthetic demo metadata,https://github.com/wa52/ai-customer-service/tree/main/data,synthetic_demo,false
DEMO-IMAGE-5571,earring,synthetic_demo,Synthetic demo metadata,https://github.com/wa52/ai-customer-service/tree/main/data,synthetic_demo,false
DEMO-IMAGE-5572,bracelet,synthetic_demo,Synthetic demo metadata,https://github.com/wa52/ai-customer-service/tree/main/data,synthetic_demo,false
DEMO-IMAGE-5573,ring,synthetic_demo,Synthetic demo metadata,https://github.com/wa52/ai-customer-service/tree/main/data,synthetic_demo,false
DEMO-IMAGE-5574,necklace,synthetic_demo,Synthetic demo metadata,https://github.com/wa52/ai-customer-service/tree/main/data,synthetic_demo,false
DEMO-IMAGE-5575,earring,synthetic_demo,Synthetic demo metadata,https://github.com/wa52/ai-customer-service/tree/main/data,synthetic_demo,false
DEMO-IMAGE-5576,bracelet,synthetic_demo,Synthetic demo metadata,https://github.com/wa52/ai-customer-service/tree/main/data,synthetic_demo,false
DEMO-IMAGE-5577,ring,synthetic_demo,Synthetic demo metadata,https://github.com/wa52/ai-customer-service/tree/main/data,synthetic_demo,false
DEMO-IMAGE-5578,necklace,synthetic_demo,Synthetic demo metadata,https://github.com/wa52/ai-customer-service/tree/main/data,synthetic_demo,false
DEMO-IMAGE-5579,earring,synthetic_demo,Synthetic demo metadata,https://github.com/wa52/ai-customer-service/tree/main/data,synthetic_demo,false
DEMO-IMAGE-5580,bracelet,synthetic_demo,Synthetic demo metadata,https://github.com/wa52/ai-customer-service/tree/main/data,synthetic_demo,false
DEMO-IMAGE-5581,ring,synthetic_demo,Synthetic demo metadata,https://github.com/wa52/ai-customer-service/tree/main/data,synthetic_demo,false
DEMO-IMAGE-5582,necklace,synthetic_demo,Synthetic demo metadata,https://github.com/wa52/ai-customer-service/tree/main/data,synthetic_demo,false
DEMO-IMAGE-5583,earring,synthetic_demo,Synthetic demo metadata,https://github.com/wa52/ai-customer-service/tree/main/data,synthetic_demo,false
DEMO-IMAGE-5584,bracelet,synthetic_demo,Synthetic demo metadata,https://github.com/wa52/ai-customer-service/tree/main/data,synthetic_demo,false
DEMO-IMAGE-5585,ring,synthetic_demo,Synthetic demo metadata,https://github.com/wa52/ai-customer-service/tree/main/data,synthetic_demo,false
DEMO-IMAGE-5586,necklace,synthetic_demo,Synthetic demo metadata,https://github.com/wa52/ai-customer-service/tree/main/data,synthetic_demo,false
DEMO-IMAGE-5587,earring,synthetic_demo,Synthetic demo metadata,https://github.com/wa52/ai-customer-service/tree/main/data,synthetic_demo,false
DEMO-IMAGE-5588,bracelet,synthetic_demo,Synthetic demo metadata,https://github.com/wa52/ai-customer-service/tree/main/data,synthetic_demo,false
DEMO-IMAGE-5589,ring,synthetic_demo,Synthetic demo metadata,https://github.com/wa52/ai-customer-service/tree/main/data,synthetic_demo,false
DEMO-IMAGE-5590,necklace,synthetic_demo,Synthetic demo metadata,https://github.com/wa52/ai-customer-service/tree/main/data,synthetic_demo,false
DEMO-IMAGE-5591,earring,synthetic_demo,Synthetic demo metadata,https://github.com/wa52/ai-customer-service/tree/main/data,synthetic_demo,false
DEMO-IMAGE-5592,bracelet,synthetic_demo,Synthetic demo metadata,https://github.com/wa52/ai-customer-service/tree/main/data,synthetic_demo,false
DEMO-IMAGE-5593,ring,synthetic_demo,Synthetic demo metadata,https://github.com/wa52/ai-customer-service/tree/main/data,synthetic_demo,false
DEMO-IMAGE-5594,necklace,synthetic_demo,Synthetic demo metadata,https://github.com/wa52/ai-customer-service/tree/main/data,synthetic_demo,false
DEMO-IMAGE-5595,earring,synthetic_demo,Synthetic demo metadata,https://github.com/wa52/ai-customer-service/tree/main/data,synthetic_demo,false
DEMO-IMAGE-5596,bracelet,synthetic_demo,Synthetic demo metadata,https://github.com/wa52/ai-customer-service/tree/main/data,synthetic_demo,false
DEMO-IMAGE-5597,ring,synthetic_demo,Synthetic demo metadata,https://github.com/wa52/ai-customer-service/tree/main/data,synthetic_demo,false
DEMO-IMAGE-5598,necklace,synthetic_demo,Synthetic demo metadata,https://github.com/wa52/ai-customer-service/tree/main/data,synthetic_demo,false
DEMO-IMAGE-5599,earring,synthetic_demo,Synthetic demo metadata,https://github.com/wa52/ai-customer-service/tree/main/data,synthetic_demo,false
DEMO-IMAGE-5600,bracelet,synthetic_demo,Synthetic demo metadata,https://github.com/wa52/ai-customer-service/tree/main/data,synthetic_demo,false
DEMO-IMAGE-5601,ring,synthetic_demo,Synthetic demo metadata,https://github.com/wa52/ai-customer-service/tree/main/data,synthetic_demo,false
DEMO-IMAGE-5602,necklace,synthetic_demo,Synthetic demo metadata,https://github.com/wa52/ai-customer-service/tree/main/data,synthetic_demo,false
DEMO-IMAGE-5603,earring,synthetic_demo,Synthetic demo metadata,https://github.com/wa52/ai-customer-service/tree/main/data,synthetic_demo,false
DEMO-IMAGE-5604,bracelet,synthetic_demo,Synthetic demo metadata,https://github.com/wa52/ai-customer-service/tree/main/data,synthetic_demo,false
DEMO-IMAGE-5605,ring,synthetic_demo,Synthetic demo metadata,https://github.com/wa52/ai-customer-service/tree/main/data,synthetic_demo,false
DEMO-IMAGE-5606,necklace,synthetic_demo,Synthetic demo metadata,https://github.com/wa52/ai-customer-service/tree/main/data,synthetic_demo,false
DEMO-IMAGE-5607,earring,synthetic_demo,Synthetic demo metadata,https://github.com/wa52/ai-customer-service/tree/main/data,synthetic_demo,false
DEMO-IMAGE-5608,bracelet,synthetic_demo,Synthetic demo metadata,https://github.com/wa52/ai-customer-service/tree/main/data,synthetic_demo,false
DEMO-IMAGE-5609,ring,synthetic_demo,Synthetic demo metadata,https://github.com/wa52/ai-customer-service/tree/main/data,synthetic_demo,false
DEMO-IMAGE-5610,necklace,synthetic_demo,Synthetic demo metadata,https://github.com/wa52/ai-customer-service/tree/main/data,synthetic_demo,false
DEMO-IMAGE-5611,earring,synthetic_demo,Synthetic demo metadata,https://github.com/wa52/ai-customer-service/tree/main/data,synthetic_demo,false
DEMO-IMAGE-5612,bracelet,synthetic_demo,Synthetic demo metadata,https://github.com/wa52/ai-customer-service/tree/main/data,synthetic_demo,false
DEMO-IMAGE-5613,ring,synthetic_demo,Synthetic demo metadata,https://github.com/wa52/ai-customer-service/tree/main/data,synthetic_demo,false
DEMO-IMAGE-5614,necklace,synthetic_demo,Synthetic demo metadata,https://github.com/wa52/ai-customer-service/tree/main/data,synthetic_demo,false
DEMO-IMAGE-5615,earring,synthetic_demo,Synthetic demo metadata,https://github.com/wa52/ai-customer-service/tree/main/data,synthetic_demo,false
DEMO-IMAGE-5616,bracelet,synthetic_demo,Synthetic demo metadata,https://github.com/wa52/ai-customer-service/tree/main/data,synthetic_demo,false
DEMO-IMAGE-5617,ring,synthetic_demo,Synthetic demo metadata,https://github.com/wa52/ai-customer-service/tree/main/data,synthetic_demo,false
DEMO-IMAGE-5618,necklace,synthetic_demo,Synthetic demo metadata,https://github.com/wa52/ai-customer-service/tree/main/data,synthetic_demo,false
DEMO-IMAGE-5619,earring,synthetic_demo,Synthetic demo metadata,https://github.com/wa52/ai-customer-service/tree/main/data,synthetic_demo,false
DEMO-IMAGE-5620,bracelet,synthetic_demo,Synthetic demo metadata,https://github.com/wa52/ai-customer-service/tree/main/data,synthetic_demo,false
DEMO-IMAGE-5621,ring,synthetic_demo,Synthetic demo metadata,https://github.com/wa52/ai-customer-service/tree/main/data,synthetic_demo,false
DEMO-IMAGE-5622,necklace,synthetic_demo,Synthetic demo metadata,https://github.com/wa52/ai-customer-service/tree/main/data,synthetic_demo,false
DEMO-IMAGE-5623,earring,synthetic_demo,Synthetic demo metadata,https://github.com/wa52/ai-customer-service/tree/main/data,synthetic_demo,false
DEMO-IMAGE-5624,bracelet,synthetic_demo,Synthetic demo metadata,https://github.com/wa52/ai-customer-service/tree/main/data,synthetic_demo,false
DEMO-IMAGE-5625,ring,synthetic_demo,Synthetic demo metadata,https://github.com/wa52/ai-customer-service/tree/main/data,synthetic_demo,false
DEMO-IMAGE-5626,necklace,synthetic_demo,Synthetic demo metadata,https://github.com/wa52/ai-customer-service/tree/main/data,synthetic_demo,false
DEMO-IMAGE-5627,earring,synthetic_demo,Synthetic demo metadata,https://github.com/wa52/ai-customer-service/tree/main/data,synthetic_demo,false
DEMO-IMAGE-5628,bracelet,synthetic_demo,Synthetic demo metadata,https://github.com/wa52/ai-customer-service/tree/main/data,synthetic_demo,false
DEMO-IMAGE-5629,ring,synthetic_demo,Synthetic demo metadata,https://github.com/wa52/ai-customer-service/tree/main/data,synthetic_demo,false
DEMO-IMAGE-5630,necklace,synthetic_demo,Synthetic demo metadata,https://github.com/wa52/ai-customer-service/tree/main/data,synthetic_demo,false
DEMO-IMAGE-5631,earring,synthetic_demo,Synthetic demo metadata,https://github.com/wa52/ai-customer-service/tree/main/data,synthetic_demo,false
DEMO-IMAGE-5632,bracelet,synthetic_demo,Synthetic demo metadata,https://github.com/wa52/ai-customer-service/tree/main/data,synthetic_demo,false
DEMO-IMAGE-5633,ring,synthetic_demo,Synthetic demo metadata,https://github.com/wa52/ai-customer-service/tree/main/data,synthetic_demo,false
DEMO-IMAGE-5634,necklace,synthetic_demo,Synthetic demo metadata,https://github.com/wa52/ai-customer-service/tree/main/data,synthetic_demo,false
DEMO-IMAGE-5635,earring,synthetic_demo,Synthetic demo metadata,https://github.com/wa52/ai-customer-service/tree/main/data,synthetic_demo,false
DEMO-IMAGE-5636,bracelet,synthetic_demo,Synthetic demo metadata,https://github.com/wa52/ai-customer-service/tree/main/data,synthetic_demo,false
DEMO-IMAGE-5637,ring,synthetic_demo,Synthetic demo metadata,https://github.com/wa52/ai-customer-service/tree/main/data,synthetic_demo,false
DEMO-IMAGE-5638,necklace,synthetic_demo,Synthetic demo metadata,https://github.com/wa52/ai-customer-service/tree/main/data,synthetic_demo,false
DEMO-IMAGE-5639,earring,synthetic_demo,Synthetic demo metadata,https://github.com/wa52/ai-customer-service/tree/main/data,synthetic_demo,false
DEMO-IMAGE-5640,bracelet,synthetic_demo,Synthetic demo metadata,https://github.com/wa52/ai-customer-service/tree/main/data,synthetic_demo,false
DEMO-IMAGE-5641,ring,synthetic_demo,Synthetic demo metadata,https://github.com/wa52/ai-customer-service/tree/main/data,synthetic_demo,false
DEMO-IMAGE-5642,necklace,synthetic_demo,Synthetic demo metadata,https://github.com/wa52/ai-customer-service/tree/main/data,synthetic_demo,false
DEMO-IMAGE-5643,earring,synthetic_demo,Synthetic demo metadata,https://github.com/wa52/ai-customer-service/tree/main/data,synthetic_demo,false
DEMO-IMAGE-5644,bracelet,synthetic_demo,Synthetic demo metadata,https://github.com/wa52/ai-customer-service/tree/main/data,synthetic_demo,false
DEMO-IMAGE-5645,ring,synthetic_demo,Synthetic demo metadata,https://github.com/wa52/ai-customer-service/tree/main/data,synthetic_demo,false
DEMO-IMAGE-5646,necklace,synthetic_demo,Synthetic demo metadata,https://github.com/wa52/ai-customer-service/tree/main/data,synthetic_demo,false
DEMO-IMAGE-5647,earring,synthetic_demo,Synthetic demo metadata,https://github.com/wa52/ai-customer-service/tree/main/data,synthetic_demo,false
DEMO-IMAGE-5648,bracelet,synthetic_demo,Synthetic demo metadata,https://github.com/wa52/ai-customer-service/tree/main/data,synthetic_demo,false
DEMO-IMAGE-5649,ring,synthetic_demo,Synthetic demo metadata,https://github.com/wa52/ai-customer-service/tree/main/data,synthetic_demo,false
DEMO-IMAGE-5650,necklace,synthetic_demo,Synthetic demo metadata,https://github.com/wa52/ai-customer-service/tree/main/data,synthetic_demo,false
DEMO-IMAGE-5651,earring,synthetic_demo,Synthetic demo metadata,https://github.com/wa52/ai-customer-service/tree/main/data,synthetic_demo,false
DEMO-IMAGE-5652,bracelet,synthetic_demo,Synthetic demo metadata,https://github.com/wa52/ai-customer-service/tree/main/data,synthetic_demo,false
DEMO-IMAGE-5653,ring,synthetic_demo,Synthetic demo metadata,https://github.com/wa52/ai-customer-service/tree/main/data,synthetic_demo,false
DEMO-IMAGE-5654,necklace,synthetic_demo,Synthetic demo metadata,https://github.com/wa52/ai-customer-service/tree/main/data,synthetic_demo,false
DEMO-IMAGE-5655,earring,synthetic_demo,Synthetic demo metadata,https://github.com/wa52/ai-customer-service/tree/main/data,synthetic_demo,false
DEMO-IMAGE-5656,bracelet,synthetic_demo,Synthetic demo metadata,https://github.com/wa52/ai-customer-service/tree/main/data,synthetic_demo,false
DEMO-IMAGE-5657,ring,synthetic_demo,Synthetic demo metadata,https://github.com/wa52/ai-customer-service/tree/main/data,synthetic_demo,false
DEMO-IMAGE-5658,necklace,synthetic_demo,Synthetic demo metadata,https://github.com/wa52/ai-customer-service/tree/main/data,synthetic_demo,false
DEMO-IMAGE-5659,earring,synthetic_demo,Synthetic demo metadata,https://github.com/wa52/ai-customer-service/tree/main/data,synthetic_demo,false
DEMO-IMAGE-5660,bracelet,synthetic_demo,Synthetic demo metadata,https://github.com/wa52/ai-customer-service/tree/main/data,synthetic_demo,false
DEMO-IMAGE-5661,ring,synthetic_demo,Synthetic demo metadata,https://github.com/wa52/ai-customer-service/tree/main/data,synthetic_demo,false
DEMO-IMAGE-5662,necklace,synthetic_demo,Synthetic demo metadata,https://github.com/wa52/ai-customer-service/tree/main/data,synthetic_demo,false
DEMO-IMAGE-5663,earring,synthetic_demo,Synthetic demo metadata,https://github.com/wa52/ai-customer-service/tree/main/data,synthetic_demo,false
DEMO-IMAGE-5664,bracelet,synthetic_demo,Synthetic demo metadata,https://github.com/wa52/ai-customer-service/tree/main/data,synthetic_demo,false
DEMO-IMAGE-5665,ring,synthetic_demo,Synthetic demo metadata,https://github.com/wa52/ai-customer-service/tree/main/data,synthetic_demo,false
DEMO-IMAGE-5666,necklace,synthetic_demo,Synthetic demo metadata,https://github.com/wa52/ai-customer-service/tree/main/data,synthetic_demo,false
DEMO-IMAGE-5667,earring,synthetic_demo,Synthetic demo metadata,https://github.com/wa52/ai-customer-service/tree/main/data,synthetic_demo,false
DEMO-IMAGE-5668,bracelet,synthetic_demo,Synthetic demo metadata,https://github.com/wa52/ai-customer-service/tree/main/data,synthetic_demo,false
DEMO-IMAGE-5669,ring,synthetic_demo,Synthetic demo metadata,https://github.com/wa52/ai-customer-service/tree/main/data,synthetic_demo,false
DEMO-IMAGE-5670,necklace,synthetic_demo,Synthetic demo metadata,https://github.com/wa52/ai-customer-service/tree/main/data,synthetic_demo,false
DEMO-IMAGE-5671,earring,synthetic_demo,Synthetic demo metadata,https://github.com/wa52/ai-customer-service/tree/main/data,synthetic_demo,false
DEMO-IMAGE-5672,bracelet,synthetic_demo,Synthetic demo metadata,https://github.com/wa52/ai-customer-service/tree/main/data,synthetic_demo,false
DEMO-IMAGE-5673,ring,synthetic_demo,Synthetic demo metadata,https://github.com/wa52/ai-customer-service/tree/main/data,synthetic_demo,false
DEMO-IMAGE-5674,necklace,synthetic_demo,Synthetic demo metadata,https://github.com/wa52/ai-customer-service/tree/main/data,synthetic_demo,false
DEMO-IMAGE-5675,earring,synthetic_demo,Synthetic demo metadata,https://github.com/wa52/ai-customer-service/tree/main/data,synthetic_demo,false
DEMO-IMAGE-5676,bracelet,synthetic_demo,Synthetic demo metadata,https://github.com/wa52/ai-customer-service/tree/main/data,synthetic_demo,false
DEMO-IMAGE-5677,ring,synthetic_demo,Synthetic demo metadata,https://github.com/wa52/ai-customer-service/tree/main/data,synthetic_demo,false
DEMO-IMAGE-5678,necklace,synthetic_demo,Synthetic demo metadata,https://github.com/wa52/ai-customer-service/tree/main/data,synthetic_demo,false
DEMO-IMAGE-5679,earring,synthetic_demo,Synthetic demo metadata,https://github.com/wa52/ai-customer-service/tree/main/data,synthetic_demo,false
DEMO-IMAGE-5680,bracelet,synthetic_demo,Synthetic demo metadata,https://github.com/wa52/ai-customer-service/tree/main/data,synthetic_demo,false
DEMO-IMAGE-5681,ring,synthetic_demo,Synthetic demo metadata,https://github.com/wa52/ai-customer-service/tree/main/data,synthetic_demo,false
DEMO-IMAGE-5682,necklace,synthetic_demo,Synthetic demo metadata,https://github.com/wa52/ai-customer-service/tree/main/data,synthetic_demo,false
DEMO-IMAGE-5683,earring,synthetic_demo,Synthetic demo metadata,https://github.com/wa52/ai-customer-service/tree/main/data,synthetic_demo,false
DEMO-IMAGE-5684,bracelet,synthetic_demo,Synthetic demo metadata,https://github.com/wa52/ai-customer-service/tree/main/data,synthetic_demo,false
DEMO-IMAGE-5685,ring,synthetic_demo,Synthetic demo metadata,https://github.com/wa52/ai-customer-service/tree/main/data,synthetic_demo,false
DEMO-IMAGE-5686,necklace,synthetic_demo,Synthetic demo metadata,https://github.com/wa52/ai-customer-service/tree/main/data,synthetic_demo,false
DEMO-IMAGE-5687,earring,synthetic_demo,Synthetic demo metadata,https://github.com/wa52/ai-customer-service/tree/main/data,synthetic_demo,false
DEMO-IMAGE-5688,bracelet,synthetic_demo,Synthetic demo metadata,https://github.com/wa52/ai-customer-service/tree/main/data,synthetic_demo,false
DEMO-IMAGE-5689,ring,synthetic_demo,Synthetic demo metadata,https://github.com/wa52/ai-customer-service/tree/main/data,synthetic_demo,false
DEMO-IMAGE-5690,necklace,synthetic_demo,Synthetic demo metadata,https://github.com/wa52/ai-customer-service/tree/main/data,synthetic_demo,false
DEMO-IMAGE-5691,earring,synthetic_demo,Synthetic demo metadata,https://github.com/wa52/ai-customer-service/tree/main/data,synthetic_demo,false
DEMO-IMAGE-5692,bracelet,synthetic_demo,Synthetic demo metadata,https://github.com/wa52/ai-customer-service/tree/main/data,synthetic_demo,false
DEMO-IMAGE-5693,ring,synthetic_demo,Synthetic demo metadata,https://github.com/wa52/ai-customer-service/tree/main/data,synthetic_demo,false
DEMO-IMAGE-5694,necklace,synthetic_demo,Synthetic demo metadata,https://github.com/wa52/ai-customer-service/tree/main/data,synthetic_demo,false
DEMO-IMAGE-5695,earring,synthetic_demo,Synthetic demo metadata,https://github.com/wa52/ai-customer-service/tree/main/data,synthetic_demo,false
DEMO-IMAGE-5696,bracelet,synthetic_demo,Synthetic demo metadata,https://github.com/wa52/ai-customer-service/tree/main/data,synthetic_demo,false
DEMO-IMAGE-5697,ring,synthetic_demo,Synthetic demo metadata,https://github.com/wa52/ai-customer-service/tree/main/data,synthetic_demo,false
DEMO-IMAGE-5698,necklace,synthetic_demo,Synthetic demo metadata,https://github.com/wa52/ai-customer-service/tree/main/data,synthetic_demo,false
DEMO-IMAGE-5699,earring,synthetic_demo,Synthetic demo metadata,https://github.com/wa52/ai-customer-service/tree/main/data,synthetic_demo,false
DEMO-IMAGE-5700,bracelet,synthetic_demo,Synthetic demo metadata,https://github.com/wa52/ai-customer-service/tree/main/data,synthetic_demo,false
DEMO-IMAGE-5701,ring,synthetic_demo,Synthetic demo metadata,https://github.com/wa52/ai-customer-service/tree/main/data,synthetic_demo,false
DEMO-IMAGE-5702,necklace,synthetic_demo,Synthetic demo metadata,https://github.com/wa52/ai-customer-service/tree/main/data,synthetic_demo,false
DEMO-IMAGE-5703,earring,synthetic_demo,Synthetic demo metadata,https://github.com/wa52/ai-customer-service/tree/main/data,synthetic_demo,false
DEMO-IMAGE-5704,bracelet,synthetic_demo,Synthetic demo metadata,https://github.com/wa52/ai-customer-service/tree/main/data,synthetic_demo,false
DEMO-IMAGE-5705,ring,synthetic_demo,Synthetic demo metadata,https://github.com/wa52/ai-customer-service/tree/main/data,synthetic_demo,false
DEMO-IMAGE-5706,necklace,synthetic_demo,Synthetic demo metadata,https://github.com/wa52/ai-customer-service/tree/main/data,synthetic_demo,false
DEMO-IMAGE-5707,earring,synthetic_demo,Synthetic demo metadata,https://github.com/wa52/ai-customer-service/tree/main/data,synthetic_demo,false
DEMO-IMAGE-5708,bracelet,synthetic_demo,Synthetic demo metadata,https://github.com/wa52/ai-customer-service/tree/main/data,synthetic_demo,false
DEMO-IMAGE-5709,ring,synthetic_demo,Synthetic demo metadata,https://github.com/wa52/ai-customer-service/tree/main/data,synthetic_demo,false
DEMO-IMAGE-5710,necklace,synthetic_demo,Synthetic demo metadata,https://github.com/wa52/ai-customer-service/tree/main/data,synthetic_demo,false
DEMO-IMAGE-5711,earring,synthetic_demo,Synthetic demo metadata,https://github.com/wa52/ai-customer-service/tree/main/data,synthetic_demo,false
DEMO-IMAGE-5712,bracelet,synthetic_demo,Synthetic demo metadata,https://github.com/wa52/ai-customer-service/tree/main/data,synthetic_demo,false
DEMO-IMAGE-5713,ring,synthetic_demo,Synthetic demo metadata,https://github.com/wa52/ai-customer-service/tree/main/data,synthetic_demo,false
DEMO-IMAGE-5714,necklace,synthetic_demo,Synthetic demo metadata,https://github.com/wa52/ai-customer-service/tree/main/data,synthetic_demo,false
DEMO-IMAGE-5715,earring,synthetic_demo,Synthetic demo metadata,https://github.com/wa52/ai-customer-service/tree/main/data,synthetic_demo,false
DEMO-IMAGE-5716,bracelet,synthetic_demo,Synthetic demo metadata,https://github.com/wa52/ai-customer-service/tree/main/data,synthetic_demo,false
DEMO-IMAGE-5717,ring,synthetic_demo,Synthetic demo metadata,https://github.com/wa52/ai-customer-service/tree/main/data,synthetic_demo,false
DEMO-IMAGE-5718,necklace,synthetic_demo,Synthetic demo metadata,https://github.com/wa52/ai-customer-service/tree/main/data,synthetic_demo,false
DEMO-IMAGE-5719,earring,synthetic_demo,Synthetic demo metadata,https://github.com/wa52/ai-customer-service/tree/main/data,synthetic_demo,false
DEMO-IMAGE-5720,bracelet,synthetic_demo,Synthetic demo metadata,https://github.com/wa52/ai-customer-service/tree/main/data,synthetic_demo,false
DEMO-IMAGE-5721,ring,synthetic_demo,Synthetic demo metadata,https://github.com/wa52/ai-customer-service/tree/main/data,synthetic_demo,false
DEMO-IMAGE-5722,necklace,synthetic_demo,Synthetic demo metadata,https://github.com/wa52/ai-customer-service/tree/main/data,synthetic_demo,false
DEMO-IMAGE-5723,earring,synthetic_demo,Synthetic demo metadata,https://github.com/wa52/ai-customer-service/tree/main/data,synthetic_demo,false
DEMO-IMAGE-5724,bracelet,synthetic_demo,Synthetic demo metadata,https://github.com/wa52/ai-customer-service/tree/main/data,synthetic_demo,false
DEMO-IMAGE-5725,ring,synthetic_demo,Synthetic demo metadata,https://github.com/wa52/ai-customer-service/tree/main/data,synthetic_demo,false
DEMO-IMAGE-5726,necklace,synthetic_demo,Synthetic demo metadata,https://github.com/wa52/ai-customer-service/tree/main/data,synthetic_demo,false
DEMO-IMAGE-5727,earring,synthetic_demo,Synthetic demo metadata,https://github.com/wa52/ai-customer-service/tree/main/data,synthetic_demo,false
DEMO-IMAGE-5728,bracelet,synthetic_demo,Synthetic demo metadata,https://github.com/wa52/ai-customer-service/tree/main/data,synthetic_demo,false
DEMO-IMAGE-5729,ring,synthetic_demo,Synthetic demo metadata,https://github.com/wa52/ai-customer-service/tree/main/data,synthetic_demo,false
DEMO-IMAGE-5730,necklace,synthetic_demo,Synthetic demo metadata,https://github.com/wa52/ai-customer-service/tree/main/data,synthetic_demo,false
DEMO-IMAGE-5731,earring,synthetic_demo,Synthetic demo metadata,https://github.com/wa52/ai-customer-service/tree/main/data,synthetic_demo,false
DEMO-IMAGE-5732,bracelet,synthetic_demo,Synthetic demo metadata,https://github.com/wa52/ai-customer-service/tree/main/data,synthetic_demo,false
DEMO-IMAGE-5733,ring,synthetic_demo,Synthetic demo metadata,https://github.com/wa52/ai-customer-service/tree/main/data,synthetic_demo,false
DEMO-IMAGE-5734,necklace,synthetic_demo,Synthetic demo metadata,https://github.com/wa52/ai-customer-service/tree/main/data,synthetic_demo,false
DEMO-IMAGE-5735,earring,synthetic_demo,Synthetic demo metadata,https://github.com/wa52/ai-customer-service/tree/main/data,synthetic_demo,false
DEMO-IMAGE-5736,bracelet,synthetic_demo,Synthetic demo metadata,https://github.com/wa52/ai-customer-service/tree/main/data,synthetic_demo,false
DEMO-IMAGE-5737,ring,synthetic_demo,Synthetic demo metadata,https://github.com/wa52/ai-customer-service/tree/main/data,synthetic_demo,false
DEMO-IMAGE-5738,necklace,synthetic_demo,Synthetic demo metadata,https://github.com/wa52/ai-customer-service/tree/main/data,synthetic_demo,false
DEMO-IMAGE-5739,earring,synthetic_demo,Synthetic demo metadata,https://github.com/wa52/ai-customer-service/tree/main/data,synthetic_demo,false
DEMO-IMAGE-5740,bracelet,synthetic_demo,Synthetic demo metadata,https://github.com/wa52/ai-customer-service/tree/main/data,synthetic_demo,false
DEMO-IMAGE-5741,ring,synthetic_demo,Synthetic demo metadata,https://github.com/wa52/ai-customer-service/tree/main/data,synthetic_demo,false
DEMO-IMAGE-5742,necklace,synthetic_demo,Synthetic demo metadata,https://github.com/wa52/ai-customer-service/tree/main/data,synthetic_demo,false
DEMO-IMAGE-5743,earring,synthetic_demo,Synthetic demo metadata,https://github.com/wa52/ai-customer-service/tree/main/data,synthetic_demo,false
DEMO-IMAGE-5744,bracelet,synthetic_demo,Synthetic demo metadata,https://github.com/wa52/ai-customer-service/tree/main/data,synthetic_demo,false
DEMO-IMAGE-5745,ring,synthetic_demo,Synthetic demo metadata,https://github.com/wa52/ai-customer-service/tree/main/data,synthetic_demo,false
DEMO-IMAGE-5746,necklace,synthetic_demo,Synthetic demo metadata,https://github.com/wa52/ai-customer-service/tree/main/data,synthetic_demo,false
DEMO-IMAGE-5747,earring,synthetic_demo,Synthetic demo metadata,https://github.com/wa52/ai-customer-service/tree/main/data,synthetic_demo,false
DEMO-IMAGE-5748,bracelet,synthetic_demo,Synthetic demo metadata,https://github.com/wa52/ai-customer-service/tree/main/data,synthetic_demo,false
DEMO-IMAGE-5749,ring,synthetic_demo,Synthetic demo metadata,https://github.com/wa52/ai-customer-service/tree/main/data,synthetic_demo,false
DEMO-IMAGE-5750,necklace,synthetic_demo,Synthetic demo metadata,https://github.com/wa52/ai-customer-service/tree/main/data,synthetic_demo,false
DEMO-IMAGE-5751,earring,synthetic_demo,Synthetic demo metadata,https://github.com/wa52/ai-customer-service/tree/main/data,synthetic_demo,false
DEMO-IMAGE-5752,bracelet,synthetic_demo,Synthetic demo metadata,https://github.com/wa52/ai-customer-service/tree/main/data,synthetic_demo,false
DEMO-IMAGE-5753,ring,synthetic_demo,Synthetic demo metadata,https://github.com/wa52/ai-customer-service/tree/main/data,synthetic_demo,false
DEMO-IMAGE-5754,necklace,synthetic_demo,Synthetic demo metadata,https://github.com/wa52/ai-customer-service/tree/main/data,synthetic_demo,false
DEMO-IMAGE-5755,earring,synthetic_demo,Synthetic demo metadata,https://github.com/wa52/ai-customer-service/tree/main/data,synthetic_demo,false
DEMO-IMAGE-5756,bracelet,synthetic_demo,Synthetic demo metadata,https://github.com/wa52/ai-customer-service/tree/main/data,synthetic_demo,false
DEMO-IMAGE-5757,ring,synthetic_demo,Synthetic demo metadata,https://github.com/wa52/ai-customer-service/tree/main/data,synthetic_demo,false
DEMO-IMAGE-5758,necklace,synthetic_demo,Synthetic demo metadata,https://github.com/wa52/ai-customer-service/tree/main/data,synthetic_demo,false
DEMO-IMAGE-5759,earring,synthetic_demo,Synthetic demo metadata,https://github.com/wa52/ai-customer-service/tree/main/data,synthetic_demo,false
DEMO-IMAGE-5760,bracelet,synthetic_demo,Synthetic demo metadata,https://github.com/wa52/ai-customer-service/tree/main/data,synthetic_demo,false
DEMO-IMAGE-5761,ring,synthetic_demo,Synthetic demo metadata,https://github.com/wa52/ai-customer-service/tree/main/data,synthetic_demo,false
DEMO-IMAGE-5762,necklace,synthetic_demo,Synthetic demo metadata,https://github.com/wa52/ai-customer-service/tree/main/data,synthetic_demo,false
DEMO-IMAGE-5763,earring,synthetic_demo,Synthetic demo metadata,https://github.com/wa52/ai-customer-service/tree/main/data,synthetic_demo,false
DEMO-IMAGE-5764,bracelet,synthetic_demo,Synthetic demo metadata,https://github.com/wa52/ai-customer-service/tree/main/data,synthetic_demo,false
DEMO-IMAGE-5765,ring,synthetic_demo,Synthetic demo metadata,https://github.com/wa52/ai-customer-service/tree/main/data,synthetic_demo,false
DEMO-IMAGE-5766,necklace,synthetic_demo,Synthetic demo metadata,https://github.com/wa52/ai-customer-service/tree/main/data,synthetic_demo,false
DEMO-IMAGE-5767,earring,synthetic_demo,Synthetic demo metadata,https://github.com/wa52/ai-customer-service/tree/main/data,synthetic_demo,false
DEMO-IMAGE-5768,bracelet,synthetic_demo,Synthetic demo metadata,https://github.com/wa52/ai-customer-service/tree/main/data,synthetic_demo,false
DEMO-IMAGE-5769,ring,synthetic_demo,Synthetic demo metadata,https://github.com/wa52/ai-customer-service/tree/main/data,synthetic_demo,false
DEMO-IMAGE-5770,necklace,synthetic_demo,Synthetic demo metadata,https://github.com/wa52/ai-customer-service/tree/main/data,synthetic_demo,false
DEMO-IMAGE-5771,earring,synthetic_demo,Synthetic demo metadata,https://github.com/wa52/ai-customer-service/tree/main/data,synthetic_demo,false
DEMO-IMAGE-5772,bracelet,synthetic_demo,Synthetic demo metadata,https://github.com/wa52/ai-customer-service/tree/main/data,synthetic_demo,false
DEMO-IMAGE-5773,ring,synthetic_demo,Synthetic demo metadata,https://github.com/wa52/ai-customer-service/tree/main/data,synthetic_demo,false
DEMO-IMAGE-5774,necklace,synthetic_demo,Synthetic demo metadata,https://github.com/wa52/ai-customer-service/tree/main/data,synthetic_demo,false
DEMO-IMAGE-5775,earring,synthetic_demo,Synthetic demo metadata,https://github.com/wa52/ai-customer-service/tree/main/data,synthetic_demo,false
DEMO-IMAGE-5776,bracelet,synthetic_demo,Synthetic demo metadata,https://github.com/wa52/ai-customer-service/tree/main/data,synthetic_demo,false
DEMO-IMAGE-5777,ring,synthetic_demo,Synthetic demo metadata,https://github.com/wa52/ai-customer-service/tree/main/data,synthetic_demo,false
DEMO-IMAGE-5778,necklace,synthetic_demo,Synthetic demo metadata,https://github.com/wa52/ai-customer-service/tree/main/data,synthetic_demo,false
DEMO-IMAGE-5779,earring,synthetic_demo,Synthetic demo metadata,https://github.com/wa52/ai-customer-service/tree/main/data,synthetic_demo,false
DEMO-IMAGE-5780,bracelet,synthetic_demo,Synthetic demo metadata,https://github.com/wa52/ai-customer-service/tree/main/data,synthetic_demo,false
DEMO-IMAGE-5781,ring,synthetic_demo,Synthetic demo metadata,https://github.com/wa52/ai-customer-service/tree/main/data,synthetic_demo,false
DEMO-IMAGE-5782,necklace,synthetic_demo,Synthetic demo metadata,https://github.com/wa52/ai-customer-service/tree/main/data,synthetic_demo,false
DEMO-IMAGE-5783,earring,synthetic_demo,Synthetic demo metadata,https://github.com/wa52/ai-customer-service/tree/main/data,synthetic_demo,false
DEMO-IMAGE-5784,bracelet,synthetic_demo,Synthetic demo metadata,https://github.com/wa52/ai-customer-service/tree/main/data,synthetic_demo,false
DEMO-IMAGE-5785,ring,synthetic_demo,Synthetic demo metadata,https://github.com/wa52/ai-customer-service/tree/main/data,synthetic_demo,false
DEMO-IMAGE-5786,necklace,synthetic_demo,Synthetic demo metadata,https://github.com/wa52/ai-customer-service/tree/main/data,synthetic_demo,false
DEMO-IMAGE-5787,earring,synthetic_demo,Synthetic demo metadata,https://github.com/wa52/ai-customer-service/tree/main/data,synthetic_demo,false
DEMO-IMAGE-5788,bracelet,synthetic_demo,Synthetic demo metadata,https://github.com/wa52/ai-customer-service/tree/main/data,synthetic_demo,false
DEMO-IMAGE-5789,ring,synthetic_demo,Synthetic demo metadata,https://github.com/wa52/ai-customer-service/tree/main/data,synthetic_demo,false
DEMO-IMAGE-5790,necklace,synthetic_demo,Synthetic demo metadata,https://github.com/wa52/ai-customer-service/tree/main/data,synthetic_demo,false
DEMO-IMAGE-5791,earring,synthetic_demo,Synthetic demo metadata,https://github.com/wa52/ai-customer-service/tree/main/data,synthetic_demo,false
DEMO-IMAGE-5792,bracelet,synthetic_demo,Synthetic demo metadata,https://github.com/wa52/ai-customer-service/tree/main/data,synthetic_demo,false
DEMO-IMAGE-5793,ring,synthetic_demo,Synthetic demo metadata,https://github.com/wa52/ai-customer-service/tree/main/data,synthetic_demo,false
DEMO-IMAGE-5794,necklace,synthetic_demo,Synthetic demo metadata,https://github.com/wa52/ai-customer-service/tree/main/data,synthetic_demo,false
DEMO-IMAGE-5795,earring,synthetic_demo,Synthetic demo metadata,https://github.com/wa52/ai-customer-service/tree/main/data,synthetic_demo,false
DEMO-IMAGE-5796,bracelet,synthetic_demo,Synthetic demo metadata,https://github.com/wa52/ai-customer-service/tree/main/data,synthetic_demo,false
DEMO-IMAGE-5797,ring,synthetic_demo,Synthetic demo metadata,https://github.com/wa52/ai-customer-service/tree/main/data,synthetic_demo,false
DEMO-IMAGE-5798,necklace,synthetic_demo,Synthetic demo metadata,https://github.com/wa52/ai-customer-service/tree/main/data,synthetic_demo,false
DEMO-IMAGE-5799,earring,synthetic_demo,Synthetic demo metadata,https://github.com/wa52/ai-customer-service/tree/main/data,synthetic_demo,false
DEMO-IMAGE-5800,bracelet,synthetic_demo,Synthetic demo metadata,https://github.com/wa52/ai-customer-service/tree/main/data,synthetic_demo,false
DEMO-IMAGE-5801,ring,synthetic_demo,Synthetic demo metadata,https://github.com/wa52/ai-customer-service/tree/main/data,synthetic_demo,false
DEMO-IMAGE-5802,necklace,synthetic_demo,Synthetic demo metadata,https://github.com/wa52/ai-customer-service/tree/main/data,synthetic_demo,false
DEMO-IMAGE-5803,earring,synthetic_demo,Synthetic demo metadata,https://github.com/wa52/ai-customer-service/tree/main/data,synthetic_demo,false
DEMO-IMAGE-5804,bracelet,synthetic_demo,Synthetic demo metadata,https://github.com/wa52/ai-customer-service/tree/main/data,synthetic_demo,false
DEMO-IMAGE-5805,ring,synthetic_demo,Synthetic demo metadata,https://github.com/wa52/ai-customer-service/tree/main/data,synthetic_demo,false
DEMO-IMAGE-5806,necklace,synthetic_demo,Synthetic demo metadata,https://github.com/wa52/ai-customer-service/tree/main/data,synthetic_demo,false
DEMO-IMAGE-5807,earring,synthetic_demo,Synthetic demo metadata,https://github.com/wa52/ai-customer-service/tree/main/data,synthetic_demo,false
DEMO-IMAGE-5808,bracelet,synthetic_demo,Synthetic demo metadata,https://github.com/wa52/ai-customer-service/tree/main/data,synthetic_demo,false
DEMO-IMAGE-5809,ring,synthetic_demo,Synthetic demo metadata,https://github.com/wa52/ai-customer-service/tree/main/data,synthetic_demo,false
DEMO-IMAGE-5810,necklace,synthetic_demo,Synthetic demo metadata,https://github.com/wa52/ai-customer-service/tree/main/data,synthetic_demo,false
DEMO-IMAGE-5811,earring,synthetic_demo,Synthetic demo metadata,https://github.com/wa52/ai-customer-service/tree/main/data,synthetic_demo,false
DEMO-IMAGE-5812,bracelet,synthetic_demo,Synthetic demo metadata,https://github.com/wa52/ai-customer-service/tree/main/data,synthetic_demo,false
DEMO-IMAGE-5813,ring,synthetic_demo,Synthetic demo metadata,https://github.com/wa52/ai-customer-service/tree/main/data,synthetic_demo,false
DEMO-IMAGE-5814,necklace,synthetic_demo,Synthetic demo metadata,https://github.com/wa52/ai-customer-service/tree/main/data,synthetic_demo,false
DEMO-IMAGE-5815,earring,synthetic_demo,Synthetic demo metadata,https://github.com/wa52/ai-customer-service/tree/main/data,synthetic_demo,false
DEMO-IMAGE-5816,bracelet,synthetic_demo,Synthetic demo metadata,https://github.com/wa52/ai-customer-service/tree/main/data,synthetic_demo,false
DEMO-IMAGE-5817,ring,synthetic_demo,Synthetic demo metadata,https://github.com/wa52/ai-customer-service/tree/main/data,synthetic_demo,false
DEMO-IMAGE-5818,necklace,synthetic_demo,Synthetic demo metadata,https://github.com/wa52/ai-customer-service/tree/main/data,synthetic_demo,false
DEMO-IMAGE-5819,earring,synthetic_demo,Synthetic demo metadata,https://github.com/wa52/ai-customer-service/tree/main/data,synthetic_demo,false
DEMO-IMAGE-5820,bracelet,synthetic_demo,Synthetic demo metadata,https://github.com/wa52/ai-customer-service/tree/main/data,synthetic_demo,false
DEMO-IMAGE-5821,ring,synthetic_demo,Synthetic demo metadata,https://github.com/wa52/ai-customer-service/tree/main/data,synthetic_demo,false
DEMO-IMAGE-5822,necklace,synthetic_demo,Synthetic demo metadata,https://github.com/wa52/ai-customer-service/tree/main/data,synthetic_demo,false
DEMO-IMAGE-5823,earring,synthetic_demo,Synthetic demo metadata,https://github.com/wa52/ai-customer-service/tree/main/data,synthetic_demo,false
DEMO-IMAGE-5824,bracelet,synthetic_demo,Synthetic demo metadata,https://github.com/wa52/ai-customer-service/tree/main/data,synthetic_demo,false
DEMO-IMAGE-5825,ring,synthetic_demo,Synthetic demo metadata,https://github.com/wa52/ai-customer-service/tree/main/data,synthetic_demo,false
DEMO-IMAGE-5826,necklace,synthetic_demo,Synthetic demo metadata,https://github.com/wa52/ai-customer-service/tree/main/data,synthetic_demo,false
DEMO-IMAGE-5827,earring,synthetic_demo,Synthetic demo metadata,https://github.com/wa52/ai-customer-service/tree/main/data,synthetic_demo,false
DEMO-IMAGE-5828,bracelet,synthetic_demo,Synthetic demo metadata,https://github.com/wa52/ai-customer-service/tree/main/data,synthetic_demo,false
DEMO-IMAGE-5829,ring,synthetic_demo,Synthetic demo metadata,https://github.com/wa52/ai-customer-service/tree/main/data,synthetic_demo,false
DEMO-IMAGE-5830,necklace,synthetic_demo,Synthetic demo metadata,https://github.com/wa52/ai-customer-service/tree/main/data,synthetic_demo,false
DEMO-IMAGE-5831,earring,synthetic_demo,Synthetic demo metadata,https://github.com/wa52/ai-customer-service/tree/main/data,synthetic_demo,false
DEMO-IMAGE-5832,bracelet,synthetic_demo,Synthetic demo metadata,https://github.com/wa52/ai-customer-service/tree/main/data,synthetic_demo,false
DEMO-IMAGE-5833,ring,synthetic_demo,Synthetic demo metadata,https://github.com/wa52/ai-customer-service/tree/main/data,synthetic_demo,false
DEMO-IMAGE-5834,necklace,synthetic_demo,Synthetic demo metadata,https://github.com/wa52/ai-customer-service/tree/main/data,synthetic_demo,false
DEMO-IMAGE-5835,earring,synthetic_demo,Synthetic demo metadata,https://github.com/wa52/ai-customer-service/tree/main/data,synthetic_demo,false
DEMO-IMAGE-5836,bracelet,synthetic_demo,Synthetic demo metadata,https://github.com/wa52/ai-customer-service/tree/main/data,synthetic_demo,false
DEMO-IMAGE-5837,ring,synthetic_demo,Synthetic demo metadata,https://github.com/wa52/ai-customer-service/tree/main/data,synthetic_demo,false
DEMO-IMAGE-5838,necklace,synthetic_demo,Synthetic demo metadata,https://github.com/wa52/ai-customer-service/tree/main/data,synthetic_demo,false
DEMO-IMAGE-5839,earring,synthetic_demo,Synthetic demo metadata,https://github.com/wa52/ai-customer-service/tree/main/data,synthetic_demo,false
DEMO-IMAGE-5840,bracelet,synthetic_demo,Synthetic demo metadata,https://github.com/wa52/ai-customer-service/tree/main/data,synthetic_demo,false
DEMO-IMAGE-5841,ring,synthetic_demo,Synthetic demo metadata,https://github.com/wa52/ai-customer-service/tree/main/data,synthetic_demo,false
DEMO-IMAGE-5842,necklace,synthetic_demo,Synthetic demo metadata,https://github.com/wa52/ai-customer-service/tree/main/data,synthetic_demo,false
DEMO-IMAGE-5843,earring,synthetic_demo,Synthetic demo metadata,https://github.com/wa52/ai-customer-service/tree/main/data,synthetic_demo,false
DEMO-IMAGE-5844,bracelet,synthetic_demo,Synthetic demo metadata,https://github.com/wa52/ai-customer-service/tree/main/data,synthetic_demo,false
DEMO-IMAGE-5845,ring,synthetic_demo,Synthetic demo metadata,https://github.com/wa52/ai-customer-service/tree/main/data,synthetic_demo,false
DEMO-IMAGE-5846,necklace,synthetic_demo,Synthetic demo metadata,https://github.com/wa52/ai-customer-service/tree/main/data,synthetic_demo,false
DEMO-IMAGE-5847,earring,synthetic_demo,Synthetic demo metadata,https://github.com/wa52/ai-customer-service/tree/main/data,synthetic_demo,false
DEMO-IMAGE-5848,bracelet,synthetic_demo,Synthetic demo metadata,https://github.com/wa52/ai-customer-service/tree/main/data,synthetic_demo,false
DEMO-IMAGE-5849,ring,synthetic_demo,Synthetic demo metadata,https://github.com/wa52/ai-customer-service/tree/main/data,synthetic_demo,false
DEMO-IMAGE-5850,necklace,synthetic_demo,Synthetic demo metadata,https://github.com/wa52/ai-customer-service/tree/main/data,synthetic_demo,false
DEMO-IMAGE-5851,earring,synthetic_demo,Synthetic demo metadata,https://github.com/wa52/ai-customer-service/tree/main/data,synthetic_demo,false
DEMO-IMAGE-5852,bracelet,synthetic_demo,Synthetic demo metadata,https://github.com/wa52/ai-customer-service/tree/main/data,synthetic_demo,false
DEMO-IMAGE-5853,ring,synthetic_demo,Synthetic demo metadata,https://github.com/wa52/ai-customer-service/tree/main/data,synthetic_demo,false
DEMO-IMAGE-5854,necklace,synthetic_demo,Synthetic demo metadata,https://github.com/wa52/ai-customer-service/tree/main/data,synthetic_demo,false
DEMO-IMAGE-5855,earring,synthetic_demo,Synthetic demo metadata,https://github.com/wa52/ai-customer-service/tree/main/data,synthetic_demo,false
DEMO-IMAGE-5856,bracelet,synthetic_demo,Synthetic demo metadata,https://github.com/wa52/ai-customer-service/tree/main/data,synthetic_demo,false
DEMO-IMAGE-5857,ring,synthetic_demo,Synthetic demo metadata,https://github.com/wa52/ai-customer-service/tree/main/data,synthetic_demo,false
DEMO-IMAGE-5858,necklace,synthetic_demo,Synthetic demo metadata,https://github.com/wa52/ai-customer-service/tree/main/data,synthetic_demo,false
DEMO-IMAGE-5859,earring,synthetic_demo,Synthetic demo metadata,https://github.com/wa52/ai-customer-service/tree/main/data,synthetic_demo,false
DEMO-IMAGE-5860,bracelet,synthetic_demo,Synthetic demo metadata,https://github.com/wa52/ai-customer-service/tree/main/data,synthetic_demo,false
DEMO-IMAGE-5861,ring,synthetic_demo,Synthetic demo metadata,https://github.com/wa52/ai-customer-service/tree/main/data,synthetic_demo,false
DEMO-IMAGE-5862,necklace,synthetic_demo,Synthetic demo metadata,https://github.com/wa52/ai-customer-service/tree/main/data,synthetic_demo,false
DEMO-IMAGE-5863,earring,synthetic_demo,Synthetic demo metadata,https://github.com/wa52/ai-customer-service/tree/main/data,synthetic_demo,false
DEMO-IMAGE-5864,bracelet,synthetic_demo,Synthetic demo metadata,https://github.com/wa52/ai-customer-service/tree/main/data,synthetic_demo,false
DEMO-IMAGE-5865,ring,synthetic_demo,Synthetic demo metadata,https://github.com/wa52/ai-customer-service/tree/main/data,synthetic_demo,false
DEMO-IMAGE-5866,necklace,synthetic_demo,Synthetic demo metadata,https://github.com/wa52/ai-customer-service/tree/main/data,synthetic_demo,false
DEMO-IMAGE-5867,earring,synthetic_demo,Synthetic demo metadata,https://github.com/wa52/ai-customer-service/tree/main/data,synthetic_demo,false
DEMO-IMAGE-5868,bracelet,synthetic_demo,Synthetic demo metadata,https://github.com/wa52/ai-customer-service/tree/main/data,synthetic_demo,false
DEMO-IMAGE-5869,ring,synthetic_demo,Synthetic demo metadata,https://github.com/wa52/ai-customer-service/tree/main/data,synthetic_demo,false
DEMO-IMAGE-5870,necklace,synthetic_demo,Synthetic demo metadata,https://github.com/wa52/ai-customer-service/tree/main/data,synthetic_demo,false
DEMO-IMAGE-5871,earring,synthetic_demo,Synthetic demo metadata,https://github.com/wa52/ai-customer-service/tree/main/data,synthetic_demo,false
DEMO-IMAGE-5872,bracelet,synthetic_demo,Synthetic demo metadata,https://github.com/wa52/ai-customer-service/tree/main/data,synthetic_demo,false
DEMO-IMAGE-5873,ring,synthetic_demo,Synthetic demo metadata,https://github.com/wa52/ai-customer-service/tree/main/data,synthetic_demo,false
DEMO-IMAGE-5874,necklace,synthetic_demo,Synthetic demo metadata,https://github.com/wa52/ai-customer-service/tree/main/data,synthetic_demo,false
DEMO-IMAGE-5875,earring,synthetic_demo,Synthetic demo metadata,https://github.com/wa52/ai-customer-service/tree/main/data,synthetic_demo,false
DEMO-IMAGE-5876,bracelet,synthetic_demo,Synthetic demo metadata,https://github.com/wa52/ai-customer-service/tree/main/data,synthetic_demo,false
DEMO-IMAGE-5877,ring,synthetic_demo,Synthetic demo metadata,https://github.com/wa52/ai-customer-service/tree/main/data,synthetic_demo,false
DEMO-IMAGE-5878,necklace,synthetic_demo,Synthetic demo metadata,https://github.com/wa52/ai-customer-service/tree/main/data,synthetic_demo,false
DEMO-IMAGE-5879,earring,synthetic_demo,Synthetic demo metadata,https://github.com/wa52/ai-customer-service/tree/main/data,synthetic_demo,false
DEMO-IMAGE-5880,bracelet,synthetic_demo,Synthetic demo metadata,https://github.com/wa52/ai-customer-service/tree/main/data,synthetic_demo,false
DEMO-IMAGE-5881,ring,synthetic_demo,Synthetic demo metadata,https://github.com/wa52/ai-customer-service/tree/main/data,synthetic_demo,false
DEMO-IMAGE-5882,necklace,synthetic_demo,Synthetic demo metadata,https://github.com/wa52/ai-customer-service/tree/main/data,synthetic_demo,false
DEMO-IMAGE-5883,earring,synthetic_demo,Synthetic demo metadata,https://github.com/wa52/ai-customer-service/tree/main/data,synthetic_demo,false
DEMO-IMAGE-5884,bracelet,synthetic_demo,Synthetic demo metadata,https://github.com/wa52/ai-customer-service/tree/main/data,synthetic_demo,false
DEMO-IMAGE-5885,ring,synthetic_demo,Synthetic demo metadata,https://github.com/wa52/ai-customer-service/tree/main/data,synthetic_demo,false
DEMO-IMAGE-5886,necklace,synthetic_demo,Synthetic demo metadata,https://github.com/wa52/ai-customer-service/tree/main/data,synthetic_demo,false
DEMO-IMAGE-5887,earring,synthetic_demo,Synthetic demo metadata,https://github.com/wa52/ai-customer-service/tree/main/data,synthetic_demo,false
DEMO-IMAGE-5888,bracelet,synthetic_demo,Synthetic demo metadata,https://github.com/wa52/ai-customer-service/tree/main/data,synthetic_demo,false
DEMO-IMAGE-5889,ring,synthetic_demo,Synthetic demo metadata,https://github.com/wa52/ai-customer-service/tree/main/data,synthetic_demo,false
DEMO-IMAGE-5890,necklace,synthetic_demo,Synthetic demo metadata,https://github.com/wa52/ai-customer-service/tree/main/data,synthetic_demo,false
DEMO-IMAGE-5891,earring,synthetic_demo,Synthetic demo metadata,https://github.com/wa52/ai-customer-service/tree/main/data,synthetic_demo,false
DEMO-IMAGE-5892,bracelet,synthetic_demo,Synthetic demo metadata,https://github.com/wa52/ai-customer-service/tree/main/data,synthetic_demo,false
DEMO-IMAGE-5893,ring,synthetic_demo,Synthetic demo metadata,https://github.com/wa52/ai-customer-service/tree/main/data,synthetic_demo,false
DEMO-IMAGE-5894,necklace,synthetic_demo,Synthetic demo metadata,https://github.com/wa52/ai-customer-service/tree/main/data,synthetic_demo,false
DEMO-IMAGE-5895,earring,synthetic_demo,Synthetic demo metadata,https://github.com/wa52/ai-customer-service/tree/main/data,synthetic_demo,false
DEMO-IMAGE-5896,bracelet,synthetic_demo,Synthetic demo metadata,https://github.com/wa52/ai-customer-service/tree/main/data,synthetic_demo,false
DEMO-IMAGE-5897,ring,synthetic_demo,Synthetic demo metadata,https://github.com/wa52/ai-customer-service/tree/main/data,synthetic_demo,false
DEMO-IMAGE-5898,necklace,synthetic_demo,Synthetic demo metadata,https://github.com/wa52/ai-customer-service/tree/main/data,synthetic_demo,false
DEMO-IMAGE-5899,earring,synthetic_demo,Synthetic demo metadata,https://github.com/wa52/ai-customer-service/tree/main/data,synthetic_demo,false
DEMO-IMAGE-5900,bracelet,synthetic_demo,Synthetic demo metadata,https://github.com/wa52/ai-customer-service/tree/main/data,synthetic_demo,false
DEMO-IMAGE-5901,ring,synthetic_demo,Synthetic demo metadata,https://github.com/wa52/ai-customer-service/tree/main/data,synthetic_demo,false
DEMO-IMAGE-5902,necklace,synthetic_demo,Synthetic demo metadata,https://github.com/wa52/ai-customer-service/tree/main/data,synthetic_demo,false
DEMO-IMAGE-5903,earring,synthetic_demo,Synthetic demo metadata,https://github.com/wa52/ai-customer-service/tree/main/data,synthetic_demo,false
DEMO-IMAGE-5904,bracelet,synthetic_demo,Synthetic demo metadata,https://github.com/wa52/ai-customer-service/tree/main/data,synthetic_demo,false
DEMO-IMAGE-5905,ring,synthetic_demo,Synthetic demo metadata,https://github.com/wa52/ai-customer-service/tree/main/data,synthetic_demo,false
DEMO-IMAGE-5906,necklace,synthetic_demo,Synthetic demo metadata,https://github.com/wa52/ai-customer-service/tree/main/data,synthetic_demo,false
DEMO-IMAGE-5907,earring,synthetic_demo,Synthetic demo metadata,https://github.com/wa52/ai-customer-service/tree/main/data,synthetic_demo,false
DEMO-IMAGE-5908,bracelet,synthetic_demo,Synthetic demo metadata,https://github.com/wa52/ai-customer-service/tree/main/data,synthetic_demo,false
DEMO-IMAGE-5909,ring,synthetic_demo,Synthetic demo metadata,https://github.com/wa52/ai-customer-service/tree/main/data,synthetic_demo,false
DEMO-IMAGE-5910,necklace,synthetic_demo,Synthetic demo metadata,https://github.com/wa52/ai-customer-service/tree/main/data,synthetic_demo,false
DEMO-IMAGE-5911,earring,synthetic_demo,Synthetic demo metadata,https://github.com/wa52/ai-customer-service/tree/main/data,synthetic_demo,false
DEMO-IMAGE-5912,bracelet,synthetic_demo,Synthetic demo metadata,https://github.com/wa52/ai-customer-service/tree/main/data,synthetic_demo,false
DEMO-IMAGE-5913,ring,synthetic_demo,Synthetic demo metadata,https://github.com/wa52/ai-customer-service/tree/main/data,synthetic_demo,false
DEMO-IMAGE-5914,necklace,synthetic_demo,Synthetic demo metadata,https://github.com/wa52/ai-customer-service/tree/main/data,synthetic_demo,false
DEMO-IMAGE-5915,earring,synthetic_demo,Synthetic demo metadata,https://github.com/wa52/ai-customer-service/tree/main/data,synthetic_demo,false
DEMO-IMAGE-5916,bracelet,synthetic_demo,Synthetic demo metadata,https://github.com/wa52/ai-customer-service/tree/main/data,synthetic_demo,false
DEMO-IMAGE-5917,ring,synthetic_demo,Synthetic demo metadata,https://github.com/wa52/ai-customer-service/tree/main/data,synthetic_demo,false
DEMO-IMAGE-5918,necklace,synthetic_demo,Synthetic demo metadata,https://github.com/wa52/ai-customer-service/tree/main/data,synthetic_demo,false
DEMO-IMAGE-5919,earring,synthetic_demo,Synthetic demo metadata,https://github.com/wa52/ai-customer-service/tree/main/data,synthetic_demo,false
DEMO-IMAGE-5920,bracelet,synthetic_demo,Synthetic demo metadata,https://github.com/wa52/ai-customer-service/tree/main/data,synthetic_demo,false
DEMO-IMAGE-5921,ring,synthetic_demo,Synthetic demo metadata,https://github.com/wa52/ai-customer-service/tree/main/data,synthetic_demo,false
DEMO-IMAGE-5922,necklace,synthetic_demo,Synthetic demo metadata,https://github.com/wa52/ai-customer-service/tree/main/data,synthetic_demo,false
DEMO-IMAGE-5923,earring,synthetic_demo,Synthetic demo metadata,https://github.com/wa52/ai-customer-service/tree/main/data,synthetic_demo,false
DEMO-IMAGE-5924,bracelet,synthetic_demo,Synthetic demo metadata,https://github.com/wa52/ai-customer-service/tree/main/data,synthetic_demo,false
DEMO-IMAGE-5925,ring,synthetic_demo,Synthetic demo metadata,https://github.com/wa52/ai-customer-service/tree/main/data,synthetic_demo,false
DEMO-IMAGE-5926,necklace,synthetic_demo,Synthetic demo metadata,https://github.com/wa52/ai-customer-service/tree/main/data,synthetic_demo,false
DEMO-IMAGE-5927,earring,synthetic_demo,Synthetic demo metadata,https://github.com/wa52/ai-customer-service/tree/main/data,synthetic_demo,false
DEMO-IMAGE-5928,bracelet,synthetic_demo,Synthetic demo metadata,https://github.com/wa52/ai-customer-service/tree/main/data,synthetic_demo,false
DEMO-IMAGE-5929,ring,synthetic_demo,Synthetic demo metadata,https://github.com/wa52/ai-customer-service/tree/main/data,synthetic_demo,false
DEMO-IMAGE-5930,necklace,synthetic_demo,Synthetic demo metadata,https://github.com/wa52/ai-customer-service/tree/main/data,synthetic_demo,false
DEMO-IMAGE-5931,earring,synthetic_demo,Synthetic demo metadata,https://github.com/wa52/ai-customer-service/tree/main/data,synthetic_demo,false
DEMO-IMAGE-5932,bracelet,synthetic_demo,Synthetic demo metadata,https://github.com/wa52/ai-customer-service/tree/main/data,synthetic_demo,false
DEMO-IMAGE-5933,ring,synthetic_demo,Synthetic demo metadata,https://github.com/wa52/ai-customer-service/tree/main/data,synthetic_demo,false
DEMO-IMAGE-5934,necklace,synthetic_demo,Synthetic demo metadata,https://github.com/wa52/ai-customer-service/tree/main/data,synthetic_demo,false
DEMO-IMAGE-5935,earring,synthetic_demo,Synthetic demo metadata,https://github.com/wa52/ai-customer-service/tree/main/data,synthetic_demo,false
DEMO-IMAGE-5936,bracelet,synthetic_demo,Synthetic demo metadata,https://github.com/wa52/ai-customer-service/tree/main/data,synthetic_demo,false
DEMO-IMAGE-5937,ring,synthetic_demo,Synthetic demo metadata,https://github.com/wa52/ai-customer-service/tree/main/data,synthetic_demo,false
DEMO-IMAGE-5938,necklace,synthetic_demo,Synthetic demo metadata,https://github.com/wa52/ai-customer-service/tree/main/data,synthetic_demo,false
DEMO-IMAGE-5939,earring,synthetic_demo,Synthetic demo metadata,https://github.com/wa52/ai-customer-service/tree/main/data,synthetic_demo,false
DEMO-IMAGE-5940,bracelet,synthetic_demo,Synthetic demo metadata,https://github.com/wa52/ai-customer-service/tree/main/data,synthetic_demo,false
DEMO-IMAGE-5941,ring,synthetic_demo,Synthetic demo metadata,https://github.com/wa52/ai-customer-service/tree/main/data,synthetic_demo,false
DEMO-IMAGE-5942,necklace,synthetic_demo,Synthetic demo metadata,https://github.com/wa52/ai-customer-service/tree/main/data,synthetic_demo,false
DEMO-IMAGE-5943,earring,synthetic_demo,Synthetic demo metadata,https://github.com/wa52/ai-customer-service/tree/main/data,synthetic_demo,false
DEMO-IMAGE-5944,bracelet,synthetic_demo,Synthetic demo metadata,https://github.com/wa52/ai-customer-service/tree/main/data,synthetic_demo,false
DEMO-IMAGE-5945,ring,synthetic_demo,Synthetic demo metadata,https://github.com/wa52/ai-customer-service/tree/main/data,synthetic_demo,false
DEMO-IMAGE-5946,necklace,synthetic_demo,Synthetic demo metadata,https://github.com/wa52/ai-customer-service/tree/main/data,synthetic_demo,false
DEMO-IMAGE-5947,earring,synthetic_demo,Synthetic demo metadata,https://github.com/wa52/ai-customer-service/tree/main/data,synthetic_demo,false
DEMO-IMAGE-5948,bracelet,synthetic_demo,Synthetic demo metadata,https://github.com/wa52/ai-customer-service/tree/main/data,synthetic_demo,false
DEMO-IMAGE-5949,ring,synthetic_demo,Synthetic demo metadata,https://github.com/wa52/ai-customer-service/tree/main/data,synthetic_demo,false
DEMO-IMAGE-5950,necklace,synthetic_demo,Synthetic demo metadata,https://github.com/wa52/ai-customer-service/tree/main/data,synthetic_demo,false
DEMO-IMAGE-5951,earring,synthetic_demo,Synthetic demo metadata,https://github.com/wa52/ai-customer-service/tree/main/data,synthetic_demo,false
DEMO-IMAGE-5952,bracelet,synthetic_demo,Synthetic demo metadata,https://github.com/wa52/ai-customer-service/tree/main/data,synthetic_demo,false
DEMO-IMAGE-5953,ring,synthetic_demo,Synthetic demo metadata,https://github.com/wa52/ai-customer-service/tree/main/data,synthetic_demo,false
DEMO-IMAGE-5954,necklace,synthetic_demo,Synthetic demo metadata,https://github.com/wa52/ai-customer-service/tree/main/data,synthetic_demo,false
DEMO-IMAGE-5955,earring,synthetic_demo,Synthetic demo metadata,https://github.com/wa52/ai-customer-service/tree/main/data,synthetic_demo,false
DEMO-IMAGE-5956,bracelet,synthetic_demo,Synthetic demo metadata,https://github.com/wa52/ai-customer-service/tree/main/data,synthetic_demo,false
DEMO-IMAGE-5957,ring,synthetic_demo,Synthetic demo metadata,https://github.com/wa52/ai-customer-service/tree/main/data,synthetic_demo,false
DEMO-IMAGE-5958,necklace,synthetic_demo,Synthetic demo metadata,https://github.com/wa52/ai-customer-service/tree/main/data,synthetic_demo,false
DEMO-IMAGE-5959,earring,synthetic_demo,Synthetic demo metadata,https://github.com/wa52/ai-customer-service/tree/main/data,synthetic_demo,false
DEMO-IMAGE-5960,bracelet,synthetic_demo,Synthetic demo metadata,https://github.com/wa52/ai-customer-service/tree/main/data,synthetic_demo,false
DEMO-IMAGE-5961,ring,synthetic_demo,Synthetic demo metadata,https://github.com/wa52/ai-customer-service/tree/main/data,synthetic_demo,false
DEMO-IMAGE-5962,necklace,synthetic_demo,Synthetic demo metadata,https://github.com/wa52/ai-customer-service/tree/main/data,synthetic_demo,false
DEMO-IMAGE-5963,earring,synthetic_demo,Synthetic demo metadata,https://github.com/wa52/ai-customer-service/tree/main/data,synthetic_demo,false
DEMO-IMAGE-5964,bracelet,synthetic_demo,Synthetic demo metadata,https://github.com/wa52/ai-customer-service/tree/main/data,synthetic_demo,false
DEMO-IMAGE-5965,ring,synthetic_demo,Synthetic demo metadata,https://github.com/wa52/ai-customer-service/tree/main/data,synthetic_demo,false
DEMO-IMAGE-5966,necklace,synthetic_demo,Synthetic demo metadata,https://github.com/wa52/ai-customer-service/tree/main/data,synthetic_demo,false
DEMO-IMAGE-5967,earring,synthetic_demo,Synthetic demo metadata,https://github.com/wa52/ai-customer-service/tree/main/data,synthetic_demo,false
DEMO-IMAGE-5968,bracelet,synthetic_demo,Synthetic demo metadata,https://github.com/wa52/ai-customer-service/tree/main/data,synthetic_demo,false
DEMO-IMAGE-5969,ring,synthetic_demo,Synthetic demo metadata,https://github.com/wa52/ai-customer-service/tree/main/data,synthetic_demo,false
DEMO-IMAGE-5970,necklace,synthetic_demo,Synthetic demo metadata,https://github.com/wa52/ai-customer-service/tree/main/data,synthetic_demo,false
DEMO-IMAGE-5971,earring,synthetic_demo,Synthetic demo metadata,https://github.com/wa52/ai-customer-service/tree/main/data,synthetic_demo,false
DEMO-IMAGE-5972,bracelet,synthetic_demo,Synthetic demo metadata,https://github.com/wa52/ai-customer-service/tree/main/data,synthetic_demo,false
DEMO-IMAGE-5973,ring,synthetic_demo,Synthetic demo metadata,https://github.com/wa52/ai-customer-service/tree/main/data,synthetic_demo,false
DEMO-IMAGE-5974,necklace,synthetic_demo,Synthetic demo metadata,https://github.com/wa52/ai-customer-service/tree/main/data,synthetic_demo,false
DEMO-IMAGE-5975,earring,synthetic_demo,Synthetic demo metadata,https://github.com/wa52/ai-customer-service/tree/main/data,synthetic_demo,false
DEMO-IMAGE-5976,bracelet,synthetic_demo,Synthetic demo metadata,https://github.com/wa52/ai-customer-service/tree/main/data,synthetic_demo,false
DEMO-IMAGE-5977,ring,synthetic_demo,Synthetic demo metadata,https://github.com/wa52/ai-customer-service/tree/main/data,synthetic_demo,false
DEMO-IMAGE-5978,necklace,synthetic_demo,Synthetic demo metadata,https://github.com/wa52/ai-customer-service/tree/main/data,synthetic_demo,false
DEMO-IMAGE-5979,earring,synthetic_demo,Synthetic demo metadata,https://github.com/wa52/ai-customer-service/tree/main/data,synthetic_demo,false
DEMO-IMAGE-5980,bracelet,synthetic_demo,Synthetic demo metadata,https://github.com/wa52/ai-customer-service/tree/main/data,synthetic_demo,false
DEMO-IMAGE-5981,ring,synthetic_demo,Synthetic demo metadata,https://github.com/wa52/ai-customer-service/tree/main/data,synthetic_demo,false
DEMO-IMAGE-5982,necklace,synthetic_demo,Synthetic demo metadata,https://github.com/wa52/ai-customer-service/tree/main/data,synthetic_demo,false
DEMO-IMAGE-5983,earring,synthetic_demo,Synthetic demo metadata,https://github.com/wa52/ai-customer-service/tree/main/data,synthetic_demo,false
DEMO-IMAGE-5984,bracelet,synthetic_demo,Synthetic demo metadata,https://github.com/wa52/ai-customer-service/tree/main/data,synthetic_demo,false
DEMO-IMAGE-5985,ring,synthetic_demo,Synthetic demo metadata,https://github.com/wa52/ai-customer-service/tree/main/data,synthetic_demo,false
DEMO-IMAGE-5986,necklace,synthetic_demo,Synthetic demo metadata,https://github.com/wa52/ai-customer-service/tree/main/data,synthetic_demo,false
DEMO-IMAGE-5987,earring,synthetic_demo,Synthetic demo metadata,https://github.com/wa52/ai-customer-service/tree/main/data,synthetic_demo,false
DEMO-IMAGE-5988,bracelet,synthetic_demo,Synthetic demo metadata,https://github.com/wa52/ai-customer-service/tree/main/data,synthetic_demo,false
DEMO-IMAGE-5989,ring,synthetic_demo,Synthetic demo metadata,https://github.com/wa52/ai-customer-service/tree/main/data,synthetic_demo,false
DEMO-IMAGE-5990,necklace,synthetic_demo,Synthetic demo metadata,https://github.com/wa52/ai-customer-service/tree/main/data,synthetic_demo,false
DEMO-IMAGE-5991,earring,synthetic_demo,Synthetic demo metadata,https://github.com/wa52/ai-customer-service/tree/main/data,synthetic_demo,false
DEMO-IMAGE-5992,bracelet,synthetic_demo,Synthetic demo metadata,https://github.com/wa52/ai-customer-service/tree/main/data,synthetic_demo,false
DEMO-IMAGE-5993,ring,synthetic_demo,Synthetic demo metadata,https://github.com/wa52/ai-customer-service/tree/main/data,synthetic_demo,false
DEMO-IMAGE-5994,necklace,synthetic_demo,Synthetic demo metadata,https://github.com/wa52/ai-customer-service/tree/main/data,synthetic_demo,false
DEMO-IMAGE-5995,earring,synthetic_demo,Synthetic demo metadata,https://github.com/wa52/ai-customer-service/tree/main/data,synthetic_demo,false
DEMO-IMAGE-5996,bracelet,synthetic_demo,Synthetic demo metadata,https://github.com/wa52/ai-customer-service/tree/main/data,synthetic_demo,false
DEMO-IMAGE-5997,ring,synthetic_demo,Synthetic demo metadata,https://github.com/wa52/ai-customer-service/tree/main/data,synthetic_demo,false
DEMO-IMAGE-5998,necklace,synthetic_demo,Synthetic demo metadata,https://github.com/wa52/ai-customer-service/tree/main/data,synthetic_demo,false
DEMO-IMAGE-5999,earring,synthetic_demo,Synthetic demo metadata,https://github.com/wa52/ai-customer-service/tree/main/data,synthetic_demo,false
DEMO-IMAGE-6000,bracelet,synthetic_demo,Synthetic demo metadata,https://github.com/wa52/ai-customer-service/tree/main/data,synthetic_demo,false
DEMO-IMAGE-6001,ring,synthetic_demo,Synthetic demo metadata,https://github.com/wa52/ai-customer-service/tree/main/data,synthetic_demo,false
DEMO-IMAGE-6002,necklace,synthetic_demo,Synthetic demo metadata,https://github.com/wa52/ai-customer-service/tree/main/data,synthetic_demo,false
DEMO-IMAGE-6003,earring,synthetic_demo,Synthetic demo metadata,https://github.com/wa52/ai-customer-service/tree/main/data,synthetic_demo,false
DEMO-IMAGE-6004,bracelet,synthetic_demo,Synthetic demo metadata,https://github.com/wa52/ai-customer-service/tree/main/data,synthetic_demo,false
DEMO-IMAGE-6005,ring,synthetic_demo,Synthetic demo metadata,https://github.com/wa52/ai-customer-service/tree/main/data,synthetic_demo,false
DEMO-IMAGE-6006,necklace,synthetic_demo,Synthetic demo metadata,https://github.com/wa52/ai-customer-service/tree/main/data,synthetic_demo,false
DEMO-IMAGE-6007,earring,synthetic_demo,Synthetic demo metadata,https://github.com/wa52/ai-customer-service/tree/main/data,synthetic_demo,false
DEMO-IMAGE-6008,bracelet,synthetic_demo,Synthetic demo metadata,https://github.com/wa52/ai-customer-service/tree/main/data,synthetic_demo,false
DEMO-IMAGE-6009,ring,synthetic_demo,Synthetic demo metadata,https://github.com/wa52/ai-customer-service/tree/main/data,synthetic_demo,false
DEMO-IMAGE-6010,necklace,synthetic_demo,Synthetic demo metadata,https://github.com/wa52/ai-customer-service/tree/main/data,synthetic_demo,false
DEMO-IMAGE-6011,earring,synthetic_demo,Synthetic demo metadata,https://github.com/wa52/ai-customer-service/tree/main/data,synthetic_demo,false
DEMO-IMAGE-6012,bracelet,synthetic_demo,Synthetic demo metadata,https://github.com/wa52/ai-customer-service/tree/main/data,synthetic_demo,false
DEMO-IMAGE-6013,ring,synthetic_demo,Synthetic demo metadata,https://github.com/wa52/ai-customer-service/tree/main/data,synthetic_demo,false
DEMO-IMAGE-6014,necklace,synthetic_demo,Synthetic demo metadata,https://github.com/wa52/ai-customer-service/tree/main/data,synthetic_demo,false
DEMO-IMAGE-6015,earring,synthetic_demo,Synthetic demo metadata,https://github.com/wa52/ai-customer-service/tree/main/data,synthetic_demo,false
DEMO-IMAGE-6016,bracelet,synthetic_demo,Synthetic demo metadata,https://github.com/wa52/ai-customer-service/tree/main/data,synthetic_demo,false
DEMO-IMAGE-6017,ring,synthetic_demo,Synthetic demo metadata,https://github.com/wa52/ai-customer-service/tree/main/data,synthetic_demo,false
DEMO-IMAGE-6018,necklace,synthetic_demo,Synthetic demo metadata,https://github.com/wa52/ai-customer-service/tree/main/data,synthetic_demo,false
DEMO-IMAGE-6019,earring,synthetic_demo,Synthetic demo metadata,https://github.com/wa52/ai-customer-service/tree/main/data,synthetic_demo,false
DEMO-IMAGE-6020,bracelet,synthetic_demo,Synthetic demo metadata,https://github.com/wa52/ai-customer-service/tree/main/data,synthetic_demo,false
DEMO-IMAGE-6021,ring,synthetic_demo,Synthetic demo metadata,https://github.com/wa52/ai-customer-service/tree/main/data,synthetic_demo,false
DEMO-IMAGE-6022,necklace,synthetic_demo,Synthetic demo metadata,https://github.com/wa52/ai-customer-service/tree/main/data,synthetic_demo,false
DEMO-IMAGE-6023,earring,synthetic_demo,Synthetic demo metadata,https://github.com/wa52/ai-customer-service/tree/main/data,synthetic_demo,false
DEMO-IMAGE-6024,bracelet,synthetic_demo,Synthetic demo metadata,https://github.com/wa52/ai-customer-service/tree/main/data,synthetic_demo,false
DEMO-IMAGE-6025,ring,synthetic_demo,Synthetic demo metadata,https://github.com/wa52/ai-customer-service/tree/main/data,synthetic_demo,false
DEMO-IMAGE-6026,necklace,synthetic_demo,Synthetic demo metadata,https://github.com/wa52/ai-customer-service/tree/main/data,synthetic_demo,false
DEMO-IMAGE-6027,earring,synthetic_demo,Synthetic demo metadata,https://github.com/wa52/ai-customer-service/tree/main/data,synthetic_demo,false
DEMO-IMAGE-6028,bracelet,synthetic_demo,Synthetic demo metadata,https://github.com/wa52/ai-customer-service/tree/main/data,synthetic_demo,false
DEMO-IMAGE-6029,ring,synthetic_demo,Synthetic demo metadata,https://github.com/wa52/ai-customer-service/tree/main/data,synthetic_demo,false
DEMO-IMAGE-6030,necklace,synthetic_demo,Synthetic demo metadata,https://github.com/wa52/ai-customer-service/tree/main/data,synthetic_demo,false
DEMO-IMAGE-6031,earring,synthetic_demo,Synthetic demo metadata,https://github.com/wa52/ai-customer-service/tree/main/data,synthetic_demo,false
DEMO-IMAGE-6032,bracelet,synthetic_demo,Synthetic demo metadata,https://github.com/wa52/ai-customer-service/tree/main/data,synthetic_demo,false
DEMO-IMAGE-6033,ring,synthetic_demo,Synthetic demo metadata,https://github.com/wa52/ai-customer-service/tree/main/data,synthetic_demo,false
DEMO-IMAGE-6034,necklace,synthetic_demo,Synthetic demo metadata,https://github.com/wa52/ai-customer-service/tree/main/data,synthetic_demo,false
DEMO-IMAGE-6035,earring,synthetic_demo,Synthetic demo metadata,https://github.com/wa52/ai-customer-service/tree/main/data,synthetic_demo,false
DEMO-IMAGE-6036,bracelet,synthetic_demo,Synthetic demo metadata,https://github.com/wa52/ai-customer-service/tree/main/data,synthetic_demo,false
DEMO-IMAGE-6037,ring,synthetic_demo,Synthetic demo metadata,https://github.com/wa52/ai-customer-service/tree/main/data,synthetic_demo,false
DEMO-IMAGE-6038,necklace,synthetic_demo,Synthetic demo metadata,https://github.com/wa52/ai-customer-service/tree/main/data,synthetic_demo,false
DEMO-IMAGE-6039,earring,synthetic_demo,Synthetic demo metadata,https://github.com/wa52/ai-customer-service/tree/main/data,synthetic_demo,false
DEMO-IMAGE-6040,bracelet,synthetic_demo,Synthetic demo metadata,https://github.com/wa52/ai-customer-service/tree/main/data,synthetic_demo,false
DEMO-IMAGE-6041,ring,synthetic_demo,Synthetic demo metadata,https://github.com/wa52/ai-customer-service/tree/main/data,synthetic_demo,false
DEMO-IMAGE-6042,necklace,synthetic_demo,Synthetic demo metadata,https://github.com/wa52/ai-customer-service/tree/main/data,synthetic_demo,false
DEMO-IMAGE-6043,earring,synthetic_demo,Synthetic demo metadata,https://github.com/wa52/ai-customer-service/tree/main/data,synthetic_demo,false
DEMO-IMAGE-6044,bracelet,synthetic_demo,Synthetic demo metadata,https://github.com/wa52/ai-customer-service/tree/main/data,synthetic_demo,false
DEMO-IMAGE-6045,ring,synthetic_demo,Synthetic demo metadata,https://github.com/wa52/ai-customer-service/tree/main/data,synthetic_demo,false
DEMO-IMAGE-6046,necklace,synthetic_demo,Synthetic demo metadata,https://github.com/wa52/ai-customer-service/tree/main/data,synthetic_demo,false
DEMO-IMAGE-6047,earring,synthetic_demo,Synthetic demo metadata,https://github.com/wa52/ai-customer-service/tree/main/data,synthetic_demo,false
DEMO-IMAGE-6048,bracelet,synthetic_demo,Synthetic demo metadata,https://github.com/wa52/ai-customer-service/tree/main/data,synthetic_demo,false
DEMO-IMAGE-6049,ring,synthetic_demo,Synthetic demo metadata,https://github.com/wa52/ai-customer-service/tree/main/data,synthetic_demo,false
DEMO-IMAGE-6050,necklace,synthetic_demo,Synthetic demo metadata,https://github.com/wa52/ai-customer-service/tree/main/data,synthetic_demo,false
DEMO-IMAGE-6051,earring,synthetic_demo,Synthetic demo metadata,https://github.com/wa52/ai-customer-service/tree/main/data,synthetic_demo,false
DEMO-IMAGE-6052,bracelet,synthetic_demo,Synthetic demo metadata,https://github.com/wa52/ai-customer-service/tree/main/data,synthetic_demo,false
DEMO-IMAGE-6053,ring,synthetic_demo,Synthetic demo metadata,https://github.com/wa52/ai-customer-service/tree/main/data,synthetic_demo,false
DEMO-IMAGE-6054,necklace,synthetic_demo,Synthetic demo metadata,https://github.com/wa52/ai-customer-service/tree/main/data,synthetic_demo,false
DEMO-IMAGE-6055,earring,synthetic_demo,Synthetic demo metadata,https://github.com/wa52/ai-customer-service/tree/main/data,synthetic_demo,false
DEMO-IMAGE-6056,bracelet,synthetic_demo,Synthetic demo metadata,https://github.com/wa52/ai-customer-service/tree/main/data,synthetic_demo,false
DEMO-IMAGE-6057,ring,synthetic_demo,Synthetic demo metadata,https://github.com/wa52/ai-customer-service/tree/main/data,synthetic_demo,false
DEMO-IMAGE-6058,necklace,synthetic_demo,Synthetic demo metadata,https://github.com/wa52/ai-customer-service/tree/main/data,synthetic_demo,false
DEMO-IMAGE-6059,earring,synthetic_demo,Synthetic demo metadata,https://github.com/wa52/ai-customer-service/tree/main/data,synthetic_demo,false
DEMO-IMAGE-6060,bracelet,synthetic_demo,Synthetic demo metadata,https://github.com/wa52/ai-customer-service/tree/main/data,synthetic_demo,false
DEMO-IMAGE-6061,ring,synthetic_demo,Synthetic demo metadata,https://github.com/wa52/ai-customer-service/tree/main/data,synthetic_demo,false
DEMO-IMAGE-6062,necklace,synthetic_demo,Synthetic demo metadata,https://github.com/wa52/ai-customer-service/tree/main/data,synthetic_demo,false
DEMO-IMAGE-6063,earring,synthetic_demo,Synthetic demo metadata,https://github.com/wa52/ai-customer-service/tree/main/data,synthetic_demo,false
DEMO-IMAGE-6064,bracelet,synthetic_demo,Synthetic demo metadata,https://github.com/wa52/ai-customer-service/tree/main/data,synthetic_demo,false
DEMO-IMAGE-6065,ring,synthetic_demo,Synthetic demo metadata,https://github.com/wa52/ai-customer-service/tree/main/data,synthetic_demo,false
DEMO-IMAGE-6066,necklace,synthetic_demo,Synthetic demo metadata,https://github.com/wa52/ai-customer-service/tree/main/data,synthetic_demo,false
DEMO-IMAGE-6067,earring,synthetic_demo,Synthetic demo metadata,https://github.com/wa52/ai-customer-service/tree/main/data,synthetic_demo,false
DEMO-IMAGE-6068,bracelet,synthetic_demo,Synthetic demo metadata,https://github.com/wa52/ai-customer-service/tree/main/data,synthetic_demo,false
DEMO-IMAGE-6069,ring,synthetic_demo,Synthetic demo metadata,https://github.com/wa52/ai-customer-service/tree/main/data,synthetic_demo,false
DEMO-IMAGE-6070,necklace,synthetic_demo,Synthetic demo metadata,https://github.com/wa52/ai-customer-service/tree/main/data,synthetic_demo,false
DEMO-IMAGE-6071,earring,synthetic_demo,Synthetic demo metadata,https://github.com/wa52/ai-customer-service/tree/main/data,synthetic_demo,false
DEMO-IMAGE-6072,bracelet,synthetic_demo,Synthetic demo metadata,https://github.com/wa52/ai-customer-service/tree/main/data,synthetic_demo,false
DEMO-IMAGE-6073,ring,synthetic_demo,Synthetic demo metadata,https://github.com/wa52/ai-customer-service/tree/main/data,synthetic_demo,false
DEMO-IMAGE-6074,necklace,synthetic_demo,Synthetic demo metadata,https://github.com/wa52/ai-customer-service/tree/main/data,synthetic_demo,false
DEMO-IMAGE-6075,earring,synthetic_demo,Synthetic demo metadata,https://github.com/wa52/ai-customer-service/tree/main/data,synthetic_demo,false
DEMO-IMAGE-6076,bracelet,synthetic_demo,Synthetic demo metadata,https://github.com/wa52/ai-customer-service/tree/main/data,synthetic_demo,false
DEMO-IMAGE-6077,ring,synthetic_demo,Synthetic demo metadata,https://github.com/wa52/ai-customer-service/tree/main/data,synthetic_demo,false
DEMO-IMAGE-6078,necklace,synthetic_demo,Synthetic demo metadata,https://github.com/wa52/ai-customer-service/tree/main/data,synthetic_demo,false
DEMO-IMAGE-6079,earring,synthetic_demo,Synthetic demo metadata,https://github.com/wa52/ai-customer-service/tree/main/data,synthetic_demo,false
DEMO-IMAGE-6080,bracelet,synthetic_demo,Synthetic demo metadata,https://github.com/wa52/ai-customer-service/tree/main/data,synthetic_demo,false
DEMO-IMAGE-6081,ring,synthetic_demo,Synthetic demo metadata,https://github.com/wa52/ai-customer-service/tree/main/data,synthetic_demo,false
DEMO-IMAGE-6082,necklace,synthetic_demo,Synthetic demo metadata,https://github.com/wa52/ai-customer-service/tree/main/data,synthetic_demo,false
DEMO-IMAGE-6083,earring,synthetic_demo,Synthetic demo metadata,https://github.com/wa52/ai-customer-service/tree/main/data,synthetic_demo,false
DEMO-IMAGE-6084,bracelet,synthetic_demo,Synthetic demo metadata,https://github.com/wa52/ai-customer-service/tree/main/data,synthetic_demo,false
DEMO-IMAGE-6085,ring,synthetic_demo,Synthetic demo metadata,https://github.com/wa52/ai-customer-service/tree/main/data,synthetic_demo,false
DEMO-IMAGE-6086,necklace,synthetic_demo,Synthetic demo metadata,https://github.com/wa52/ai-customer-service/tree/main/data,synthetic_demo,false
DEMO-IMAGE-6087,earring,synthetic_demo,Synthetic demo metadata,https://github.com/wa52/ai-customer-service/tree/main/data,synthetic_demo,false
DEMO-IMAGE-6088,bracelet,synthetic_demo,Synthetic demo metadata,https://github.com/wa52/ai-customer-service/tree/main/data,synthetic_demo,false
DEMO-IMAGE-6089,ring,synthetic_demo,Synthetic demo metadata,https://github.com/wa52/ai-customer-service/tree/main/data,synthetic_demo,false
DEMO-IMAGE-6090,necklace,synthetic_demo,Synthetic demo metadata,https://github.com/wa52/ai-customer-service/tree/main/data,synthetic_demo,false
DEMO-IMAGE-6091,earring,synthetic_demo,Synthetic demo metadata,https://github.com/wa52/ai-customer-service/tree/main/data,synthetic_demo,false
DEMO-IMAGE-6092,bracelet,synthetic_demo,Synthetic demo metadata,https://github.com/wa52/ai-customer-service/tree/main/data,synthetic_demo,false
DEMO-IMAGE-6093,ring,synthetic_demo,Synthetic demo metadata,https://github.com/wa52/ai-customer-service/tree/main/data,synthetic_demo,false
DEMO-IMAGE-6094,necklace,synthetic_demo,Synthetic demo metadata,https://github.com/wa52/ai-customer-service/tree/main/data,synthetic_demo,false
DEMO-IMAGE-6095,earring,synthetic_demo,Synthetic demo metadata,https://github.com/wa52/ai-customer-service/tree/main/data,synthetic_demo,false
DEMO-IMAGE-6096,bracelet,synthetic_demo,Synthetic demo metadata,https://github.com/wa52/ai-customer-service/tree/main/data,synthetic_demo,false
DEMO-IMAGE-6097,ring,synthetic_demo,Synthetic demo metadata,https://github.com/wa52/ai-customer-service/tree/main/data,synthetic_demo,false
DEMO-IMAGE-6098,necklace,synthetic_demo,Synthetic demo metadata,https://github.com/wa52/ai-customer-service/tree/main/data,synthetic_demo,false
DEMO-IMAGE-6099,earring,synthetic_demo,Synthetic demo metadata,https://github.com/wa52/ai-customer-service/tree/main/data,synthetic_demo,false
DEMO-IMAGE-6100,bracelet,synthetic_demo,Synthetic demo metadata,https://github.com/wa52/ai-customer-service/tree/main/data,synthetic_demo,false
DEMO-IMAGE-6101,ring,synthetic_demo,Synthetic demo metadata,https://github.com/wa52/ai-customer-service/tree/main/data,synthetic_demo,false
DEMO-IMAGE-6102,necklace,synthetic_demo,Synthetic demo metadata,https://github.com/wa52/ai-customer-service/tree/main/data,synthetic_demo,false
DEMO-IMAGE-6103,earring,synthetic_demo,Synthetic demo metadata,https://github.com/wa52/ai-customer-service/tree/main/data,synthetic_demo,false
DEMO-IMAGE-6104,bracelet,synthetic_demo,Synthetic demo metadata,https://github.com/wa52/ai-customer-service/tree/main/data,synthetic_demo,false
DEMO-IMAGE-6105,ring,synthetic_demo,Synthetic demo metadata,https://github.com/wa52/ai-customer-service/tree/main/data,synthetic_demo,false
DEMO-IMAGE-6106,necklace,synthetic_demo,Synthetic demo metadata,https://github.com/wa52/ai-customer-service/tree/main/data,synthetic_demo,false
DEMO-IMAGE-6107,earring,synthetic_demo,Synthetic demo metadata,https://github.com/wa52/ai-customer-service/tree/main/data,synthetic_demo,false
DEMO-IMAGE-6108,bracelet,synthetic_demo,Synthetic demo metadata,https://github.com/wa52/ai-customer-service/tree/main/data,synthetic_demo,false
DEMO-IMAGE-6109,ring,synthetic_demo,Synthetic demo metadata,https://github.com/wa52/ai-customer-service/tree/main/data,synthetic_demo,false
DEMO-IMAGE-6110,necklace,synthetic_demo,Synthetic demo metadata,https://github.com/wa52/ai-customer-service/tree/main/data,synthetic_demo,false
DEMO-IMAGE-6111,earring,synthetic_demo,Synthetic demo metadata,https://github.com/wa52/ai-customer-service/tree/main/data,synthetic_demo,false
DEMO-IMAGE-6112,bracelet,synthetic_demo,Synthetic demo metadata,https://github.com/wa52/ai-customer-service/tree/main/data,synthetic_demo,false
DEMO-IMAGE-6113,ring,synthetic_demo,Synthetic demo metadata,https://github.com/wa52/ai-customer-service/tree/main/data,synthetic_demo,false
DEMO-IMAGE-6114,necklace,synthetic_demo,Synthetic demo metadata,https://github.com/wa52/ai-customer-service/tree/main/data,synthetic_demo,false
DEMO-IMAGE-6115,earring,synthetic_demo,Synthetic demo metadata,https://github.com/wa52/ai-customer-service/tree/main/data,synthetic_demo,false
DEMO-IMAGE-6116,bracelet,synthetic_demo,Synthetic demo metadata,https://github.com/wa52/ai-customer-service/tree/main/data,synthetic_demo,false
DEMO-IMAGE-6117,ring,synthetic_demo,Synthetic demo metadata,https://github.com/wa52/ai-customer-service/tree/main/data,synthetic_demo,false
DEMO-IMAGE-6118,necklace,synthetic_demo,Synthetic demo metadata,https://github.com/wa52/ai-customer-service/tree/main/data,synthetic_demo,false
DEMO-IMAGE-6119,earring,synthetic_demo,Synthetic demo metadata,https://github.com/wa52/ai-customer-service/tree/main/data,synthetic_demo,false
DEMO-IMAGE-6120,bracelet,synthetic_demo,Synthetic demo metadata,https://github.com/wa52/ai-customer-service/tree/main/data,synthetic_demo,false
DEMO-IMAGE-6121,ring,synthetic_demo,Synthetic demo metadata,https://github.com/wa52/ai-customer-service/tree/main/data,synthetic_demo,false
DEMO-IMAGE-6122,necklace,synthetic_demo,Synthetic demo metadata,https://github.com/wa52/ai-customer-service/tree/main/data,synthetic_demo,false
DEMO-IMAGE-6123,earring,synthetic_demo,Synthetic demo metadata,https://github.com/wa52/ai-customer-service/tree/main/data,synthetic_demo,false
DEMO-IMAGE-6124,bracelet,synthetic_demo,Synthetic demo metadata,https://github.com/wa52/ai-customer-service/tree/main/data,synthetic_demo,false
DEMO-IMAGE-6125,ring,synthetic_demo,Synthetic demo metadata,https://github.com/wa52/ai-customer-service/tree/main/data,synthetic_demo,false
DEMO-IMAGE-6126,necklace,synthetic_demo,Synthetic demo metadata,https://github.com/wa52/ai-customer-service/tree/main/data,synthetic_demo,false
DEMO-IMAGE-6127,earring,synthetic_demo,Synthetic demo metadata,https://github.com/wa52/ai-customer-service/tree/main/data,synthetic_demo,false
DEMO-IMAGE-6128,bracelet,synthetic_demo,Synthetic demo metadata,https://github.com/wa52/ai-customer-service/tree/main/data,synthetic_demo,false
DEMO-IMAGE-6129,ring,synthetic_demo,Synthetic demo metadata,https://github.com/wa52/ai-customer-service/tree/main/data,synthetic_demo,false
DEMO-IMAGE-6130,necklace,synthetic_demo,Synthetic demo metadata,https://github.com/wa52/ai-customer-service/tree/main/data,synthetic_demo,false
DEMO-IMAGE-6131,earring,synthetic_demo,Synthetic demo metadata,https://github.com/wa52/ai-customer-service/tree/main/data,synthetic_demo,false
DEMO-IMAGE-6132,bracelet,synthetic_demo,Synthetic demo metadata,https://github.com/wa52/ai-customer-service/tree/main/data,synthetic_demo,false
DEMO-IMAGE-6133,ring,synthetic_demo,Synthetic demo metadata,https://github.com/wa52/ai-customer-service/tree/main/data,synthetic_demo,false
DEMO-IMAGE-6134,necklace,synthetic_demo,Synthetic demo metadata,https://github.com/wa52/ai-customer-service/tree/main/data,synthetic_demo,false
DEMO-IMAGE-6135,earring,synthetic_demo,Synthetic demo metadata,https://github.com/wa52/ai-customer-service/tree/main/data,synthetic_demo,false
DEMO-IMAGE-6136,bracelet,synthetic_demo,Synthetic demo metadata,https://github.com/wa52/ai-customer-service/tree/main/data,synthetic_demo,false
DEMO-IMAGE-6137,ring,synthetic_demo,Synthetic demo metadata,https://github.com/wa52/ai-customer-service/tree/main/data,synthetic_demo,false
DEMO-IMAGE-6138,necklace,synthetic_demo,Synthetic demo metadata,https://github.com/wa52/ai-customer-service/tree/main/data,synthetic_demo,false
DEMO-IMAGE-6139,earring,synthetic_demo,Synthetic demo metadata,https://github.com/wa52/ai-customer-service/tree/main/data,synthetic_demo,false
DEMO-IMAGE-6140,bracelet,synthetic_demo,Synthetic demo metadata,https://github.com/wa52/ai-customer-service/tree/main/data,synthetic_demo,false
DEMO-IMAGE-6141,ring,synthetic_demo,Synthetic demo metadata,https://github.com/wa52/ai-customer-service/tree/main/data,synthetic_demo,false
DEMO-IMAGE-6142,necklace,synthetic_demo,Synthetic demo metadata,https://github.com/wa52/ai-customer-service/tree/main/data,synthetic_demo,false
DEMO-IMAGE-6143,earring,synthetic_demo,Synthetic demo metadata,https://github.com/wa52/ai-customer-service/tree/main/data,synthetic_demo,false
DEMO-IMAGE-6144,bracelet,synthetic_demo,Synthetic demo metadata,https://github.com/wa52/ai-customer-service/tree/main/data,synthetic_demo,false
DEMO-IMAGE-6145,ring,synthetic_demo,Synthetic demo metadata,https://github.com/wa52/ai-customer-service/tree/main/data,synthetic_demo,false
DEMO-IMAGE-6146,necklace,synthetic_demo,Synthetic demo metadata,https://github.com/wa52/ai-customer-service/tree/main/data,synthetic_demo,false
DEMO-IMAGE-6147,earring,synthetic_demo,Synthetic demo metadata,https://github.com/wa52/ai-customer-service/tree/main/data,synthetic_demo,false
DEMO-IMAGE-6148,bracelet,synthetic_demo,Synthetic demo metadata,https://github.com/wa52/ai-customer-service/tree/main/data,synthetic_demo,false
DEMO-IMAGE-6149,ring,synthetic_demo,Synthetic demo metadata,https://github.com/wa52/ai-customer-service/tree/main/data,synthetic_demo,false
DEMO-IMAGE-6150,necklace,synthetic_demo,Synthetic demo metadata,https://github.com/wa52/ai-customer-service/tree/main/data,synthetic_demo,false
DEMO-IMAGE-6151,earring,synthetic_demo,Synthetic demo metadata,https://github.com/wa52/ai-customer-service/tree/main/data,synthetic_demo,false
DEMO-IMAGE-6152,bracelet,synthetic_demo,Synthetic demo metadata,https://github.com/wa52/ai-customer-service/tree/main/data,synthetic_demo,false
DEMO-IMAGE-6153,ring,synthetic_demo,Synthetic demo metadata,https://github.com/wa52/ai-customer-service/tree/main/data,synthetic_demo,false
DEMO-IMAGE-6154,necklace,synthetic_demo,Synthetic demo metadata,https://github.com/wa52/ai-customer-service/tree/main/data,synthetic_demo,false
DEMO-IMAGE-6155,earring,synthetic_demo,Synthetic demo metadata,https://github.com/wa52/ai-customer-service/tree/main/data,synthetic_demo,false
DEMO-IMAGE-6156,bracelet,synthetic_demo,Synthetic demo metadata,https://github.com/wa52/ai-customer-service/tree/main/data,synthetic_demo,false
DEMO-IMAGE-6157,ring,synthetic_demo,Synthetic demo metadata,https://github.com/wa52/ai-customer-service/tree/main/data,synthetic_demo,false
