external_id,reference_price,currency,price_basis,source_url,source_name,retrieved_at,data_kind,is_external_reference
DEMO-RIN-0001,5.5,USD,synthetic demo reference,https://github.com/wa52/ai-customer-service/tree/main/data,Synthetic demo seed,2026-09-24,synthetic_demo,false
DEMO-NEC-0002,9.2,USD,synthetic demo reference,https://github.com/wa52/ai-customer-service/tree/main/data,Synthetic demo seed,2026-09-24,synthetic_demo,false
DEMO-EAR-0003,12.9,USD,synthetic demo reference,https://github.com/wa52/ai-customer-service/tree/main/data,Synthetic demo seed,2026-09-24,synthetic_demo,false
DEMO-BRA-0004,16.6,USD,synthetic demo reference,https://github.com/wa52/ai-customer-service/tree/main/data,Synthetic demo seed,2026-09-24,synthetic_demo,false
DEMO-RIN-0005,20.3,USD,synthetic demo reference,https://github.com/wa52/ai-customer-service/tree/main/data,Synthetic demo seed,2026-09-24,synthetic_demo,false
DEMO-NEC-0006,5.0,USD,synthetic demo reference,https://github.com/wa52/ai-customer-service/tree/main/data,Synthetic demo seed,2026-09-24,synthetic_demo,false
DEMO-EAR-0007,8.7,USD,synthetic demo reference,https://github.com/wa52/ai-customer-service/tree/main/data,Synthetic demo seed,2026-09-24,synthetic_demo,false
DEMO-BRA-0008,12.4,USD,synthetic demo reference,https://github.com/wa52/ai-customer-service/tree/main/data,Synthetic demo seed,2026-09-24,synthetic_demo,false
DEMO-RIN-0009,16.1,USD,synthetic demo reference,https://github.com/wa52/ai-customer-service/tree/main/data,Synthetic demo seed,2026-09-24,synthetic_demo,false
DEMO-NEC-0010,19.8,USD,synthetic demo reference,https://github.com/wa52/ai-customer-service/tree/main/data,Synthetic demo seed,2026-09-24,synthetic_demo,false
DEMO-EAR-0011,4.5,USD,synthetic demo reference,https://github.com/wa52/ai-customer-service/tree/main/data,Synthetic demo seed,2026-09-24,synthetic_demo,false
DEMO-BRA-0012,8.2,USD,synthetic demo reference,https://github.com/wa52/ai-customer-service/tree/main/data,Synthetic demo seed,2026-09-24,synthetic_demo,false
DEMO-RIN-0013,11.9,USD,synthetic demo reference,https://github.com/wa52/ai-customer-service/tree/main/data,Synthetic demo seed,2026-09-24,synthetic_demo,false
DEMO-NEC-0014,15.6,USD,synthetic demo reference,https://github.com/wa52/ai-customer-service/tree/main/data,Synthetic demo seed,2026-09-24,synthetic_demo,false
DEMO-EAR-0015,19.3,USD,synthetic demo reference,https://github.com/wa52/ai-customer-service/tree/main/data,Synthetic demo seed,2026-09-24,synthetic_demo,false
DEMO-BRA-0016,4.0,USD,synthetic demo reference,https://github.com/wa52/ai-customer-service/tree/main/data,Synthetic demo seed,2026-09-24,synthetic_demo,false
DEMO-RIN-0017,7.7,USD,synthetic demo reference,https://github.com/wa52/ai-customer-service/tree/main/data,Synthetic demo seed,2026-09-24,synthetic_demo,false
DEMO-NEC-0018,11.4,USD,synthetic demo reference,https://github.com/wa52/ai-customer-service/tree/main/data,Synthetic demo seed,2026-09-24,synthetic_demo,false
DEMO-EAR-0019,15.1,USD,synthetic demo reference,https://github.com/wa52/ai-customer-service/tree/main/data,Synthetic demo seed,2026-09-24,synthetic_demo,false
DEMO-BRA-0020,18.8,USD,synthetic demo reference,https://github.com/wa52/ai-customer-service/tree/main/data,Synthetic demo seed,2026-09-24,synthetic_demo,false
DEMO-RIN-0021,3.5,USD,synthetic demo reference,https://github.com/wa52/ai-customer-service/tree/main/data,Synthetic demo seed,2026-09-24,synthetic_demo,false
DEMO-NEC-0022,7.2,USD,synthetic demo reference,https://github.com/wa52/ai-customer-service/tree/main/data,Synthetic demo seed,2026-09-24,synthetic_demo,false
DEMO-EAR-0023,10.9,USD,synthetic demo reference,https://github.com/wa52/ai-customer-service/tree/main/data,Synthetic demo seed,2026-09-24,synthetic_demo,false
DEMO-BRA-0024,14.6,USD,synthetic demo reference,https://github.com/wa52/ai-customer-service/tree/main/data,Synthetic demo seed,2026-09-24,synthetic_demo,false
DEMO-RIN-0025,18.3,USD,synthetic demo reference,https://github.com/wa52/ai-customer-service/tree/main/data,Synthetic demo seed,2026-09-24,synthetic_demo,false
DEMO-NEC-0026,3.0,USD,synthetic demo reference,https://github.com/wa52/ai-customer-service/tree/main/data,Synthetic demo seed,2026-09-24,synthetic_demo,false
DEMO-EAR-0027,6.7,USD,synthetic demo reference,https://github.com/wa52/ai-customer-service/tree/main/data,Synthetic demo seed,2026-09-24,synthetic_demo,false
DEMO-BRA-0028,10.4,USD,synthetic demo reference,https://github.com/wa52/ai-customer-service/tree/main/data,Synthetic demo seed,2026-09-24,synthetic_demo,false
DEMO-RIN-0029,14.1,USD,synthetic demo reference,https://github.com/wa52/ai-customer-service/tree/main/data,Synthetic demo seed,2026-09-24,synthetic_demo,false
DEMO-NEC-0030,17.8,USD,synthetic demo reference,https://github.com/wa52/ai-customer-service/tree/main/data,Synthetic demo seed,2026-09-24,synthetic_demo,false
DEMO-EAR-0031,2.5,USD,synthetic demo reference,https://github.com/wa52/ai-customer-service/tree/main/data,Synthetic demo seed,2026-09-24,synthetic_demo,false
DEMO-BRA-0032,6.2,USD,synthetic demo reference,https://github.com/wa52/ai-customer-service/tree/main/data,Synthetic demo seed,2026-09-24,synthetic_demo,false
DEMO-RIN-0033,9.9,USD,synthetic demo reference,https://github.com/wa52/ai-customer-service/tree/main/data,Synthetic demo seed,2026-09-24,synthetic_demo,false
DEMO-NEC-0034,13.6,USD,synthetic demo reference,https://github.com/wa52/ai-customer-service/tree/main/data,Synthetic demo seed,2026-09-24,synthetic_demo,false
DEMO-EAR-0035,17.3,USD,synthetic demo reference,https://github.com/wa52/ai-customer-service/tree/main/data,Synthetic demo seed,2026-09-24,synthetic_demo,false
DEMO-BRA-0036,2.0,USD,synthetic demo reference,https://github.com/wa52/ai-customer-service/tree/main/data,Synthetic demo seed,2026-09-24,synthetic_demo,false
DEMO-RIN-0037,5.7,USD,synthetic demo reference,https://github.com/wa52/ai-customer-service/tree/main/data,Synthetic demo seed,2026-09-24,synthetic_demo,false
DEMO-NEC-0038,9.4,USD,synthetic demo reference,https://github.com/wa52/ai-customer-service/tree/main/data,Synthetic demo seed,2026-09-24,synthetic_demo,false
DEMO-EAR-0039,13.1,USD,synthetic demo reference,https://github.com/wa52/ai-customer-service/tree/main/data,Synthetic demo seed,2026-09-24,synthetic_demo,false
DEMO-BRA-0040,16.8,USD,synthetic demo reference,https://github.com/wa52/ai-customer-service/tree/main/data,Synthetic demo seed,2026-09-24,synthetic_demo,false
DEMO-RIN-0041,20.5,USD,synthetic demo reference,https://github.com/wa52/ai-customer-service/tree/main/data,Synthetic demo seed,2026-09-24,synthetic_demo,false
DEMO-NEC-0042,5.2,USD,synthetic demo reference,https://github.com/wa52/ai-customer-service/tree/main/data,Synthetic demo seed,2026-09-24,synthetic_demo,false
DEMO-EAR-0043,8.9,USD,synthetic demo reference,https://github.com/wa52/ai-customer-service/tree/main/data,Synthetic demo seed,2026-09-24,synthetic_demo,false
DEMO-BRA-0044,12.6,USD,synthetic demo reference,https://github.com/wa52/ai-customer-service/tree/main/data,Synthetic demo seed,2026-09-24,synthetic_demo,false
DEMO-RIN-0045,16.3,USD,synthetic demo reference,https://github.com/wa52/ai-customer-service/tree/main/data,Synthetic demo seed,2026-09-24,synthetic_demo,false
DEMO-NEC-0046,20.0,USD,synthetic demo reference,https://github.com/wa52/ai-customer-service/tree/main/data,Synthetic demo seed,2026-09-24,synthetic_demo,false
DEMO-EAR-0047,4.7,USD,synthetic demo reference,https://github.com/wa52/ai-customer-service/tree/main/data,Synthetic demo seed,2026-09-24,synthetic_demo,false
DEMO-BRA-0048,8.4,USD,synthetic demo reference,https://github.com/wa52/ai-customer-service/tree/main/data,Synthetic demo seed,2026-09-24,synthetic_demo,false
DEMO-RIN-0049,12.1,USD,synthetic demo reference,https://github.com/wa52/ai-customer-service/tree/main/data,Synthetic demo seed,2026-09-24,synthetic_demo,false
DEMO-NEC-0050,15.8,USD,synthetic demo reference,https://github.com/wa52/ai-customer-service/tree/main/data,Synthetic demo seed,2026-09-24,synthetic_demo,false
DEMO-EAR-0051,19.5,USD,synthetic demo reference,https://github.com/wa52/ai-customer-service/tree/main/data,Synthetic demo seed,2026-09-24,synthetic_demo,false
DEMO-BRA-0052,4.2,USD,synthetic demo reference,https://github.com/wa52/ai-customer-service/tree/main/data,Synthetic demo seed,2026-09-24,synthetic_demo,false
DEMO-RIN-0053,7.9,USD,synthetic demo reference,https://github.com/wa52/ai-customer-service/tree/main/data,Synthetic demo seed,2026-09-24,synthetic_demo,false
DEMO-NEC-0054,11.6,USD,synthetic demo reference,https://github.com/wa52/ai-customer-service/tree/main/data,Synthetic demo seed,2026-09-24,synthetic_demo,false
DEMO-EAR-0055,15.3,USD,synthetic demo reference,https://github.com/wa52/ai-customer-service/tree/main/data,Synthetic demo seed,2026-09-24,synthetic_demo,false
DEMO-BRA-0056,19.0,USD,synthetic demo reference,https://github.com/wa52/ai-customer-service/tree/main/data,Synthetic demo seed,2026-09-24,synthetic_demo,false
DEMO-RIN-0057,3.7,USD,synthetic demo reference,https://github.com/wa52/ai-customer-service/tree/main/data,Synthetic demo seed,2026-09-24,synthetic_demo,false
DEMO-NEC-0058,7.4,USD,synthetic demo reference,https://github.com/wa52/ai-customer-service/tree/main/data,Synthetic demo seed,2026-09-24,synthetic_demo,false
DEMO-EAR-0059,11.1,USD,synthetic demo reference,https://github.com/wa52/ai-customer-service/tree/main/data,Synthetic demo seed,2026-09-24,synthetic_demo,false
DEMO-BRA-0060,14.8,USD,synthetic demo reference,https://github.com/wa52/ai-customer-service/tree/main/data,Synthetic demo seed,2026-09-24,synthetic_demo,false
DEMO-RIN-0061,18.5,USD,synthetic demo reference,https://github.com/wa52/ai-customer-service/tree/main/data,Synthetic demo seed,2026-09-24,synthetic_demo,false
DEMO-NEC-0062,3.2,USD,synthetic demo reference,https://github.com/wa52/ai-customer-service/tree/main/data,Synthetic demo seed,2026-09-24,synthetic_demo,false
DEMO-EAR-0063,6.9,USD,synthetic demo reference,https://github.com/wa52/ai-customer-service/tree/main/data,Synthetic demo seed,2026-09-24,synthetic_demo,false
DEMO-BRA-0064,10.6,USD,synthetic demo reference,https://github.com/wa52/ai-customer-service/tree/main/data,Synthetic demo seed,2026-09-24,synthetic_demo,false
DEMO-RIN-0065,14.3,USD,synthetic demo reference,https://github.com/wa52/ai-customer-service/tree/main/data,Synthetic demo seed,2026-09-24,synthetic_demo,false
DEMO-NEC-0066,18.0,USD,synthetic demo reference,https://github.com/wa52/ai-customer-service/tree/main/data,Synthetic demo seed,2026-09-24,synthetic_demo,false
DEMO-EAR-0067,2.7,USD,synthetic demo reference,https://github.com/wa52/ai-customer-service/tree/main/data,Synthetic demo seed,2026-09-24,synthetic_demo,false
DEMO-BRA-0068,6.4,USD,synthetic demo reference,https://github.com/wa52/ai-customer-service/tree/main/data,Synthetic demo seed,2026-09-24,synthetic_demo,false
DEMO-RIN-0069,10.1,USD,synthetic demo reference,https://github.com/wa52/ai-customer-service/tree/main/data,Synthetic demo seed,2026-09-24,synthetic_demo,false
DEMO-NEC-0070,13.8,USD,synthetic demo reference,https://github.com/wa52/ai-customer-service/tree/main/data,Synthetic demo seed,2026-09-24,synthetic_demo,false
DEMO-EAR-0071,17.5,USD,synthetic demo reference,https://github.com/wa52/ai-customer-service/tree/main/data,Synthetic demo seed,2026-09-24,synthetic_demo,false
DEMO-BRA-0072,2.2,USD,synthetic demo reference,https://github.com/wa52/ai-customer-service/tree/main/data,Synthetic demo seed,2026-09-24,synthetic_demo,false
DEMO-RIN-0073,5.9,USD,synthetic demo reference,https://github.com/wa52/ai-customer-service/tree/main/data,Synthetic demo seed,2026-09-24,synthetic_demo,false
DEMO-NEC-0074,9.6,USD,synthetic demo reference,https://github.com/wa52/ai-customer-service/tree/main/data,Synthetic demo seed,2026-09-24,synthetic_demo,false
DEMO-EAR-0075,13.3,USD,synthetic demo reference,https://github.com/wa52/ai-customer-service/tree/main/data,Synthetic demo seed,2026-09-24,synthetic_demo,false
DEMO-BRA-0076,17.0,USD,synthetic demo reference,https://github.com/wa52/ai-customer-service/tree/main/data,Synthetic demo seed,2026-09-24,synthetic_demo,false
DEMO-RIN-0077,20.7,USD,synthetic demo reference,https://github.com/wa52/ai-customer-service/tree/main/data,Synthetic demo seed,2026-09-24,synthetic_demo,false
DEMO-NEC-0078,5.4,USD,synthetic demo reference,https://github.com/wa52/ai-customer-service/tree/main/data,Synthetic demo seed,2026-09-24,synthetic_demo,false
DEMO-EAR-0079,9.1,USD,synthetic demo reference,https://github.com/wa52/ai-customer-service/tree/main/data,Synthetic demo seed,2026-09-24,synthetic_demo,false
DEMO-BRA-0080,12.8,USD,synthetic demo reference,https://github.com/wa52/ai-customer-service/tree/main/data,Synthetic demo seed,2026-09-24,synthetic_demo,false
DEMO-RIN-0081,16.5,USD,synthetic demo reference,https://github.com/wa52/ai-customer-service/tree/main/data,Synthetic demo seed,2026-09-24,synthetic_demo,false
DEMO-NEC-0082,20.2,USD,synthetic demo reference,https://github.com/wa52/ai-customer-service/tree/main/data,Synthetic demo seed,2026-09-24,synthetic_demo,false
DEMO-EAR-0083,4.9,USD,synthetic demo reference,https://github.com/wa52/ai-customer-service/tree/main/data,Synthetic demo seed,2026-09-24,synthetic_demo,false
DEMO-BRA-0084,8.6,USD,synthetic demo reference,https://github.com/wa52/ai-customer-service/tree/main/data,Synthetic demo seed,2026-09-24,synthetic_demo,false
DEMO-RIN-0085,12.3,USD,synthetic demo reference,https://github.com/wa52/ai-customer-service/tree/main/data,Synthetic demo seed,2026-09-24,synthetic_demo,false
DEMO-NEC-0086,16.0,USD,synthetic demo reference,https://github.com/wa52/ai-customer-service/tree/main/data,Synthetic demo seed,2026-09-24,synthetic_demo,false
DEMO-EAR-0087,19.7,USD,synthetic demo reference,https://github.com/wa52/ai-customer-service/tree/main/data,Synthetic demo seed,2026-09-24,synthetic_demo,false
DEMO-BRA-0088,4.4,USD,synthetic demo reference,https://github.com/wa52/ai-customer-service/tree/main/data,Synthetic demo seed,2026-09-24,synthetic_demo,false
DEMO-RIN-0089,8.1,USD,synthetic demo reference,https://github.com/wa52/ai-customer-service/tree/main/data,Synthetic demo seed,2026-09-24,synthetic_demo,false
DEMO-NEC-0090,11.8,USD,synthetic demo reference,https://github.com/wa52/ai-customer-service/tree/main/data,Synthetic demo seed,2026-09-24,synthetic_demo,false
DEMO-EAR-0091,15.5,USD,synthetic demo reference,https://github.com/wa52/ai-customer-service/tree/main/data,Synthetic demo seed,2026-09-24,synthetic_demo,false
DEMO-BRA-0092,19.2,USD,synthetic demo reference,https://github.com/wa52/ai-customer-service/tree/main/data,Synthetic demo seed,2026-09-24,synthetic_demo,false
DEMO-RIN-0093,3.9,USD,synthetic demo reference,https://github.com/wa52/ai-customer-service/tree/main/data,Synthetic demo seed,2026-09-24,synthetic_demo,false
DEMO-NEC-0094,7.6,USD,synthetic demo reference,https://github.com/wa52/ai-customer-service/tree/main/data,Synthetic demo seed,2026-09-24,synthetic_demo,false
DEMO-EAR-0095,11.3,USD,synthetic demo reference,https://github.com/wa52/ai-customer-service/tree/main/data,Synthetic demo seed,2026-09-24,synthetic_demo,false
DEMO-BRA-0096,15.0,USD,synthetic demo reference,https://github.com/wa52/ai-customer-service/tree/main/data,Synthetic demo seed,2026-09-24,synthetic_demo,false
DEMO-RIN-0097,18.7,USD,synthetic demo reference,https://github.com/wa52/ai-customer-service/tree/main/data,Synthetic demo seed,2026-09-24,synthetic_demo,false
DEMO-NEC-0098,3.4,USD,synthetic demo reference,https://github.com/wa52/ai-customer-service/tree/main/data,Synthetic demo seed,2026-09-24,synthetic_demo,false
DEMO-EAR-0099,7.1,USD,synthetic demo reference,https://github.com/wa52/ai-customer-service/tree/main/data,Synthetic demo seed,2026-09-24,synthetic_demo,false
DEMO-BRA-0100,10.8,USD,synthetic demo reference,https://github.com/wa52/ai-customer-service/tree/main/data,Synthetic demo seed,2026-09-24,synthetic_demo,false
DEMO-RIN-0101,14.5,USD,synthetic demo reference,https://github.com/wa52/ai-customer-service/tree/main/data,Synthetic demo seed,2026-09-24,synthetic_demo,false
DEMO-NEC-0102,18.2,USD,synthetic demo reference,https://github.com/wa52/ai-customer-service/tree/main/data,Synthetic demo seed,2026-09-24,synthetic_demo,false
DEMO-EAR-0103,2.9,USD,synthetic demo reference,https://github.com/wa52/ai-customer-service/tree/main/data,Synthetic demo seed,2026-09-24,synthetic_demo,false
DEMO-BRA-0104,6.6,USD,synthetic demo reference,https://github.com/wa52/ai-customer-service/tree/main/data,Synthetic demo seed,2026-09-24,synthetic_demo,false
DEMO-RIN-0105,10.3,USD,synthetic demo reference,https://github.com/wa52/ai-customer-service/tree/main/data,Synthetic demo seed,2026-09-24,synthetic_demo,false
DEMO-NEC-0106,14.0,USD,synthetic demo reference,https://github.com/wa52/ai-customer-service/tree/main/data,Synthetic demo seed,2026-09-24,synthetic_demo,false
DEMO-EAR-0107,17.7,USD,synthetic demo reference,https://github.com/wa52/ai-customer-service/tree/main/data,Synthetic demo seed,2026-09-24,synthetic_demo,false
DEMO-BRA-0108,2.4,USD,synthetic demo reference,https://github.com/wa52/ai-customer-service/tree/main/data,Synthetic demo seed,2026-09-24,synthetic_demo,false
DEMO-RIN-0109,6.1,USD,synthetic demo reference,https://github.com/wa52/ai-customer-service/tree/main/data,Synthetic demo seed,2026-09-24,synthetic_demo,false
DEMO-NEC-0110,9.8,USD,synthetic demo reference,https://github.com/wa52/ai-customer-service/tree/main/data,Synthetic demo seed,2026-09-24,synthetic_demo,false
DEMO-EAR-0111,13.5,USD,synthetic demo reference,https://github.com/wa52/ai-customer-service/tree/main/data,Synthetic demo seed,2026-09-24,synthetic_demo,false
DEMO-BRA-0112,17.2,USD,synthetic demo reference,https://github.com/wa52/ai-customer-service/tree/main/data,Synthetic demo seed,2026-09-24,synthetic_demo,false
DEMO-RIN-0113,1.9,USD,synthetic demo reference,https://github.com/wa52/ai-customer-service/tree/main/data,Synthetic demo seed,2026-09-24,synthetic_demo,false
DEMO-NEC-0114,5.6,USD,synthetic demo reference,https://github.com/wa52/ai-customer-service/tree/main/data,Synthetic demo seed,2026-09-24,synthetic_demo,false
DEMO-EAR-0115,9.3,USD,synthetic demo reference,https://github.com/wa52/ai-customer-service/tree/main/data,Synthetic demo seed,2026-09-24,synthetic_demo,false
DEMO-BRA-0116,13.0,USD,synthetic demo reference,https://github.com/wa52/ai-customer-service/tree/main/data,Synthetic demo seed,2026-09-24,synthetic_demo,false
DEMO-RIN-0117,16.7,USD,synthetic demo reference,https://github.com/wa52/ai-customer-service/tree/main/data,Synthetic demo seed,2026-09-24,synthetic_demo,false
DEMO-NEC-0118,20.4,USD,synthetic demo reference,https://github.com/wa52/ai-customer-service/tree/main/data,Synthetic demo seed,2026-09-24,synthetic_demo,false
DEMO-EAR-0119,5.1,USD,synthetic demo reference,https://github.com/wa52/ai-customer-service/tree/main/data,Synthetic demo seed,2026-09-24,synthetic_demo,false
DEMO-BRA-0120,8.8,USD,synthetic demo reference,https://github.com/wa52/ai-customer-service/tree/main/data,Synthetic demo seed,2026-09-24,synthetic_demo,false
DEMO-RIN-0121,12.5,USD,synthetic demo reference,https://github.com/wa52/ai-customer-service/tree/main/data,Synthetic demo seed,2026-09-24,synthetic_demo,false
DEMO-NEC-0122,16.2,USD,synthetic demo reference,https://github.com/wa52/ai-customer-service/tree/main/data,Synthetic demo seed,2026-09-24,synthetic_demo,false
DEMO-EAR-0123,19.9,USD,synthetic demo reference,https://github.com/wa52/ai-customer-service/tree/main/data,Synthetic demo seed,2026-09-24,synthetic_demo,false
DEMO-BRA-0124,4.6,USD,synthetic demo reference,https://github.com/wa52/ai-customer-service/tree/main/data,Synthetic demo seed,2026-09-24,synthetic_demo,false
DEMO-RIN-0125,8.3,USD,synthetic demo reference,https://github.com/wa52/ai-customer-service/tree/main/data,Synthetic demo seed,2026-09-24,synthetic_demo,false
DEMO-NEC-0126,12.0,USD,synthetic demo reference,https://github.com/wa52/ai-customer-service/tree/main/data,Synthetic demo seed,2026-09-24,synthetic_demo,false
DEMO-EAR-0127,15.7,USD,synthetic demo reference,https://github.com/wa52/ai-customer-service/tree/main/data,Synthetic demo seed,2026-09-24,synthetic_demo,false
DEMO-BRA-0128,19.4,USD,synthetic demo reference,https://github.com/wa52/ai-customer-service/tree/main/data,Synthetic demo seed,2026-09-24,synthetic_demo,false
DEMO-RIN-0129,4.1,USD,synthetic demo reference,https://github.com/wa52/ai-customer-service/tree/main/data,Synthetic demo seed,2026-09-24,synthetic_demo,false
DEMO-NEC-0130,7.8,USD,synthetic demo reference,https://github.com/wa52/ai-customer-service/tree/main/data,Synthetic demo seed,2026-09-24,synthetic_demo,false
DEMO-EAR-0131,11.5,USD,synthetic demo reference,https://github.com/wa52/ai-customer-service/tree/main/data,Synthetic demo seed,2026-09-24,synthetic_demo,false
DEMO-BRA-0132,15.2,USD,synthetic demo reference,https://github.com/wa52/ai-customer-service/tree/main/data,Synthetic demo seed,2026-09-24,synthetic_demo,false
DEMO-RIN-0133,18.9,USD,synthetic demo reference,https://github.com/wa52/ai-customer-service/tree/main/data,Synthetic demo seed,2026-09-24,synthetic_demo,false
DEMO-NEC-0134,3.6,USD,synthetic demo reference,https://github.com/wa52/ai-customer-service/tree/main/data,Synthetic demo seed,2026-09-24,synthetic_demo,false
DEMO-EAR-0135,7.3,USD,synthetic demo reference,https://github.com/wa52/ai-customer-service/tree/main/data,Synthetic demo seed,2026-09-24,synthetic_demo,false
DEMO-BRA-0136,11.0,USD,synthetic demo reference,https://github.com/wa52/ai-customer-service/tree/main/data,Synthetic demo seed,2026-09-24,synthetic_demo,false
DEMO-RIN-0137,14.7,USD,synthetic demo reference,https://github.com/wa52/ai-customer-service/tree/main/data,Synthetic demo seed,2026-09-24,synthetic_demo,false
DEMO-NEC-0138,18.4,USD,synthetic demo reference,https://github.com/wa52/ai-customer-service/tree/main/data,Synthetic demo seed,2026-09-24,synthetic_demo,false
DEMO-EAR-0139,3.1,USD,synthetic demo reference,https://github.com/wa52/ai-customer-service/tree/main/data,Synthetic demo seed,2026-09-24,synthetic_demo,false
DEMO-BRA-0140,6.8,USD,synthetic demo reference,https://github.com/wa52/ai-customer-service/tree/main/data,Synthetic demo seed,2026-09-24,synthetic_demo,false
DEMO-RIN-0141,10.5,USD,synthetic demo reference,https://github.com/wa52/ai-customer-service/tree/main/data,Synthetic demo seed,2026-09-24,synthetic_demo,false
DEMO-NEC-0142,14.2,USD,synthetic demo reference,https://github.com/wa52/ai-customer-service/tree/main/data,Synthetic demo seed,2026-09-24,synthetic_demo,false
DEMO-EAR-0143,17.9,USD,synthetic demo reference,https://github.com/wa52/ai-customer-service/tree/main/data,Synthetic demo seed,2026-09-24,synthetic_demo,false
DEMO-BRA-0144,2.6,USD,synthetic demo reference,https://github.com/wa52/ai-customer-service/tree/main/data,Synthetic demo seed,2026-09-24,synthetic_demo,false
DEMO-RIN-0145,6.3,USD,synthetic demo reference,https://github.com/wa52/ai-customer-service/tree/main/data,Synthetic demo seed,2026-09-24,synthetic_demo,false
DEMO-NEC-0146,10.0,USD,synthetic demo reference,https://github.com/wa52/ai-customer-service/tree/main/data,Synthetic demo seed,2026-09-24,synthetic_demo,false
DEMO-EAR-0147,13.7,USD,synthetic demo reference,https://github.com/wa52/ai-customer-service/tree/main/data,Synthetic demo seed,2026-09-24,synthetic_demo,false
DEMO-BRA-0148,17.4,USD,synthetic demo reference,https://github.com/wa52/ai-customer-service/tree/main/data,Synthetic demo seed,2026-09-24,synthetic_demo,false
DEMO-RIN-0149,2.1,USD,synthetic demo reference,https://github.com/wa52/ai-customer-service/tree/main/data,Synthetic demo seed,2026-09-24,synthetic_demo,false
DEMO-NEC-0150,5.8,USD,synthetic demo reference,https://github.com/wa52/ai-customer-service/tree/main/data,Synthetic demo seed,2026-09-24,synthetic_demo,false
DEMO-EAR-0151,9.5,USD,synthetic demo reference,https://github.com/wa52/ai-customer-service/tree/main/data,Synthetic demo seed,2026-09-24,synthetic_demo,false
DEMO-BRA-0152,13.2,USD,synthetic demo reference,https://github.com/wa52/ai-customer-service/tree/main/data,Synthetic demo seed,2026-09-24,synthetic_demo,false
DEMO-RIN-0153,16.9,USD,synthetic demo reference,https://github.com/wa52/ai-customer-service/tree/main/data,Synthetic demo seed,2026-09-24,synthetic_demo,false
DEMO-NEC-0154,20.6,USD,synthetic demo reference,https://github.com/wa52/ai-customer-service/tree/main/data,Synthetic demo seed,2026-09-24,synthetic_demo,false
DEMO-EAR-0155,5.3,USD,synthetic demo reference,https://github.com/wa52/ai-customer-service/tree/main/data,Synthetic demo seed,2026-09-24,synthetic_demo,false
DEMO-BRA-0156,9.0,USD,synthetic demo reference,https://github.com/wa52/ai-customer-service/tree/main/data,Synthetic demo seed,2026-09-24,synthetic_demo,false
DEMO-RIN-0157,12.7,USD,synthetic demo reference,https://github.com/wa52/ai-customer-service/tree/main/data,Synthetic demo seed,2026-09-24,synthetic_demo,false
DEMO-NEC-0158,16.4,USD,synthetic demo reference,https://github.com/wa52/ai-customer-service/tree/main/data,Synthetic demo seed,2026-09-24,synthetic_demo,false
DEMO-EAR-0159,20.1,USD,synthetic demo reference,https://github.com/wa52/ai-customer-service/tree/main/data,Synthetic demo seed,2026-09-24,synthetic_demo,false
DEMO-BRA-0160,4.8,USD,synthetic demo reference,https://github.com/wa52/ai-customer-service/tree/main/data,Synthetic demo seed,2026-09-24,synthetic_demo,false
DEMO-RIN-0161,8.5,USD,synthetic demo reference,https://github.com/wa52/ai-customer-service/tree/main/data,Synthetic demo seed,2026-09-24,synthetic_demo,false
DEMO-NEC-0162,12.2,USD,synthetic demo reference,https://github.com/wa52/ai-customer-service/tree/main/data,Synthetic demo seed,2026-09-24,synthetic_demo,false
DEMO-EAR-0163,15.9,USD,synthetic demo reference,https://github.com/wa52/ai-customer-service/tree/main/data,Synthetic demo seed,2026-09-24,synthetic_demo,false
DEMO-BRA-0164,19.6,USD,synthetic demo reference,https://github.com/wa52/ai-customer-service/tree/main/data,Synthetic demo seed,2026-09-24,synthetic_demo,false
DEMO-RIN-0165,4.3,USD,synthetic demo reference,https://github.com/wa52/ai-customer-service/tree/main/data,Synthetic demo seed,2026-09-24,synthetic_demo,false
DEMO-NEC-0166,8.0,USD,synthetic demo reference,https://github.com/wa52/ai-customer-service/tree/main/data,Synthetic demo seed,2026-09-24,synthetic_demo,false
DEMO-EAR-0167,11.7,USD,synthetic demo reference,https://github.com/wa52/ai-customer-service/tree/main/data,Synthetic demo seed,2026-09-24,synthetic_demo,false
DEMO-BRA-0168,15.4,USD,synthetic demo reference,https://github.com/wa52/ai-customer-service/tree/main/data,Synthetic demo seed,2026-09-24,synthetic_demo,false
DEMO-RIN-0169,19.1,USD,synthetic demo reference,https://github.com/wa52/ai-customer-service/tree/main/data,Synthetic demo seed,2026-09-24,synthetic_demo,false
DEMO-NEC-0170,3.8,USD,synthetic demo reference,https://github.com/wa52/ai-customer-service/tree/main/data,Synthetic demo seed,2026-09-24,synthetic_demo,false
DEMO-EAR-0171,7.5,USD,synthetic demo reference,https://github.com/wa52/ai-customer-service/tree/main/data,Synthetic demo seed,2026-09-24,synthetic_demo,false
DEMO-BRA-0172,11.2,USD,synthetic demo reference,https://github.com/wa52/ai-customer-service/tree/main/data,Synthetic demo seed,2026-09-24,synthetic_demo,false
DEMO-RIN-0173,14.9,USD,synthetic demo reference,https://github.com/wa52/ai-customer-service/tree/main/data,Synthetic demo seed,2026-09-24,synthetic_demo,false
DEMO-NEC-0174,18.6,USD,synthetic demo reference,https://github.com/wa52/ai-customer-service/tree/main/data,Synthetic demo seed,2026-09-24,synthetic_demo,false
DEMO-EAR-0175,3.3,USD,synthetic demo reference,https://github.com/wa52/ai-customer-service/tree/main/data,Synthetic demo seed,2026-09-24,synthetic_demo,false
DEMO-BRA-0176,7.0,USD,synthetic demo reference,https://github.com/wa52/ai-customer-service/tree/main/data,Synthetic demo seed,2026-09-24,synthetic_demo,false
DEMO-RIN-0177,10.7,USD,synthetic demo reference,https://github.com/wa52/ai-customer-service/tree/main/data,Synthetic demo seed,2026-09-24,synthetic_demo,false
DEMO-NEC-0178,14.4,USD,synthetic demo reference,https://github.com/wa52/ai-customer-service/tree/main/data,Synthetic demo seed,2026-09-24,synthetic_demo,false
DEMO-EAR-0179,18.1,USD,synthetic demo reference,https://github.com/wa52/ai-customer-service/tree/main/data,Synthetic demo seed,2026-09-24,synthetic_demo,false
DEMO-BRA-0180,2.8,USD,synthetic demo reference,https://github.com/wa52/ai-customer-service/tree/main/data,Synthetic demo seed,2026-09-24,synthetic_demo,false
DEMO-RIN-0181,6.5,USD,synthetic demo reference,https://github.com/wa52/ai-customer-service/tree/main/data,Synthetic demo seed,2026-09-24,synthetic_demo,false
DEMO-NEC-0182,10.2,USD,synthetic demo reference,https://github.com/wa52/ai-customer-service/tree/main/data,Synthetic demo seed,2026-09-24,synthetic_demo,false
DEMO-EAR-0183,13.9,USD,synthetic demo reference,https://github.com/wa52/ai-customer-service/tree/main/data,Synthetic demo seed,2026-09-24,synthetic_demo,false
DEMO-BRA-0184,17.6,USD,synthetic demo reference,https://github.com/wa52/ai-customer-service/tree/main/data,Synthetic demo seed,2026-09-24,synthetic_demo,false
DEMO-RIN-0185,2.3,USD,synthetic demo reference,https://github.com/wa52/ai-customer-service/tree/main/data,Synthetic demo seed,2026-09-24,synthetic_demo,false
DEMO-NEC-0186,6.0,USD,synthetic demo reference,https://github.com/wa52/ai-customer-service/tree/main/data,Synthetic demo seed,2026-09-24,synthetic_demo,false
DEMO-EAR-0187,9.7,USD,synthetic demo reference,https://github.com/wa52/ai-customer-service/tree/main/data,Synthetic demo seed,2026-09-24,synthetic_demo,false
DEMO-BRA-0188,13.4,USD,synthetic demo reference,https://github.com/wa52/ai-customer-service/tree/main/data,Synthetic demo seed,2026-09-24,synthetic_demo,false
DEMO-RIN-0189,17.1,USD,synthetic demo reference,https://github.com/wa52/ai-customer-service/tree/main/data,Synthetic demo seed,2026-09-24,synthetic_demo,false
DEMO-NEC-0190,1.8,USD,synthetic demo reference,https://github.com/wa52/ai-customer-service/tree/main/data,Synthetic demo seed,2026-09-24,synthetic_demo,false
DEMO-EAR-0191,5.5,USD,synthetic demo reference,https://github.com/wa52/ai-customer-service/tree/main/data,Synthetic demo seed,2026-09-24,synthetic_demo,false
DEMO-BRA-0192,9.2,USD,synthetic demo reference,https://github.com/wa52/ai-customer-service/tree/main/data,Synthetic demo seed,2026-09-24,synthetic_demo,false
DEMO-RIN-0193,12.9,USD,synthetic demo reference,https://github.com/wa52/ai-customer-service/tree/main/data,Synthetic demo seed,2026-09-24,synthetic_demo,false
DEMO-NEC-0194,16.6,USD,synthetic demo reference,https://github.com/wa52/ai-customer-service/tree/main/data,Synthetic demo seed,2026-09-24,synthetic_demo,false
DEMO-EAR-0195,20.3,USD,synthetic demo reference,https://github.com/wa52/ai-customer-service/tree/main/data,Synthetic demo seed,2026-09-24,synthetic_demo,false
DEMO-BRA-0196,5.0,USD,synthetic demo reference,https://github.com/wa52/ai-customer-service/tree/main/data,Synthetic demo seed,2026-09-24,synthetic_demo,false
DEMO-RIN-0197,8.7,USD,synthetic demo reference,https://github.com/wa52/ai-customer-service/tree/main/data,Synthetic demo seed,2026-09-24,synthetic_demo,false
DEMO-NEC-0198,12.4,USD,synthetic demo reference,https://github.com/wa52/ai-customer-service/tree/main/data,Synthetic demo seed,2026-09-24,synthetic_demo,false
DEMO-EAR-0199,16.1,USD,synthetic demo reference,https://github.com/wa52/ai-customer-service/tree/main/data,Synthetic demo seed,2026-09-24,synthetic_demo,false
DEMO-BRA-0200,19.8,USD,synthetic demo reference,https://github.com/wa52/ai-customer-service/tree/main/data,Synthetic demo seed,2026-09-24,synthetic_demo,false
DEMO-RIN-0201,4.5,USD,synthetic demo reference,https://github.com/wa52/ai-customer-service/tree/main/data,Synthetic demo seed,2026-09-24,synthetic_demo,false
DEMO-NEC-0202,8.2,USD,synthetic demo reference,https://github.com/wa52/ai-customer-service/tree/main/data,Synthetic demo seed,2026-09-24,synthetic_demo,false
DEMO-EAR-0203,11.9,USD,synthetic demo reference,https://github.com/wa52/ai-customer-service/tree/main/data,Synthetic demo seed,2026-09-24,synthetic_demo,false
DEMO-BRA-0204,15.6,USD,synthetic demo reference,https://github.com/wa52/ai-customer-service/tree/main/data,Synthetic demo seed,2026-09-24,synthetic_demo,false
DEMO-RIN-0205,19.3,USD,synthetic demo reference,https://github.com/wa52/ai-customer-service/tree/main/data,Synthetic demo seed,2026-09-24,synthetic_demo,false
DEMO-NEC-0206,4.0,USD,synthetic demo reference,https://github.com/wa52/ai-customer-service/tree/main/data,Synthetic demo seed,2026-09-24,synthetic_demo,false
DEMO-EAR-0207,7.7,USD,synthetic demo reference,https://github.com/wa52/ai-customer-service/tree/main/data,Synthetic demo seed,2026-09-24,synthetic_demo,false
DEMO-BRA-0208,11.4,USD,synthetic demo reference,https://github.com/wa52/ai-customer-service/tree/main/data,Synthetic demo seed,2026-09-24,synthetic_demo,false
DEMO-RIN-0209,15.1,USD,synthetic demo reference,https://github.com/wa52/ai-customer-service/tree/main/data,Synthetic demo seed,2026-09-24,synthetic_demo,false
DEMO-NEC-0210,18.8,USD,synthetic demo reference,https://github.com/wa52/ai-customer-service/tree/main/data,Synthetic demo seed,2026-09-24,synthetic_demo,false
DEMO-EAR-0211,3.5,USD,synthetic demo reference,https://github.com/wa52/ai-customer-service/tree/main/data,Synthetic demo seed,2026-09-24,synthetic_demo,false
DEMO-BRA-0212,7.2,USD,synthetic demo reference,https://github.com/wa52/ai-customer-service/tree/main/data,Synthetic demo seed,2026-09-24,synthetic_demo,false
DEMO-RIN-0213,10.9,USD,synthetic demo reference,https://github.com/wa52/ai-customer-service/tree/main/data,Synthetic demo seed,2026-09-24,synthetic_demo,false
DEMO-NEC-0214,14.6,USD,synthetic demo reference,https://github.com/wa52/ai-customer-service/tree/main/data,Synthetic demo seed,2026-09-24,synthetic_demo,false
DEMO-EAR-0215,18.3,USD,synthetic demo reference,https://github.com/wa52/ai-customer-service/tree/main/data,Synthetic demo seed,2026-09-24,synthetic_demo,false
DEMO-BRA-0216,3.0,USD,synthetic demo reference,https://github.com/wa52/ai-customer-service/tree/main/data,Synthetic demo seed,2026-09-24,synthetic_demo,false
DEMO-RIN-0217,6.7,USD,synthetic demo reference,https://github.com/wa52/ai-customer-service/tree/main/data,Synthetic demo seed,2026-09-24,synthetic_demo,false
DEMO-NEC-0218,10.4,USD,synthetic demo reference,https://github.com/wa52/ai-customer-service/tree/main/data,Synthetic demo seed,2026-09-24,synthetic_demo,false
DEMO-EAR-0219,14.1,USD,synthetic demo reference,https://github.com/wa52/ai-customer-service/tree/main/data,Synthetic demo seed,2026-09-24,synthetic_demo,false
DEMO-BRA-0220,17.8,USD,synthetic demo reference,https://github.com/wa52/ai-customer-service/tree/main/data,Synthetic demo seed,2026-09-24,synthetic_demo,false
DEMO-RIN-0221,2.5,USD,synthetic demo reference,https://github.com/wa52/ai-customer-service/tree/main/data,Synthetic demo seed,2026-09-24,synthetic_demo,false
DEMO-NEC-0222,6.2,USD,synthetic demo reference,https://github.com/wa52/ai-customer-service/tree/main/data,Synthetic demo seed,2026-09-24,synthetic_demo,false
DEMO-EAR-0223,9.9,USD,synthetic demo reference,https://github.com/wa52/ai-customer-service/tree/main/data,Synthetic demo seed,2026-09-24,synthetic_demo,false
DEMO-BRA-0224,13.6,USD,synthetic demo reference,https://github.com/wa52/ai-customer-service/tree/main/data,Synthetic demo seed,2026-09-24,synthetic_demo,false
DEMO-RIN-0225,17.3,USD,synthetic demo reference,https://github.com/wa52/ai-customer-service/tree/main/data,Synthetic demo seed,2026-09-24,synthetic_demo,false
DEMO-NEC-0226,2.0,USD,synthetic demo reference,https://github.com/wa52/ai-customer-service/tree/main/data,Synthetic demo seed,2026-09-24,synthetic_demo,false
DEMO-EAR-0227,5.7,USD,synthetic demo reference,https://github.com/wa52/ai-customer-service/tree/main/data,Synthetic demo seed,2026-09-24,synthetic_demo,false
DEMO-BRA-0228,9.4,USD,synthetic demo reference,https://github.com/wa52/ai-customer-service/tree/main/data,Synthetic demo seed,2026-09-24,synthetic_demo,false
DEMO-RIN-0229,13.1,USD,synthetic demo reference,https://github.com/wa52/ai-customer-service/tree/main/data,Synthetic demo seed,2026-09-24,synthetic_demo,false
DEMO-NEC-0230,16.8,USD,synthetic demo reference,https://github.com/wa52/ai-customer-service/tree/main/data,Synthetic demo seed,2026-09-24,synthetic_demo,false
DEMO-EAR-0231,20.5,USD,synthetic demo reference,https://github.com/wa52/ai-customer-service/tree/main/data,Synthetic demo seed,2026-09-24,synthetic_demo,false
DEMO-BRA-0232,5.2,USD,synthetic demo reference,https://github.com/wa52/ai-customer-service/tree/main/data,Synthetic demo seed,2026-09-24,synthetic_demo,false
DEMO-RIN-0233,8.9,USD,synthetic demo reference,https://github.com/wa52/ai-customer-service/tree/main/data,Synthetic demo seed,2026-09-24,synthetic_demo,false
DEMO-NEC-0234,12.6,USD,synthetic demo reference,https://github.com/wa52/ai-customer-service/tree/main/data,Synthetic demo seed,2026-09-24,synthetic_demo,false
DEMO-EAR-0235,16.3,USD,synthetic demo reference,https://github.com/wa52/ai-customer-service/tree/main/data,Synthetic demo seed,2026-09-24,synthetic_demo,false
DEMO-BRA-0236,20.0,USD,synthetic demo reference,https://github.com/wa52/ai-customer-service/tree/main/data,Synthetic demo seed,2026-09-24,synthetic_demo,false
DEMO-RIN-0237,4.7,USD,synthetic demo reference,https://github.com/wa52/ai-customer-service/tree/main/data,Synthetic demo seed,2026-09-24,synthetic_demo,false
DEMO-NEC-0238,8.4,USD,synthetic demo reference,https://github.com/wa52/ai-customer-service/tree/main/data,Synthetic demo seed,2026-09-24,synthetic_demo,false
DEMO-EAR-0239,12.1,USD,synthetic demo reference,https://github.com/wa52/ai-customer-service/tree/main/data,Synthetic demo seed,2026-09-24,synthetic_demo,false
DEMO-BRA-0240,15.8,USD,synthetic demo reference,https://github.com/wa52/ai-customer-service/tree/main/data,Synthetic demo seed,2026-09-24,synthetic_demo,false
DEMO-RIN-0241,19.5,USD,synthetic demo reference,https://github.com/wa52/ai-customer-service/tree/main/data,Synthetic demo seed,2026-09-24,synthetic_demo,false
DEMO-NEC-0242,4.2,USD,synthetic demo reference,https://github.com/wa52/ai-customer-service/tree/main/data,Synthetic demo seed,2026-09-24,synthetic_demo,false
DEMO-EAR-0243,7.9,USD,synthetic demo reference,https://github.com/wa52/ai-customer-service/tree/main/data,Synthetic demo seed,2026-09-24,synthetic_demo,false
DEMO-BRA-0244,11.6,USD,synthetic demo reference,https://github.com/wa52/ai-customer-service/tree/main/data,Synthetic demo seed,2026-09-24,synthetic_demo,false
DEMO-RIN-0245,15.3,USD,synthetic demo reference,https://github.com/wa52/ai-customer-service/tree/main/data,Synthetic demo seed,2026-09-24,synthetic_demo,false
DEMO-NEC-0246,19.0,USD,synthetic demo reference,https://github.com/wa52/ai-customer-service/tree/main/data,Synthetic demo seed,2026-09-24,synthetic_demo,false
DEMO-EAR-0247,3.7,USD,synthetic demo reference,https://github.com/wa52/ai-customer-service/tree/main/data,Synthetic demo seed,2026-09-24,synthetic_demo,false
DEMO-BRA-0248,7.4,USD,synthetic demo reference,https://github.com/wa52/ai-customer-service/tree/main/data,Synthetic demo seed,2026-09-24,synthetic_demo,false
DEMO-RIN-0249,11.1,USD,synthetic demo reference,https://github.com/wa52/ai-customer-service/tree/main/data,Synthetic demo seed,2026-09-24,synthetic_demo,false
DEMO-NEC-0250,14.8,USD,synthetic demo reference,https://github.com/wa52/ai-customer-service/tree/main/data,Synthetic demo seed,2026-09-24,synthetic_demo,false
DEMO-EAR-0251,18.5,USD,synthetic demo reference,https://github.com/wa52/ai-customer-service/tree/main/data,Synthetic demo seed,2026-09-24,synthetic_demo,false
DEMO-BRA-0252,3.2,USD,synthetic demo reference,https://github.com/wa52/ai-customer-service/tree/main/data,Synthetic demo seed,2026-09-24,synthetic_demo,false
DEMO-RIN-0253,6.9,USD,synthetic demo reference,https://github.com/wa52/ai-customer-service/tree/main/data,Synthetic demo seed,2026-09-24,synthetic_demo,false
DEMO-NEC-0254,10.6,USD,synthetic demo reference,https://github.com/wa52/ai-customer-service/tree/main/data,Synthetic demo seed,2026-09-24,synthetic_demo,false
DEMO-EAR-0255,14.3,USD,synthetic demo reference,https://github.com/wa52/ai-customer-service/tree/main/data,Synthetic demo seed,2026-09-24,synthetic_demo,false
DEMO-BRA-0256,18.0,USD,synthetic demo reference,https://github.com/wa52/ai-customer-service/tree/main/data,Synthetic demo seed,2026-09-24,synthetic_demo,false
DEMO-RIN-0257,2.7,USD,synthetic demo reference,https://github.com/wa52/ai-customer-service/tree/main/data,Synthetic demo seed,2026-09-24,synthetic_demo,false
DEMO-NEC-0258,6.4,USD,synthetic demo reference,https://github.com/wa52/ai-customer-service/tree/main/data,Synthetic demo seed,2026-09-24,synthetic_demo,false
DEMO-EAR-0259,10.1,USD,synthetic demo reference,https://github.com/wa52/ai-customer-service/tree/main/data,Synthetic demo seed,2026-09-24,synthetic_demo,false
DEMO-BRA-0260,13.8,USD,synthetic demo reference,https://github.com/wa52/ai-customer-service/tree/main/data,Synthetic demo seed,2026-09-24,synthetic_demo,false
DEMO-RIN-0261,17.5,USD,synthetic demo reference,https://github.com/wa52/ai-customer-service/tree/main/data,Synthetic demo seed,2026-09-24,synthetic_demo,false
DEMO-NEC-0262,2.2,USD,synthetic demo reference,https://github.com/wa52/ai-customer-service/tree/main/data,Synthetic demo seed,2026-09-24,synthetic_demo,false
DEMO-EAR-0263,5.9,USD,synthetic demo reference,https://github.com/wa52/ai-customer-service/tree/main/data,Synthetic demo seed,2026-09-24,synthetic_demo,false
DEMO-BRA-0264,9.6,USD,synthetic demo reference,https://github.com/wa52/ai-customer-service/tree/main/data,Synthetic demo seed,2026-09-24,synthetic_demo,false
DEMO-RIN-0265,13.3,USD,synthetic demo reference,https://github.com/wa52/ai-customer-service/tree/main/data,Synthetic demo seed,2026-09-24,synthetic_demo,false
DEMO-NEC-0266,17.0,USD,synthetic demo reference,https://github.com/wa52/ai-customer-service/tree/main/data,Synthetic demo seed,2026-09-24,synthetic_demo,false
DEMO-EAR-0267,20.7,USD,synthetic demo reference,https://github.com/wa52/ai-customer-service/tree/main/data,Synthetic demo seed,2026-09-24,synthetic_demo,false
DEMO-BRA-0268,5.4,USD,synthetic demo reference,https://github.com/wa52/ai-customer-service/tree/main/data,Synthetic demo seed,2026-09-24,synthetic_demo,false
DEMO-RIN-0269,9.1,USD,synthetic demo reference,https://github.com/wa52/ai-customer-service/tree/main/data,Synthetic demo seed,2026-09-24,synthetic_demo,false
DEMO-NEC-0270,12.8,USD,synthetic demo reference,https://github.com/wa52/ai-customer-service/tree/main/data,Synthetic demo seed,2026-09-24,synthetic_demo,false
DEMO-EAR-0271,16.5,USD,synthetic demo reference,https://github.com/wa52/ai-customer-service/tree/main/data,Synthetic demo seed,2026-09-24,synthetic_demo,false
DEMO-BRA-0272,20.2,USD,synthetic demo reference,https://github.com/wa52/ai-customer-service/tree/main/data,Synthetic demo seed,2026-09-24,synthetic_demo,false
DEMO-RIN-0273,4.9,USD,synthetic demo reference,https://github.com/wa52/ai-customer-service/tree/main/data,Synthetic demo seed,2026-09-24,synthetic_demo,false
DEMO-NEC-0274,8.6,USD,synthetic demo reference,https://github.com/wa52/ai-customer-service/tree/main/data,Synthetic demo seed,2026-09-24,synthetic_demo,false
DEMO-EAR-0275,12.3,USD,synthetic demo reference,https://github.com/wa52/ai-customer-service/tree/main/data,Synthetic demo seed,2026-09-24,synthetic_demo,false
DEMO-BRA-0276,16.0,USD,synthetic demo reference,https://github.com/wa52/ai-customer-service/tree/main/data,Synthetic demo seed,2026-09-24,synthetic_demo,false
DEMO-RIN-0277,19.7,USD,synthetic demo reference,https://github.com/wa52/ai-customer-service/tree/main/data,Synthetic demo seed,2026-09-24,synthetic_demo,false
DEMO-NEC-0278,4.4,USD,synthetic demo reference,https://github.com/wa52/ai-customer-service/tree/main/data,Synthetic demo seed,2026-09-24,synthetic_demo,false
DEMO-EAR-0279,8.1,USD,synthetic demo reference,https://github.com/wa52/ai-customer-service/tree/main/data,Synthetic demo seed,2026-09-24,synthetic_demo,false
DEMO-BRA-0280,11.8,USD,synthetic demo reference,https://github.com/wa52/ai-customer-service/tree/main/data,Synthetic demo seed,2026-09-24,synthetic_demo,false
DEMO-RIN-0281,15.5,USD,synthetic demo reference,https://github.com/wa52/ai-customer-service/tree/main/data,Synthetic demo seed,2026-09-24,synthetic_demo,false
DEMO-NEC-0282,19.2,USD,synthetic demo reference,https://github.com/wa52/ai-customer-service/tree/main/data,Synthetic demo seed,2026-09-24,synthetic_demo,false
DEMO-EAR-0283,3.9,USD,synthetic demo reference,https://github.com/wa52/ai-customer-service/tree/main/data,Synthetic demo seed,2026-09-24,synthetic_demo,false
DEMO-BRA-0284,7.6,USD,synthetic demo reference,https://github.com/wa52/ai-customer-service/tree/main/data,Synthetic demo seed,2026-09-24,synthetic_demo,false
DEMO-RIN-0285,11.3,USD,synthetic demo reference,https://github.com/wa52/ai-customer-service/tree/main/data,Synthetic demo seed,2026-09-24,synthetic_demo,false
DEMO-NEC-0286,15.0,USD,synthetic demo reference,https://github.com/wa52/ai-customer-service/tree/main/data,Synthetic demo seed,2026-09-24,synthetic_demo,false
DEMO-EAR-0287,18.7,USD,synthetic demo reference,https://github.com/wa52/ai-customer-service/tree/main/data,Synthetic demo seed,2026-09-24,synthetic_demo,false
DEMO-BRA-0288,3.4,USD,synthetic demo reference,https://github.com/wa52/ai-customer-service/tree/main/data,Synthetic demo seed,2026-09-24,synthetic_demo,false
DEMO-RIN-0289,7.1,USD,synthetic demo reference,https://github.com/wa52/ai-customer-service/tree/main/data,Synthetic demo seed,2026-09-24,synthetic_demo,false
DEMO-NEC-0290,10.8,USD,synthetic demo reference,https://github.com/wa52/ai-customer-service/tree/main/data,Synthetic demo seed,2026-09-24,synthetic_demo,false
DEMO-EAR-0291,14.5,USD,synthetic demo reference,https://github.com/wa52/ai-customer-service/tree/main/data,Synthetic demo seed,2026-09-24,synthetic_demo,false
DEMO-BRA-0292,18.2,USD,synthetic demo reference,https://github.com/wa52/ai-customer-service/tree/main/data,Synthetic demo seed,2026-09-24,synthetic_demo,false
DEMO-RIN-0293,2.9,USD,synthetic demo reference,https://github.com/wa52/ai-customer-service/tree/main/data,Synthetic demo seed,2026-09-24,synthetic_demo,false
DEMO-NEC-0294,6.6,USD,synthetic demo reference,https://github.com/wa52/ai-customer-service/tree/main/data,Synthetic demo seed,2026-09-24,synthetic_demo,false
DEMO-EAR-0295,10.3,USD,synthetic demo reference,https://github.com/wa52/ai-customer-service/tree/main/data,Synthetic demo seed,2026-09-24,synthetic_demo,false
DEMO-BRA-0296,14.0,USD,synthetic demo reference,https://github.com/wa52/ai-customer-service/tree/main/data,Synthetic demo seed,2026-09-24,synthetic_demo,false
DEMO-RIN-0297,17.7,USD,synthetic demo reference,https://github.com/wa52/ai-customer-service/tree/main/data,Synthetic demo seed,2026-09-24,synthetic_demo,false
DEMO-NEC-0298,2.4,USD,synthetic demo reference,https://github.com/wa52/ai-customer-service/tree/main/data,Synthetic demo seed,2026-09-24,synthetic_demo,false
DEMO-EAR-0299,6.1,USD,synthetic demo reference,https://github.com/wa52/ai-customer-service/tree/main/data,Synthetic demo seed,2026-09-24,synthetic_demo,false
DEMO-BRA-0300,9.8,USD,synthetic demo reference,https://github.com/wa52/ai-customer-service/tree/main/data,Synthetic demo seed,2026-09-24,synthetic_demo,false
DEMO-RIN-0301,13.5,USD,synthetic demo reference,https://github.com/wa52/ai-customer-service/tree/main/data,Synthetic demo seed,2026-09-24,synthetic_demo,false
DEMO-NEC-0302,17.2,USD,synthetic demo reference,https://github.com/wa52/ai-customer-service/tree/main/data,Synthetic demo seed,2026-09-24,synthetic_demo,false
DEMO-EAR-0303,1.9,USD,synthetic demo reference,https://github.com/wa52/ai-customer-service/tree/main/data,Synthetic demo seed,2026-09-24,synthetic_demo,false
DEMO-BRA-0304,5.6,USD,synthetic demo reference,https://github.com/wa52/ai-customer-service/tree/main/data,Synthetic demo seed,2026-09-24,synthetic_demo,false
DEMO-RIN-0305,9.3,USD,synthetic demo reference,https://github.com/wa52/ai-customer-service/tree/main/data,Synthetic demo seed,2026-09-24,synthetic_demo,false
DEMO-NEC-0306,13.0,USD,synthetic demo reference,https://github.com/wa52/ai-customer-service/tree/main/data,Synthetic demo seed,2026-09-24,synthetic_demo,false
DEMO-EAR-0307,16.7,USD,synthetic demo reference,https://github.com/wa52/ai-customer-service/tree/main/data,Synthetic demo seed,2026-09-24,synthetic_demo,false
DEMO-BRA-0308,20.4,USD,synthetic demo reference,https://github.com/wa52/ai-customer-service/tree/main/data,Synthetic demo seed,2026-09-24,synthetic_demo,false
DEMO-RIN-0309,5.1,USD,synthetic demo reference,https://github.com/wa52/ai-customer-service/tree/main/data,Synthetic demo seed,2026-09-24,synthetic_demo,false
DEMO-NEC-0310,8.8,USD,synthetic demo reference,https://github.com/wa52/ai-customer-service/tree/main/data,Synthetic demo seed,2026-09-24,synthetic_demo,false
DEMO-EAR-0311,12.5,USD,synthetic demo reference,https://github.com/wa52/ai-customer-service/tree/main/data,Synthetic demo seed,2026-09-24,synthetic_demo,false
DEMO-BRA-0312,16.2,USD,synthetic demo reference,https://github.com/wa52/ai-customer-service/tree/main/data,Synthetic demo seed,2026-09-24,synthetic_demo,false
DEMO-RIN-0313,19.9,USD,synthetic demo reference,https://github.com/wa52/ai-customer-service/tree/main/data,Synthetic demo seed,2026-09-24,synthetic_demo,false
DEMO-NEC-0314,4.6,USD,synthetic demo reference,https://github.com/wa52/ai-customer-service/tree/main/data,Synthetic demo seed,2026-09-24,synthetic_demo,false
DEMO-EAR-0315,8.3,USD,synthetic demo reference,https://github.com/wa52/ai-customer-service/tree/main/data,Synthetic demo seed,2026-09-24,synthetic_demo,false
DEMO-BRA-0316,12.0,USD,synthetic demo reference,https://github.com/wa52/ai-customer-service/tree/main/data,Synthetic demo seed,2026-09-24,synthetic_demo,false
DEMO-RIN-0317,15.7,USD,synthetic demo reference,https://github.com/wa52/ai-customer-service/tree/main/data,Synthetic demo seed,2026-09-24,synthetic_demo,false
DEMO-NEC-0318,19.4,USD,synthetic demo reference,https://github.com/wa52/ai-customer-service/tree/main/data,Synthetic demo seed,2026-09-24,synthetic_demo,false
DEMO-EAR-0319,4.1,USD,synthetic demo reference,https://github.com/wa52/ai-customer-service/tree/main/data,Synthetic demo seed,2026-09-24,synthetic_demo,false
DEMO-BRA-0320,7.8,USD,synthetic demo reference,https://github.com/wa52/ai-customer-service/tree/main/data,Synthetic demo seed,2026-09-24,synthetic_demo,false
DEMO-RIN-0321,11.5,USD,synthetic demo reference,https://github.com/wa52/ai-customer-service/tree/main/data,Synthetic demo seed,2026-09-24,synthetic_demo,false
DEMO-NEC-0322,15.2,USD,synthetic demo reference,https://github.com/wa52/ai-customer-service/tree/main/data,Synthetic demo seed,2026-09-24,synthetic_demo,false
DEMO-EAR-0323,18.9,USD,synthetic demo reference,https://github.com/wa52/ai-customer-service/tree/main/data,Synthetic demo seed,2026-09-24,synthetic_demo,false
DEMO-BRA-0324,3.6,USD,synthetic demo reference,https://github.com/wa52/ai-customer-service/tree/main/data,Synthetic demo seed,2026-09-24,synthetic_demo,false
DEMO-RIN-0325,7.3,USD,synthetic demo reference,https://github.com/wa52/ai-customer-service/tree/main/data,Synthetic demo seed,2026-09-24,synthetic_demo,false
DEMO-NEC-0326,11.0,USD,synthetic demo reference,https://github.com/wa52/ai-customer-service/tree/main/data,Synthetic demo seed,2026-09-24,synthetic_demo,false
DEMO-EAR-0327,14.7,USD,synthetic demo reference,https://github.com/wa52/ai-customer-service/tree/main/data,Synthetic demo seed,2026-09-24,synthetic_demo,false
DEMO-BRA-0328,18.4,USD,synthetic demo reference,https://github.com/wa52/ai-customer-service/tree/main/data,Synthetic demo seed,2026-09-24,synthetic_demo,false
DEMO-RIN-0329,3.1,USD,synthetic demo reference,https://github.com/wa52/ai-customer-service/tree/main/data,Synthetic demo seed,2026-09-24,synthetic_demo,false
DEMO-NEC-0330,6.8,USD,synthetic demo reference,https://github.com/wa52/ai-customer-service/tree/main/data,Synthetic demo seed,2026-09-24,synthetic_demo,false
DEMO-EAR-0331,10.5,USD,synthetic demo reference,https://github.com/wa52/ai-customer-service/tree/main/data,Synthetic demo seed,2026-09-24,synthetic_demo,false
DEMO-BRA-0332,14.2,USD,synthetic demo reference,https://github.com/wa52/ai-customer-service/tree/main/data,Synthetic demo seed,2026-09-24,synthetic_demo,false
DEMO-RIN-0333,17.9,USD,synthetic demo reference,https://github.com/wa52/ai-customer-service/tree/main/data,Synthetic demo seed,2026-09-24,synthetic_demo,false
DEMO-NEC-0334,2.6,USD,synthetic demo reference,https://github.com/wa52/ai-customer-service/tree/main/data,Synthetic demo seed,2026-09-24,synthetic_demo,false
DEMO-EAR-0335,6.3,USD,synthetic demo reference,https://github.com/wa52/ai-customer-service/tree/main/data,Synthetic demo seed,2026-09-24,synthetic_demo,false
DEMO-BRA-0336,10.0,USD,synthetic demo reference,https://github.com/wa52/ai-customer-service/tree/main/data,Synthetic demo seed,2026-09-24,synthetic_demo,false
DEMO-RIN-0337,13.7,USD,synthetic demo reference,https://github.com/wa52/ai-customer-service/tree/main/data,Synthetic demo seed,2026-09-24,synthetic_demo,false
DEMO-NEC-0338,17.4,USD,synthetic demo reference,https://github.com/wa52/ai-customer-service/tree/main/data,Synthetic demo seed,2026-09-24,synthetic_demo,false
DEMO-EAR-0339,2.1,USD,synthetic demo reference,https://github.com/wa52/ai-customer-service/tree/main/data,Synthetic demo seed,2026-09-24,synthetic_demo,false
DEMO-BRA-0340,5.8,USD,synthetic demo reference,https://github.com/wa52/ai-customer-service/tree/main/data,Synthetic demo seed,2026-09-24,synthetic_demo,false
DEMO-RIN-0341,9.5,USD,synthetic demo reference,https://github.com/wa52/ai-customer-service/tree/main/data,Synthetic demo seed,2026-09-24,synthetic_demo,false
DEMO-NEC-0342,13.2,USD,synthetic demo reference,https://github.com/wa52/ai-customer-service/tree/main/data,Synthetic demo seed,2026-09-24,synthetic_demo,false
DEMO-EAR-0343,16.9,USD,synthetic demo reference,https://github.com/wa52/ai-customer-service/tree/main/data,Synthetic demo seed,2026-09-24,synthetic_demo,false
DEMO-BRA-0344,20.6,USD,synthetic demo reference,https://github.com/wa52/ai-customer-service/tree/main/data,Synthetic demo seed,2026-09-24,synthetic_demo,false
DEMO-RIN-0345,5.3,USD,synthetic demo reference,https://github.com/wa52/ai-customer-service/tree/main/data,Synthetic demo seed,2026-09-24,synthetic_demo,false
DEMO-NEC-0346,9.0,USD,synthetic demo reference,https://github.com/wa52/ai-customer-service/tree/main/data,Synthetic demo seed,2026-09-24,synthetic_demo,false
DEMO-EAR-0347,12.7,USD,synthetic demo reference,https://github.com/wa52/ai-customer-service/tree/main/data,Synthetic demo seed,2026-09-24,synthetic_demo,false
DEMO-BRA-0348,16.4,USD,synthetic demo reference,https://github.com/wa52/ai-customer-service/tree/main/data,Synthetic demo seed,2026-09-24,synthetic_demo,false
DEMO-RIN-0349,20.1,USD,synthetic demo reference,https://github.com/wa52/ai-customer-service/tree/main/data,Synthetic demo seed,2026-09-24,synthetic_demo,false
DEMO-NEC-0350,4.8,USD,synthetic demo reference,https://github.com/wa52/ai-customer-service/tree/main/data,Synthetic demo seed,2026-09-24,synthetic_demo,false
DEMO-EAR-0351,8.5,USD,synthetic demo reference,https://github.com/wa52/ai-customer-service/tree/main/data,Synthetic demo seed,2026-09-24,synthetic_demo,false
DEMO-BRA-0352,12.2,USD,synthetic demo reference,https://github.com/wa52/ai-customer-service/tree/main/data,Synthetic demo seed,2026-09-24,synthetic_demo,false
DEMO-RIN-0353,15.9,USD,synthetic demo reference,https://github.com/wa52/ai-customer-service/tree/main/data,Synthetic demo seed,2026-09-24,synthetic_demo,false
DEMO-NEC-0354,19.6,USD,synthetic demo reference,https://github.com/wa52/ai-customer-service/tree/main/data,Synthetic demo seed,2026-09-24,synthetic_demo,false
DEMO-EAR-0355,4.3,USD,synthetic demo reference,https://github.com/wa52/ai-customer-service/tree/main/data,Synthetic demo seed,2026-09-24,synthetic_demo,false
DEMO-BRA-0356,8.0,USD,synthetic demo reference,https://github.com/wa52/ai-customer-service/tree/main/data,Synthetic demo seed,2026-09-24,synthetic_demo,false
DEMO-RIN-0357,11.7,USD,synthetic demo reference,https://github.com/wa52/ai-customer-service/tree/main/data,Synthetic demo seed,2026-09-24,synthetic_demo,false
DEMO-NEC-0358,15.4,USD,synthetic demo reference,https://github.com/wa52/ai-customer-service/tree/main/data,Synthetic demo seed,2026-09-24,synthetic_demo,false
DEMO-EAR-0359,19.1,USD,synthetic demo reference,https://github.com/wa52/ai-customer-service/tree/main/data,Synthetic demo seed,2026-09-24,synthetic_demo,false
DEMO-BRA-0360,3.8,USD,synthetic demo reference,https://github.com/wa52/ai-customer-service/tree/main/data,Synthetic demo seed,2026-09-24,synthetic_demo,false
DEMO-RIN-0361,7.5,USD,synthetic demo reference,https://github.com/wa52/ai-customer-service/tree/main/data,Synthetic demo seed,2026-09-24,synthetic_demo,false
DEMO-NEC-0362,11.2,USD,synthetic demo reference,https://github.com/wa52/ai-customer-service/tree/main/data,Synthetic demo seed,2026-09-24,synthetic_demo,false
DEMO-EAR-0363,14.9,USD,synthetic demo reference,https://github.com/wa52/ai-customer-service/tree/main/data,Synthetic demo seed,2026-09-24,synthetic_demo,false
DEMO-BRA-0364,18.6,USD,synthetic demo reference,https://github.com/wa52/ai-customer-service/tree/main/data,Synthetic demo seed,2026-09-24,synthetic_demo,false
DEMO-RIN-0365,3.3,USD,synthetic demo reference,https://github.com/wa52/ai-customer-service/tree/main/data,Synthetic demo seed,2026-09-24,synthetic_demo,false
DEMO-NEC-0366,7.0,USD,synthetic demo reference,https://github.com/wa52/ai-customer-service/tree/main/data,Synthetic demo seed,2026-09-24,synthetic_demo,false
DEMO-EAR-0367,10.7,USD,synthetic demo reference,https://github.com/wa52/ai-customer-service/tree/main/data,Synthetic demo seed,2026-09-24,synthetic_demo,false
DEMO-BRA-0368,14.4,USD,synthetic demo reference,https://github.com/wa52/ai-customer-service/tree/main/data,Synthetic demo seed,2026-09-24,synthetic_demo,false
DEMO-RIN-0369,18.1,USD,synthetic demo reference,https://github.com/wa52/ai-customer-service/tree/main/data,Synthetic demo seed,2026-09-24,synthetic_demo,false
DEMO-NEC-0370,2.8,USD,synthetic demo reference,https://github.com/wa52/ai-customer-service/tree/main/data,Synthetic demo seed,2026-09-24,synthetic_demo,false
DEMO-EAR-0371,6.5,USD,synthetic demo reference,https://github.com/wa52/ai-customer-service/tree/main/data,Synthetic demo seed,2026-09-24,synthetic_demo,false
DEMO-BRA-0372,10.2,USD,synthetic demo reference,https://github.com/wa52/ai-customer-service/tree/main/data,Synthetic demo seed,2026-09-24,synthetic_demo,false
DEMO-RIN-0373,13.9,USD,synthetic demo reference,https://github.com/wa52/ai-customer-service/tree/main/data,Synthetic demo seed,2026-09-24,synthetic_demo,false
DEMO-NEC-0374,17.6,USD,synthetic demo reference,https://github.com/wa52/ai-customer-service/tree/main/data,Synthetic demo seed,2026-09-24,synthetic_demo,false
DEMO-EAR-0375,2.3,USD,synthetic demo reference,https://github.com/wa52/ai-customer-service/tree/main/data,Synthetic demo seed,2026-09-24,synthetic_demo,false
DEMO-BRA-0376,6.0,USD,synthetic demo reference,https://github.com/wa52/ai-customer-service/tree/main/data,Synthetic demo seed,2026-09-24,synthetic_demo,false
DEMO-RIN-0377,9.7,USD,synthetic demo reference,https://github.com/wa52/ai-customer-service/tree/main/data,Synthetic demo seed,2026-09-24,synthetic_demo,false
DEMO-NEC-0378,13.4,USD,synthetic demo reference,https://github.com/wa52/ai-customer-service/tree/main/data,Synthetic demo seed,2026-09-24,synthetic_demo,false
DEMO-EAR-0379,17.1,USD,synthetic demo reference,https://github.com/wa52/ai-customer-service/tree/main/data,Synthetic demo seed,2026-09-24,synthetic_demo,false
DEMO-BRA-0380,1.8,USD,synthetic demo reference,https://github.com/wa52/ai-customer-service/tree/main/data,Synthetic demo seed,2026-09-24,synthetic_demo,false
DEMO-RIN-0381,5.5,USD,synthetic demo reference,https://github.com/wa52/ai-customer-service/tree/main/data,Synthetic demo seed,2026-09-24,synthetic_demo,false
DEMO-NEC-0382,9.2,USD,synthetic demo reference,https://github.com/wa52/ai-customer-service/tree/main/data,Synthetic demo seed,2026-09-24,synthetic_demo,false
DEMO-EAR-0383,12.9,USD,synthetic demo reference,https://github.com/wa52/ai-customer-service/tree/main/data,Synthetic demo seed,2026-09-24,synthetic_demo,false
DEMO-BRA-0384,16.6,USD,synthetic demo reference,https://github.com/wa52/ai-customer-service/tree/main/data,Synthetic demo seed,2026-09-24,synthetic_demo,false
DEMO-RIN-0385,20.3,USD,synthetic demo reference,https://github.com/wa52/ai-customer-service/tree/main/data,Synthetic demo seed,2026-09-24,synthetic_demo,false
DEMO-NEC-0386,5.0,USD,synthetic demo reference,https://github.com/wa52/ai-customer-service/tree/main/data,Synthetic demo seed,2026-09-24,synthetic_demo,false
DEMO-EAR-0387,8.7,USD,synthetic demo reference,https://github.com/wa52/ai-customer-service/tree/main/data,Synthetic demo seed,2026-09-24,synthetic_demo,false
DEMO-BRA-0388,12.4,USD,synthetic demo reference,https://github.com/wa52/ai-customer-service/tree/main/data,Synthetic demo seed,2026-09-24,synthetic_demo,false
DEMO-RIN-0389,16.1,USD,synthetic demo reference,https://github.com/wa52/ai-customer-service/tree/main/data,Synthetic demo seed,2026-09-24,synthetic_demo,false
DEMO-NEC-0390,19.8,USD,synthetic demo reference,https://github.com/wa52/ai-customer-service/tree/main/data,Synthetic demo seed,2026-09-24,synthetic_demo,false
DEMO-EAR-0391,4.5,USD,synthetic demo reference,https://github.com/wa52/ai-customer-service/tree/main/data,Synthetic demo seed,2026-09-24,synthetic_demo,false
DEMO-BRA-0392,8.2,USD,synthetic demo reference,https://github.com/wa52/ai-customer-service/tree/main/data,Synthetic demo seed,2026-09-24,synthetic_demo,false
DEMO-RIN-0393,11.9,USD,synthetic demo reference,https://github.com/wa52/ai-customer-service/tree/main/data,Synthetic demo seed,2026-09-24,synthetic_demo,false
DEMO-NEC-0394,15.6,USD,synthetic demo reference,https://github.com/wa52/ai-customer-service/tree/main/data,Synthetic demo seed,2026-09-24,synthetic_demo,false
DEMO-EAR-0395,19.3,USD,synthetic demo reference,https://github.com/wa52/ai-customer-service/tree/main/data,Synthetic demo seed,2026-09-24,synthetic_demo,false
DEMO-BRA-0396,4.0,USD,synthetic demo reference,https://github.com/wa52/ai-customer-service/tree/main/data,Synthetic demo seed,2026-09-24,synthetic_demo,false
DEMO-RIN-0397,7.7,USD,synthetic demo reference,https://github.com/wa52/ai-customer-service/tree/main/data,Synthetic demo seed,2026-09-24,synthetic_demo,false
DEMO-NEC-0398,11.4,USD,synthetic demo reference,https://github.com/wa52/ai-customer-service/tree/main/data,Synthetic demo seed,2026-09-24,synthetic_demo,false
DEMO-EAR-0399,15.1,USD,synthetic demo reference,https://github.com/wa52/ai-customer-service/tree/main/data,Synthetic demo seed,2026-09-24,synthetic_demo,false
DEMO-BRA-0400,18.8,USD,synthetic demo reference,https://github.com/wa52/ai-customer-service/tree/main/data,Synthetic demo seed,2026-09-24,synthetic_demo,false
DEMO-RIN-0401,3.5,USD,synthetic demo reference,https://github.com/wa52/ai-customer-service/tree/main/data,Synthetic demo seed,2026-09-24,synthetic_demo,false
DEMO-NEC-0402,7.2,USD,synthetic demo reference,https://github.com/wa52/ai-customer-service/tree/main/data,Synthetic demo seed,2026-09-24,synthetic_demo,false
DEMO-EAR-0403,10.9,USD,synthetic demo reference,https://github.com/wa52/ai-customer-service/tree/main/data,Synthetic demo seed,2026-09-24,synthetic_demo,false
DEMO-BRA-0404,14.6,USD,synthetic demo reference,https://github.com/wa52/ai-customer-service/tree/main/data,Synthetic demo seed,2026-09-24,synthetic_demo,false
DEMO-RIN-0405,18.3,USD,synthetic demo reference,https://github.com/wa52/ai-customer-service/tree/main/data,Synthetic demo seed,2026-09-24,synthetic_demo,false
DEMO-NEC-0406,3.0,USD,synthetic demo reference,https://github.com/wa52/ai-customer-service/tree/main/data,Synthetic demo seed,2026-09-24,synthetic_demo,false
DEMO-EAR-0407,6.7,USD,synthetic demo reference,https://github.com/wa52/ai-customer-service/tree/main/data,Synthetic demo seed,2026-09-24,synthetic_demo,false
DEMO-BRA-0408,10.4,USD,synthetic demo reference,https://github.com/wa52/ai-customer-service/tree/main/data,Synthetic demo seed,2026-09-24,synthetic_demo,false
DEMO-RIN-0409,14.1,USD,synthetic demo reference,https://github.com/wa52/ai-customer-service/tree/main/data,Synthetic demo seed,2026-09-24,synthetic_demo,false
DEMO-NEC-0410,17.8,USD,synthetic demo reference,https://github.com/wa52/ai-customer-service/tree/main/data,Synthetic demo seed,2026-09-24,synthetic_demo,false
DEMO-EAR-0411,2.5,USD,synthetic demo reference,https://github.com/wa52/ai-customer-service/tree/main/data,Synthetic demo seed,2026-09-24,synthetic_demo,false
DEMO-BRA-0412,6.2,USD,synthetic demo reference,https://github.com/wa52/ai-customer-service/tree/main/data,Synthetic demo seed,2026-09-24,synthetic_demo,false
DEMO-RIN-0413,9.9,USD,synthetic demo reference,https://github.com/wa52/ai-customer-service/tree/main/data,Synthetic demo seed,2026-09-24,synthetic_demo,false
DEMO-NEC-0414,13.6,USD,synthetic demo reference,https://github.com/wa52/ai-customer-service/tree/main/data,Synthetic demo seed,2026-09-24,synthetic_demo,false
DEMO-EAR-0415,17.3,USD,synthetic demo reference,https://github.com/wa52/ai-customer-service/tree/main/data,Synthetic demo seed,2026-09-24,synthetic_demo,false
DEMO-BRA-0416,2.0,USD,synthetic demo reference,https://github.com/wa52/ai-customer-service/tree/main/data,Synthetic demo seed,2026-09-24,synthetic_demo,false
DEMO-RIN-0417,5.7,USD,synthetic demo reference,https://github.com/wa52/ai-customer-service/tree/main/data,Synthetic demo seed,2026-09-24,synthetic_demo,false
DEMO-NEC-0418,9.4,USD,synthetic demo reference,https://github.com/wa52/ai-customer-service/tree/main/data,Synthetic demo seed,2026-09-24,synthetic_demo,false
DEMO-EAR-0419,13.1,USD,synthetic demo reference,https://github.com/wa52/ai-customer-service/tree/main/data,Synthetic demo seed,2026-09-24,synthetic_demo,false
DEMO-BRA-0420,16.8,USD,synthetic demo reference,https://github.com/wa52/ai-customer-service/tree/main/data,Synthetic demo seed,2026-09-24,synthetic_demo,false
DEMO-RIN-0421,20.5,USD,synthetic demo reference,https://github.com/wa52/ai-customer-service/tree/main/data,Synthetic demo seed,2026-09-24,synthetic_demo,false
DEMO-NEC-0422,5.2,USD,synthetic demo reference,https://github.com/wa52/ai-customer-service/tree/main/data,Synthetic demo seed,2026-09-24,synthetic_demo,false
DEMO-EAR-0423,8.9,USD,synthetic demo reference,https://github.com/wa52/ai-customer-service/tree/main/data,Synthetic demo seed,2026-09-24,synthetic_demo,false
DEMO-BRA-0424,12.6,USD,synthetic demo reference,https://github.com/wa52/ai-customer-service/tree/main/data,Synthetic demo seed,2026-09-24,synthetic_demo,false
DEMO-RIN-0425,16.3,USD,synthetic demo reference,https://github.com/wa52/ai-customer-service/tree/main/data,Synthetic demo seed,2026-09-24,synthetic_demo,false
DEMO-NEC-0426,20.0,USD,synthetic demo reference,https://github.com/wa52/ai-customer-service/tree/main/data,Synthetic demo seed,2026-09-24,synthetic_demo,false
DEMO-EAR-0427,4.7,USD,synthetic demo reference,https://github.com/wa52/ai-customer-service/tree/main/data,Synthetic demo seed,2026-09-24,synthetic_demo,false
DEMO-BRA-0428,8.4,USD,synthetic demo reference,https://github.com/wa52/ai-customer-service/tree/main/data,Synthetic demo seed,2026-09-24,synthetic_demo,false
DEMO-RIN-0429,12.1,USD,synthetic demo reference,https://github.com/wa52/ai-customer-service/tree/main/data,Synthetic demo seed,2026-09-24,synthetic_demo,false
DEMO-NEC-0430,15.8,USD,synthetic demo reference,https://github.com/wa52/ai-customer-service/tree/main/data,Synthetic demo seed,2026-09-24,synthetic_demo,false
DEMO-EAR-0431,19.5,USD,synthetic demo reference,https://github.com/wa52/ai-customer-service/tree/main/data,Synthetic demo seed,2026-09-24,synthetic_demo,false
DEMO-BRA-0432,4.2,USD,synthetic demo reference,https://github.com/wa52/ai-customer-service/tree/main/data,Synthetic demo seed,2026-09-24,synthetic_demo,false
DEMO-RIN-0433,7.9,USD,synthetic demo reference,https://github.com/wa52/ai-customer-service/tree/main/data,Synthetic demo seed,2026-09-24,synthetic_demo,false
DEMO-NEC-0434,11.6,USD,synthetic demo reference,https://github.com/wa52/ai-customer-service/tree/main/data,Synthetic demo seed,2026-09-24,synthetic_demo,false
DEMO-EAR-0435,15.3,USD,synthetic demo reference,https://github.com/wa52/ai-customer-service/tree/main/data,Synthetic demo seed,2026-09-24,synthetic_demo,false
DEMO-BRA-0436,19.0,USD,synthetic demo reference,https://github.com/wa52/ai-customer-service/tree/main/data,Synthetic demo seed,2026-09-24,synthetic_demo,false
DEMO-RIN-0437,3.7,USD,synthetic demo reference,https://github.com/wa52/ai-customer-service/tree/main/data,Synthetic demo seed,2026-09-24,synthetic_demo,false
DEMO-NEC-0438,7.4,USD,synthetic demo reference,https://github.com/wa52/ai-customer-service/tree/main/data,Synthetic demo seed,2026-09-24,synthetic_demo,false
DEMO-EAR-0439,11.1,USD,synthetic demo reference,https://github.com/wa52/ai-customer-service/tree/main/data,Synthetic demo seed,2026-09-24,synthetic_demo,false
DEMO-BRA-0440,14.8,USD,synthetic demo reference,https://github.com/wa52/ai-customer-service/tree/main/data,Synthetic demo seed,2026-09-24,synthetic_demo,false
DEMO-RIN-0441,18.5,USD,synthetic demo reference,https://github.com/wa52/ai-customer-service/tree/main/data,Synthetic demo seed,2026-09-24,synthetic_demo,false
DEMO-NEC-0442,3.2,USD,synthetic demo reference,https://github.com/wa52/ai-customer-service/tree/main/data,Synthetic demo seed,2026-09-24,synthetic_demo,false
DEMO-EAR-0443,6.9,USD,synthetic demo reference,https://github.com/wa52/ai-customer-service/tree/main/data,Synthetic demo seed,2026-09-24,synthetic_demo,false
DEMO-BRA-0444,10.6,USD,synthetic demo reference,https://github.com/wa52/ai-customer-service/tree/main/data,Synthetic demo seed,2026-09-24,synthetic_demo,false
DEMO-RIN-0445,14.3,USD,synthetic demo reference,https://github.com/wa52/ai-customer-service/tree/main/data,Synthetic demo seed,2026-09-24,synthetic_demo,false
DEMO-NEC-0446,18.0,USD,synthetic demo reference,https://github.com/wa52/ai-customer-service/tree/main/data,Synthetic demo seed,2026-09-24,synthetic_demo,false
DEMO-EAR-0447,2.7,USD,synthetic demo reference,https://github.com/wa52/ai-customer-service/tree/main/data,Synthetic demo seed,2026-09-24,synthetic_demo,false
DEMO-BRA-0448,6.4,USD,synthetic demo reference,https://github.com/wa52/ai-customer-service/tree/main/data,Synthetic demo seed,2026-09-24,synthetic_demo,false
DEMO-RIN-0449,10.1,USD,synthetic demo reference,https://github.com/wa52/ai-customer-service/tree/main/data,Synthetic demo seed,2026-09-24,synthetic_demo,false
DEMO-NEC-0450,13.8,USD,synthetic demo reference,https://github.com/wa52/ai-customer-service/tree/main/data,Synthetic demo seed,2026-09-24,synthetic_demo,false
DEMO-EAR-0451,17.5,USD,synthetic demo reference,https://github.com/wa52/ai-customer-service/tree/main/data,Synthetic demo seed,2026-09-24,synthetic_demo,false
DEMO-BRA-0452,2.2,USD,synthetic demo reference,https://github.com/wa52/ai-customer-service/tree/main/data,Synthetic demo seed,2026-09-24,synthetic_demo,false
DEMO-RIN-0453,5.9,USD,synthetic demo reference,https://github.com/wa52/ai-customer-service/tree/main/data,Synthetic demo seed,2026-09-24,synthetic_demo,false
DEMO-NEC-0454,9.6,USD,synthetic demo reference,https://github.com/wa52/ai-customer-service/tree/main/data,Synthetic demo seed,2026-09-24,synthetic_demo,false
DEMO-EAR-0455,13.3,USD,synthetic demo reference,https://github.com/wa52/ai-customer-service/tree/main/data,Synthetic demo seed,2026-09-24,synthetic_demo,false
DEMO-BRA-0456,17.0,USD,synthetic demo reference,https://github.com/wa52/ai-customer-service/tree/main/data,Synthetic demo seed,2026-09-24,synthetic_demo,false
DEMO-RIN-0457,20.7,USD,synthetic demo reference,https://github.com/wa52/ai-customer-service/tree/main/data,Synthetic demo seed,2026-09-24,synthetic_demo,false
DEMO-NEC-0458,5.4,USD,synthetic demo reference,https://github.com/wa52/ai-customer-service/tree/main/data,Synthetic demo seed,2026-09-24,synthetic_demo,false
DEMO-EAR-0459,9.1,USD,synthetic demo reference,https://github.com/wa52/ai-customer-service/tree/main/data,Synthetic demo seed,2026-09-24,synthetic_demo,false
DEMO-BRA-0460,12.8,USD,synthetic demo reference,https://github.com/wa52/ai-customer-service/tree/main/data,Synthetic demo seed,2026-09-24,synthetic_demo,false
DEMO-RIN-0461,16.5,USD,synthetic demo reference,https://github.com/wa52/ai-customer-service/tree/main/data,Synthetic demo seed,2026-09-24,synthetic_demo,false
DEMO-NEC-0462,20.2,USD,synthetic demo reference,https://github.com/wa52/ai-customer-service/tree/main/data,Synthetic demo seed,2026-09-24,synthetic_demo,false
DEMO-EAR-0463,4.9,USD,synthetic demo reference,https://github.com/wa52/ai-customer-service/tree/main/data,Synthetic demo seed,2026-09-24,synthetic_demo,false
DEMO-BRA-0464,8.6,USD,synthetic demo reference,https://github.com/wa52/ai-customer-service/tree/main/data,Synthetic demo seed,2026-09-24,synthetic_demo,false
DEMO-RIN-0465,12.3,USD,synthetic demo reference,https://github.com/wa52/ai-customer-service/tree/main/data,Synthetic demo seed,2026-09-24,synthetic_demo,false
DEMO-NEC-0466,16.0,USD,synthetic demo reference,https://github.com/wa52/ai-customer-service/tree/main/data,Synthetic demo seed,2026-09-24,synthetic_demo,false
DEMO-EAR-0467,19.7,USD,synthetic demo reference,https://github.com/wa52/ai-customer-service/tree/main/data,Synthetic demo seed,2026-09-24,synthetic_demo,false
DEMO-BRA-0468,4.4,USD,synthetic demo reference,https://github.com/wa52/ai-customer-service/tree/main/data,Synthetic demo seed,2026-09-24,synthetic_demo,false
DEMO-RIN-0469,8.1,USD,synthetic demo reference,https://github.com/wa52/ai-customer-service/tree/main/data,Synthetic demo seed,2026-09-24,synthetic_demo,false
DEMO-NEC-0470,11.8,USD,synthetic demo reference,https://github.com/wa52/ai-customer-service/tree/main/data,Synthetic demo seed,2026-09-24,synthetic_demo,false
DEMO-EAR-0471,15.5,USD,synthetic demo reference,https://github.com/wa52/ai-customer-service/tree/main/data,Synthetic demo seed,2026-09-24,synthetic_demo,false
DEMO-BRA-0472,19.2,USD,synthetic demo reference,https://github.com/wa52/ai-customer-service/tree/main/data,Synthetic demo seed,2026-09-24,synthetic_demo,false
DEMO-RIN-0473,3.9,USD,synthetic demo reference,https://github.com/wa52/ai-customer-service/tree/main/data,Synthetic demo seed,2026-09-24,synthetic_demo,false
DEMO-NEC-0474,7.6,USD,synthetic demo reference,https://github.com/wa52/ai-customer-service/tree/main/data,Synthetic demo seed,2026-09-24,synthetic_demo,false
DEMO-EAR-0475,11.3,USD,synthetic demo reference,https://github.com/wa52/ai-customer-service/tree/main/data,Synthetic demo seed,2026-09-24,synthetic_demo,false
DEMO-BRA-0476,15.0,USD,synthetic demo reference,https://github.com/wa52/ai-customer-service/tree/main/data,Synthetic demo seed,2026-09-24,synthetic_demo,false
DEMO-RIN-0477,18.7,USD,synthetic demo reference,https://github.com/wa52/ai-customer-service/tree/main/data,Synthetic demo seed,2026-09-24,synthetic_demo,false
DEMO-NEC-0478,3.4,USD,synthetic demo reference,https://github.com/wa52/ai-customer-service/tree/main/data,Synthetic demo seed,2026-09-24,synthetic_demo,false
DEMO-EAR-0479,7.1,USD,synthetic demo reference,https://github.com/wa52/ai-customer-service/tree/main/data,Synthetic demo seed,2026-09-24,synthetic_demo,false
DEMO-BRA-0480,10.8,USD,synthetic demo reference,https://github.com/wa52/ai-customer-service/tree/main/data,Synthetic demo seed,2026-09-24,synthetic_demo,false
DEMO-RIN-0481,14.5,USD,synthetic demo reference,https://github.com/wa52/ai-customer-service/tree/main/data,Synthetic demo seed,2026-09-24,synthetic_demo,false
DEMO-NEC-0482,18.2,USD,synthetic demo reference,https://github.com/wa52/ai-customer-service/tree/main/data,Synthetic demo seed,2026-09-24,synthetic_demo,false
DEMO-EAR-0483,2.9,USD,synthetic demo reference,https://github.com/wa52/ai-customer-service/tree/main/data,Synthetic demo seed,2026-09-24,synthetic_demo,false
DEMO-BRA-0484,6.6,USD,synthetic demo reference,https://github.com/wa52/ai-customer-service/tree/main/data,Synthetic demo seed,2026-09-24,synthetic_demo,false
DEMO-RIN-0485,10.3,USD,synthetic demo reference,https://github.com/wa52/ai-customer-service/tree/main/data,Synthetic demo seed,2026-09-24,synthetic_demo,false
DEMO-NEC-0486,14.0,USD,synthetic demo reference,https://github.com/wa52/ai-customer-service/tree/main/data,Synthetic demo seed,2026-09-24,synthetic_demo,false
DEMO-EAR-0487,17.7,USD,synthetic demo reference,https://github.com/wa52/ai-customer-service/tree/main/data,Synthetic demo seed,2026-09-24,synthetic_demo,false
DEMO-BRA-0488,2.4,USD,synthetic demo reference,https://github.com/wa52/ai-customer-service/tree/main/data,Synthetic demo seed,2026-09-24,synthetic_demo,false
DEMO-RIN-0489,6.1,USD,synthetic demo reference,https://github.com/wa52/ai-customer-service/tree/main/data,Synthetic demo seed,2026-09-24,synthetic_demo,false
DEMO-NEC-0490,9.8,USD,synthetic demo reference,https://github.com/wa52/ai-customer-service/tree/main/data,Synthetic demo seed,2026-09-24,synthetic_demo,false
DEMO-EAR-0491,13.5,USD,synthetic demo reference,https://github.com/wa52/ai-customer-service/tree/main/data,Synthetic demo seed,2026-09-24,synthetic_demo,false
DEMO-BRA-0492,17.2,USD,synthetic demo reference,https://github.com/wa52/ai-customer-service/tree/main/data,Synthetic demo seed,2026-09-24,synthetic_demo,false
DEMO-RIN-0493,1.9,USD,synthetic demo reference,https://github.com/wa52/ai-customer-service/tree/main/data,Synthetic demo seed,2026-09-24,synthetic_demo,false
DEMO-NEC-0494,5.6,USD,synthetic demo reference,https://github.com/wa52/ai-customer-service/tree/main/data,Synthetic demo seed,2026-09-24,synthetic_demo,false
DEMO-EAR-0495,9.3,USD,synthetic demo reference,https://github.com/wa52/ai-customer-service/tree/main/data,Synthetic demo seed,2026-09-24,synthetic_demo,false
DEMO-BRA-0496,13.0,USD,synthetic demo reference,https://github.com/wa52/ai-customer-service/tree/main/data,Synthetic demo seed,2026-09-24,synthetic_demo,false
DEMO-RIN-0497,16.7,USD,synthetic demo reference,https://github.com/wa52/ai-customer-service/tree/main/data,Synthetic demo seed,2026-09-24,synthetic_demo,false
DEMO-NEC-0498,20.4,USD,synthetic demo reference,https://github.com/wa52/ai-customer-service/tree/main/data,Synthetic demo seed,2026-09-24,synthetic_demo,false
DEMO-EAR-0499,5.1,USD,synthetic demo reference,https://github.com/wa52/ai-customer-service/tree/main/data,Synthetic demo seed,2026-09-24,synthetic_demo,false
DEMO-BRA-0500,8.8,USD,synthetic demo reference,https://github.com/wa52/ai-customer-service/tree/main/data,Synthetic demo seed,2026-09-24,synthetic_demo,false
DEMO-RIN-0501,12.5,USD,synthetic demo reference,https://github.com/wa52/ai-customer-service/tree/main/data,Synthetic demo seed,2026-09-24,synthetic_demo,false
DEMO-NEC-0502,16.2,USD,synthetic demo reference,https://github.com/wa52/ai-customer-service/tree/main/data,Synthetic demo seed,2026-09-24,synthetic_demo,false
DEMO-EAR-0503,19.9,USD,synthetic demo reference,https://github.com/wa52/ai-customer-service/tree/main/data,Synthetic demo seed,2026-09-24,synthetic_demo,false
DEMO-BRA-0504,4.6,USD,synthetic demo reference,https://github.com/wa52/ai-customer-service/tree/main/data,Synthetic demo seed,2026-09-24,synthetic_demo,false
DEMO-RIN-0505,8.3,USD,synthetic demo reference,https://github.com/wa52/ai-customer-service/tree/main/data,Synthetic demo seed,2026-09-24,synthetic_demo,false
DEMO-NEC-0506,12.0,USD,synthetic demo reference,https://github.com/wa52/ai-customer-service/tree/main/data,Synthetic demo seed,2026-09-24,synthetic_demo,false
DEMO-EAR-0507,15.7,USD,synthetic demo reference,https://github.com/wa52/ai-customer-service/tree/main/data,Synthetic demo seed,2026-09-24,synthetic_demo,false
DEMO-BRA-0508,19.4,USD,synthetic demo reference,https://github.com/wa52/ai-customer-service/tree/main/data,Synthetic demo seed,2026-09-24,synthetic_demo,false
DEMO-RIN-0509,4.1,USD,synthetic demo reference,https://github.com/wa52/ai-customer-service/tree/main/data,Synthetic demo seed,2026-09-24,synthetic_demo,false
DEMO-NEC-0510,7.8,USD,synthetic demo reference,https://github.com/wa52/ai-customer-service/tree/main/data,Synthetic demo seed,2026-09-24,synthetic_demo,false
DEMO-EAR-0511,11.5,USD,synthetic demo reference,https://github.com/wa52/ai-customer-service/tree/main/data,Synthetic demo seed,2026-09-24,synthetic_demo,false
DEMO-BRA-0512,15.2,USD,synthetic demo reference,https://github.com/wa52/ai-customer-service/tree/main/data,Synthetic demo seed,2026-09-24,synthetic_demo,false
DEMO-RIN-0513,18.9,USD,synthetic demo reference,https://github.com/wa52/ai-customer-service/tree/main/data,Synthetic demo seed,2026-09-24,synthetic_demo,false
DEMO-NEC-0514,3.6,USD,synthetic demo reference,https://github.com/wa52/ai-customer-service/tree/main/data,Synthetic demo seed,2026-09-24,synthetic_demo,false
DEMO-EAR-0515,7.3,USD,synthetic demo reference,https://github.com/wa52/ai-customer-service/tree/main/data,Synthetic demo seed,2026-09-24,synthetic_demo,false
DEMO-BRA-0516,11.0,USD,synthetic demo reference,https://github.com/wa52/ai-customer-service/tree/main/data,Synthetic demo seed,2026-09-24,synthetic_demo,false
DEMO-RIN-0517,14.7,USD,synthetic demo reference,https://github.com/wa52/ai-customer-service/tree/main/data,Synthetic demo seed,2026-09-24,synthetic_demo,false
DEMO-NEC-0518,18.4,USD,synthetic demo reference,https://github.com/wa52/ai-customer-service/tree/main/data,Synthetic demo seed,2026-09-24,synthetic_demo,false
DEMO-EAR-0519,3.1,USD,synthetic demo reference,https://github.com/wa52/ai-customer-service/tree/main/data,Synthetic demo seed,2026-09-24,synthetic_demo,false
DEMO-BRA-0520,6.8,USD,synthetic demo reference,https://github.com/wa52/ai-customer-service/tree/main/data,Synthetic demo seed,2026-09-24,synthetic_demo,false
DEMO-RIN-0521,10.5,USD,synthetic demo reference,https://github.com/wa52/ai-customer-service/tree/main/data,Synthetic demo seed,2026-09-24,synthetic_demo,false
DEMO-NEC-0522,14.2,USD,synthetic demo reference,https://github.com/wa52/ai-customer-service/tree/main/data,Synthetic demo seed,2026-09-24,synthetic_demo,false
DEMO-EAR-0523,17.9,USD,synthetic demo reference,https://github.com/wa52/ai-customer-service/tree/main/data,Synthetic demo seed,2026-09-24,synthetic_demo,false
DEMO-BRA-0524,2.6,USD,synthetic demo reference,https://github.com/wa52/ai-customer-service/tree/main/data,Synthetic demo seed,2026-09-24,synthetic_demo,false
DEMO-RIN-0525,6.3,USD,synthetic demo reference,https://github.com/wa52/ai-customer-service/tree/main/data,Synthetic demo seed,2026-09-24,synthetic_demo,false
DEMO-NEC-0526,10.0,USD,synthetic demo reference,https://github.com/wa52/ai-customer-service/tree/main/data,Synthetic demo seed,2026-09-24,synthetic_demo,false
DEMO-EAR-0527,13.7,USD,synthetic demo reference,https://github.com/wa52/ai-customer-service/tree/main/data,Synthetic demo seed,2026-09-24,synthetic_demo,false
DEMO-BRA-0528,17.4,USD,synthetic demo reference,https://github.com/wa52/ai-customer-service/tree/main/data,Synthetic demo seed,2026-09-24,synthetic_demo,false
DEMO-RIN-0529,2.1,USD,synthetic demo reference,https://github.com/wa52/ai-customer-service/tree/main/data,Synthetic demo seed,2026-09-24,synthetic_demo,false
DEMO-NEC-0530,5.8,USD,synthetic demo reference,https://github.com/wa52/ai-customer-service/tree/main/data,Synthetic demo seed,2026-09-24,synthetic_demo,false
DEMO-EAR-0531,9.5,USD,synthetic demo reference,https://github.com/wa52/ai-customer-service/tree/main/data,Synthetic demo seed,2026-09-24,synthetic_demo,false
DEMO-BRA-0532,13.2,USD,synthetic demo reference,https://github.com/wa52/ai-customer-service/tree/main/data,Synthetic demo seed,2026-09-24,synthetic_demo,false
DEMO-RIN-0533,16.9,USD,synthetic demo reference,https://github.com/wa52/ai-customer-service/tree/main/data,Synthetic demo seed,2026-09-24,synthetic_demo,false
DEMO-NEC-0534,20.6,USD,synthetic demo reference,https://github.com/wa52/ai-customer-service/tree/main/data,Synthetic demo seed,2026-09-24,synthetic_demo,false
DEMO-EAR-0535,5.3,USD,synthetic demo reference,https://github.com/wa52/ai-customer-service/tree/main/data,Synthetic demo seed,2026-09-24,synthetic_demo,false
DEMO-BRA-0536,9.0,USD,synthetic demo reference,https://github.com/wa52/ai-customer-service/tree/main/data,Synthetic demo seed,2026-09-24,synthetic_demo,false
DEMO-RIN-0537,12.7,USD,synthetic demo reference,https://github.com/wa52/ai-customer-service/tree/main/data,Synthetic demo seed,2026-09-24,synthetic_demo,false
DEMO-NEC-0538,16.4,USD,synthetic demo reference,https://github.com/wa52/ai-customer-service/tree/main/data,Synthetic demo seed,2026-09-24,synthetic_demo,false
DEMO-EAR-0539,20.1,USD,synthetic demo reference,https://github.com/wa52/ai-customer-service/tree/main/data,Synthetic demo seed,2026-09-24,synthetic_demo,false
DEMO-BRA-0540,4.8,USD,synthetic demo reference,https://github.com/wa52/ai-customer-service/tree/main/data,Synthetic demo seed,2026-09-24,synthetic_demo,false
DEMO-RIN-0541,8.5,USD,synthetic demo reference,https://github.com/wa52/ai-customer-service/tree/main/data,Synthetic demo seed,2026-09-24,synthetic_demo,false
DEMO-NEC-0542,12.2,USD,synthetic demo reference,https://github.com/wa52/ai-customer-service/tree/main/data,Synthetic demo seed,2026-09-24,synthetic_demo,false
DEMO-EAR-0543,15.9,USD,synthetic demo reference,https://github.com/wa52/ai-customer-service/tree/main/data,Synthetic demo seed,2026-09-24,synthetic_demo,false
DEMO-BRA-0544,19.6,USD,synthetic demo reference,https://github.com/wa52/ai-customer-service/tree/main/data,Synthetic demo seed,2026-09-24,synthetic_demo,false
DEMO-RIN-0545,4.3,USD,synthetic demo reference,https://github.com/wa52/ai-customer-service/tree/main/data,Synthetic demo seed,2026-09-24,synthetic_demo,false
DEMO-NEC-0546,8.0,USD,synthetic demo reference,https://github.com/wa52/ai-customer-service/tree/main/data,Synthetic demo seed,2026-09-24,synthetic_demo,false
DEMO-EAR-0547,11.7,USD,synthetic demo reference,https://github.com/wa52/ai-customer-service/tree/main/data,Synthetic demo seed,2026-09-24,synthetic_demo,false
DEMO-BRA-0548,15.4,USD,synthetic demo reference,https://github.com/wa52/ai-customer-service/tree/main/data,Synthetic demo seed,2026-09-24,synthetic_demo,false
DEMO-RIN-0549,19.1,USD,synthetic demo reference,https://github.com/wa52/ai-customer-service/tree/main/data,Synthetic demo seed,2026-09-24,synthetic_demo,false
DEMO-NEC-0550,3.8,USD,synthetic demo reference,https://github.com/wa52/ai-customer-service/tree/main/data,Synthetic demo seed,2026-09-24,synthetic_demo,false
DEMO-EAR-0551,7.5,USD,synthetic demo reference,https://github.com/wa52/ai-customer-service/tree/main/data,Synthetic demo seed,2026-09-24,synthetic_demo,false
DEMO-BRA-0552,11.2,USD,synthetic demo reference,https://github.com/wa52/ai-customer-service/tree/main/data,Synthetic demo seed,2026-09-24,synthetic_demo,false
DEMO-RIN-0553,14.9,USD,synthetic demo reference,https://github.com/wa52/ai-customer-service/tree/main/data,Synthetic demo seed,2026-09-24,synthetic_demo,false
DEMO-NEC-0554,18.6,USD,synthetic demo reference,https://github.com/wa52/ai-customer-service/tree/main/data,Synthetic demo seed,2026-09-24,synthetic_demo,false
DEMO-EAR-0555,3.3,USD,synthetic demo reference,https://github.com/wa52/ai-customer-service/tree/main/data,Synthetic demo seed,2026-09-24,synthetic_demo,false
DEMO-BRA-0556,7.0,USD,synthetic demo reference,https://github.com/wa52/ai-customer-service/tree/main/data,Synthetic demo seed,2026-09-24,synthetic_demo,false
DEMO-RIN-0557,10.7,USD,synthetic demo reference,https://github.com/wa52/ai-customer-service/tree/main/data,Synthetic demo seed,2026-09-24,synthetic_demo,false
DEMO-NEC-0558,14.4,USD,synthetic demo reference,https://github.com/wa52/ai-customer-service/tree/main/data,Synthetic demo seed,2026-09-24,synthetic_demo,false
DEMO-EAR-0559,18.1,USD,synthetic demo reference,https://github.com/wa52/ai-customer-service/tree/main/data,Synthetic demo seed,2026-09-24,synthetic_demo,false
DEMO-BRA-0560,2.8,USD,synthetic demo reference,https://github.com/wa52/ai-customer-service/tree/main/data,Synthetic demo seed,2026-09-24,synthetic_demo,false
DEMO-RIN-0561,6.5,USD,synthetic demo reference,https://github.com/wa52/ai-customer-service/tree/main/data,Synthetic demo seed,2026-09-24,synthetic_demo,false
DEMO-NEC-0562,10.2,USD,synthetic demo reference,https://github.com/wa52/ai-customer-service/tree/main/data,Synthetic demo seed,2026-09-24,synthetic_demo,false
DEMO-EAR-0563,13.9,USD,synthetic demo reference,https://github.com/wa52/ai-customer-service/tree/main/data,Synthetic demo seed,2026-09-24,synthetic_demo,false
DEMO-BRA-0564,17.6,USD,synthetic demo reference,https://github.com/wa52/ai-customer-service/tree/main/data,Synthetic demo seed,2026-09-24,synthetic_demo,false
DEMO-RIN-0565,2.3,USD,synthetic demo reference,https://github.com/wa52/ai-customer-service/tree/main/data,Synthetic demo seed,2026-09-24,synthetic_demo,false
DEMO-NEC-0566,6.0,USD,synthetic demo reference,https://github.com/wa52/ai-customer-service/tree/main/data,Synthetic demo seed,2026-09-24,synthetic_demo,false
DEMO-EAR-0567,9.7,USD,synthetic demo reference,https://github.com/wa52/ai-customer-service/tree/main/data,Synthetic demo seed,2026-09-24,synthetic_demo,false
DEMO-BRA-0568,13.4,USD,synthetic demo reference,https://github.com/wa52/ai-customer-service/tree/main/data,Synthetic demo seed,2026-09-24,synthetic_demo,false
DEMO-RIN-0569,17.1,USD,synthetic demo reference,https://github.com/wa52/ai-customer-service/tree/main/data,Synthetic demo seed,2026-09-24,synthetic_demo,false
DEMO-NEC-0570,1.8,USD,synthetic demo reference,https://github.com/wa52/ai-customer-service/tree/main/data,Synthetic demo seed,2026-09-24,synthetic_demo,false
DEMO-EAR-0571,5.5,USD,synthetic demo reference,https://github.com/wa52/ai-customer-service/tree/main/data,Synthetic demo seed,2026-09-24,synthetic_demo,false
DEMO-BRA-0572,9.2,USD,synthetic demo reference,https://github.com/wa52/ai-customer-service/tree/main/data,Synthetic demo seed,2026-09-24,synthetic_demo,false
DEMO-RIN-0573,12.9,USD,synthetic demo reference,https://github.com/wa52/ai-customer-service/tree/main/data,Synthetic demo seed,2026-09-24,synthetic_demo,false
DEMO-NEC-0574,16.6,USD,synthetic demo reference,https://github.com/wa52/ai-customer-service/tree/main/data,Synthetic demo seed,2026-09-24,synthetic_demo,false
DEMO-EAR-0575,20.3,USD,synthetic demo reference,https://github.com/wa52/ai-customer-service/tree/main/data,Synthetic demo seed,2026-09-24,synthetic_demo,false
DEMO-BRA-0576,5.0,USD,synthetic demo reference,https://github.com/wa52/ai-customer-service/tree/main/data,Synthetic demo seed,2026-09-24,synthetic_demo,false
DEMO-RIN-0577,8.7,USD,synthetic demo reference,https://github.com/wa52/ai-customer-service/tree/main/data,Synthetic demo seed,2026-09-24,synthetic_demo,false
DEMO-NEC-0578,12.4,USD,synthetic demo reference,https://github.com/wa52/ai-customer-service/tree/main/data,Synthetic demo seed,2026-09-24,synthetic_demo,false
DEMO-EAR-0579,16.1,USD,synthetic demo reference,https://github.com/wa52/ai-customer-service/tree/main/data,Synthetic demo seed,2026-09-24,synthetic_demo,false
DEMO-BRA-0580,19.8,USD,synthetic demo reference,https://github.com/wa52/ai-customer-service/tree/main/data,Synthetic demo seed,2026-09-24,synthetic_demo,false
DEMO-RIN-0581,4.5,USD,synthetic demo reference,https://github.com/wa52/ai-customer-service/tree/main/data,Synthetic demo seed,2026-09-24,synthetic_demo,false
DEMO-NEC-0582,8.2,USD,synthetic demo reference,https://github.com/wa52/ai-customer-service/tree/main/data,Synthetic demo seed,2026-09-24,synthetic_demo,false
DEMO-EAR-0583,11.9,USD,synthetic demo reference,https://github.com/wa52/ai-customer-service/tree/main/data,Synthetic demo seed,2026-09-24,synthetic_demo,false
DEMO-BRA-0584,15.6,USD,synthetic demo reference,https://github.com/wa52/ai-customer-service/tree/main/data,Synthetic demo seed,2026-09-24,synthetic_demo,false
DEMO-RIN-0585,19.3,USD,synthetic demo reference,https://github.com/wa52/ai-customer-service/tree/main/data,Synthetic demo seed,2026-09-24,synthetic_demo,false
DEMO-NEC-0586,4.0,USD,synthetic demo reference,https://github.com/wa52/ai-customer-service/tree/main/data,Synthetic demo seed,2026-09-24,synthetic_demo,false
DEMO-EAR-0587,7.7,USD,synthetic demo reference,https://github.com/wa52/ai-customer-service/tree/main/data,Synthetic demo seed,2026-09-24,synthetic_demo,false
DEMO-BRA-0588,11.4,USD,synthetic demo reference,https://github.com/wa52/ai-customer-service/tree/main/data,Synthetic demo seed,2026-09-24,synthetic_demo,false
DEMO-RIN-0589,15.1,USD,synthetic demo reference,https://github.com/wa52/ai-customer-service/tree/main/data,Synthetic demo seed,2026-09-24,synthetic_demo,false
DEMO-NEC-0590,18.8,USD,synthetic demo reference,https://github.com/wa52/ai-customer-service/tree/main/data,Synthetic demo seed,2026-09-24,synthetic_demo,false
DEMO-EAR-0591,3.5,USD,synthetic demo reference,https://github.com/wa52/ai-customer-service/tree/main/data,Synthetic demo seed,2026-09-24,synthetic_demo,false
DEMO-BRA-0592,7.2,USD,synthetic demo reference,https://github.com/wa52/ai-customer-service/tree/main/data,Synthetic demo seed,2026-09-24,synthetic_demo,false
DEMO-RIN-0593,10.9,USD,synthetic demo reference,https://github.com/wa52/ai-customer-service/tree/main/data,Synthetic demo seed,2026-09-24,synthetic_demo,false
DEMO-NEC-0594,14.6,USD,synthetic demo reference,https://github.com/wa52/ai-customer-service/tree/main/data,Synthetic demo seed,2026-09-24,synthetic_demo,false
DEMO-EAR-0595,18.3,USD,synthetic demo reference,https://github.com/wa52/ai-customer-service/tree/main/data,Synthetic demo seed,2026-09-24,synthetic_demo,false
DEMO-BRA-0596,3.0,USD,synthetic demo reference,https://github.com/wa52/ai-customer-service/tree/main/data,Synthetic demo seed,2026-09-24,synthetic_demo,false
DEMO-RIN-0597,6.7,USD,synthetic demo reference,https://github.com/wa52/ai-customer-service/tree/main/data,Synthetic demo seed,2026-09-24,synthetic_demo,false
DEMO-NEC-0598,10.4,USD,synthetic demo reference,https://github.com/wa52/ai-customer-service/tree/main/data,Synthetic demo seed,2026-09-24,synthetic_demo,false
DEMO-EAR-0599,14.1,USD,synthetic demo reference,https://github.com/wa52/ai-customer-service/tree/main/data,Synthetic demo seed,2026-09-24,synthetic_demo,false
DEMO-BRA-0600,17.8,USD,synthetic demo reference,https://github.com/wa52/ai-customer-service/tree/main/data,Synthetic demo seed,2026-09-24,synthetic_demo,false
DEMO-RIN-0601,2.5,USD,synthetic demo reference,https://github.com/wa52/ai-customer-service/tree/main/data,Synthetic demo seed,2026-09-24,synthetic_demo,false
DEMO-NEC-0602,6.2,USD,synthetic demo reference,https://github.com/wa52/ai-customer-service/tree/main/data,Synthetic demo seed,2026-09-24,synthetic_demo,false
DEMO-EAR-0603,9.9,USD,synthetic demo reference,https://github.com/wa52/ai-customer-service/tree/main/data,Synthetic demo seed,2026-09-24,synthetic_demo,false
DEMO-BRA-0604,13.6,USD,synthetic demo reference,https://github.com/wa52/ai-customer-service/tree/main/data,Synthetic demo seed,2026-09-24,synthetic_demo,false
DEMO-RIN-0605,17.3,USD,synthetic demo reference,https://github.com/wa52/ai-customer-service/tree/main/data,Synthetic demo seed,2026-09-24,synthetic_demo,false
DEMO-NEC-0606,2.0,USD,synthetic demo reference,https://github.com/wa52/ai-customer-service/tree/main/data,Synthetic demo seed,2026-09-24,synthetic_demo,false
DEMO-EAR-0607,5.7,USD,synthetic demo reference,https://github.com/wa52/ai-customer-service/tree/main/data,Synthetic demo seed,2026-09-24,synthetic_demo,false
DEMO-BRA-0608,9.4,USD,synthetic demo reference,https://github.com/wa52/ai-customer-service/tree/main/data,Synthetic demo seed,2026-09-24,synthetic_demo,false
DEMO-RIN-0609,13.1,USD,synthetic demo reference,https://github.com/wa52/ai-customer-service/tree/main/data,Synthetic demo seed,2026-09-24,synthetic_demo,false
DEMO-NEC-0610,16.8,USD,synthetic demo reference,https://github.com/wa52/ai-customer-service/tree/main/data,Synthetic demo seed,2026-09-24,synthetic_demo,false
DEMO-EAR-0611,20.5,USD,synthetic demo reference,https://github.com/wa52/ai-customer-service/tree/main/data,Synthetic demo seed,2026-09-24,synthetic_demo,false
DEMO-BRA-0612,5.2,USD,synthetic demo reference,https://github.com/wa52/ai-customer-service/tree/main/data,Synthetic demo seed,2026-09-24,synthetic_demo,false
DEMO-RIN-0613,8.9,USD,synthetic demo reference,https://github.com/wa52/ai-customer-service/tree/main/data,Synthetic demo seed,2026-09-24,synthetic_demo,false
DEMO-NEC-0614,12.6,USD,synthetic demo reference,https://github.com/wa52/ai-customer-service/tree/main/data,Synthetic demo seed,2026-09-24,synthetic_demo,false
DEMO-EAR-0615,16.3,USD,synthetic demo reference,https://github.com/wa52/ai-customer-service/tree/main/data,Synthetic demo seed,2026-09-24,synthetic_demo,false
DEMO-BRA-0616,20.0,USD,synthetic demo reference,https://github.com/wa52/ai-customer-service/tree/main/data,Synthetic demo seed,2026-09-24,synthetic_demo,false
DEMO-RIN-0617,4.7,USD,synthetic demo reference,https://github.com/wa52/ai-customer-service/tree/main/data,Synthetic demo seed,2026-09-24,synthetic_demo,false
DEMO-NEC-0618,8.4,USD,synthetic demo reference,https://github.com/wa52/ai-customer-service/tree/main/data,Synthetic demo seed,2026-09-24,synthetic_demo,false
DEMO-EAR-0619,12.1,USD,synthetic demo reference,https://github.com/wa52/ai-customer-service/tree/main/data,Synthetic demo seed,2026-09-24,synthetic_demo,false
DEMO-BRA-0620,15.8,USD,synthetic demo reference,https://github.com/wa52/ai-customer-service/tree/main/data,Synthetic demo seed,2026-09-24,synthetic_demo,false
DEMO-RIN-0621,19.5,USD,synthetic demo reference,https://github.com/wa52/ai-customer-service/tree/main/data,Synthetic demo seed,2026-09-24,synthetic_demo,false
DEMO-NEC-0622,4.2,USD,synthetic demo reference,https://github.com/wa52/ai-customer-service/tree/main/data,Synthetic demo seed,2026-09-24,synthetic_demo,false
DEMO-EAR-0623,7.9,USD,synthetic demo reference,https://github.com/wa52/ai-customer-service/tree/main/data,Synthetic demo seed,2026-09-24,synthetic_demo,false
DEMO-BRA-0624,11.6,USD,synthetic demo reference,https://github.com/wa52/ai-customer-service/tree/main/data,Synthetic demo seed,2026-09-24,synthetic_demo,false
DEMO-RIN-0625,15.3,USD,synthetic demo reference,https://github.com/wa52/ai-customer-service/tree/main/data,Synthetic demo seed,2026-09-24,synthetic_demo,false
DEMO-NEC-0626,19.0,USD,synthetic demo reference,https://github.com/wa52/ai-customer-service/tree/main/data,Synthetic demo seed,2026-09-24,synthetic_demo,false
DEMO-EAR-0627,3.7,USD,synthetic demo reference,https://github.com/wa52/ai-customer-service/tree/main/data,Synthetic demo seed,2026-09-24,synthetic_demo,false
DEMO-BRA-0628,7.4,USD,synthetic demo reference,https://github.com/wa52/ai-customer-service/tree/main/data,Synthetic demo seed,2026-09-24,synthetic_demo,false
DEMO-RIN-0629,11.1,USD,synthetic demo reference,https://github.com/wa52/ai-customer-service/tree/main/data,Synthetic demo seed,2026-09-24,synthetic_demo,false
DEMO-NEC-0630,14.8,USD,synthetic demo reference,https://github.com/wa52/ai-customer-service/tree/main/data,Synthetic demo seed,2026-09-24,synthetic_demo,false
DEMO-EAR-0631,18.5,USD,synthetic demo reference,https://github.com/wa52/ai-customer-service/tree/main/data,Synthetic demo seed,2026-09-24,synthetic_demo,false
DEMO-BRA-0632,3.2,USD,synthetic demo reference,https://github.com/wa52/ai-customer-service/tree/main/data,Synthetic demo seed,2026-09-24,synthetic_demo,false
DEMO-RIN-0633,6.9,USD,synthetic demo reference,https://github.com/wa52/ai-customer-service/tree/main/data,Synthetic demo seed,2026-09-24,synthetic_demo,false
DEMO-NEC-0634,10.6,USD,synthetic demo reference,https://github.com/wa52/ai-customer-service/tree/main/data,Synthetic demo seed,2026-09-24,synthetic_demo,false
DEMO-EAR-0635,14.3,USD,synthetic demo reference,https://github.com/wa52/ai-customer-service/tree/main/data,Synthetic demo seed,2026-09-24,synthetic_demo,false
DEMO-BRA-0636,18.0,USD,synthetic demo reference,https://github.com/wa52/ai-customer-service/tree/main/data,Synthetic demo seed,2026-09-24,synthetic_demo,false
DEMO-RIN-0637,2.7,USD,synthetic demo reference,https://github.com/wa52/ai-customer-service/tree/main/data,Synthetic demo seed,2026-09-24,synthetic_demo,false
DEMO-NEC-0638,6.4,USD,synthetic demo reference,https://github.com/wa52/ai-customer-service/tree/main/data,Synthetic demo seed,2026-09-24,synthetic_demo,false
DEMO-EAR-0639,10.1,USD,synthetic demo reference,https://github.com/wa52/ai-customer-service/tree/main/data,Synthetic demo seed,2026-09-24,synthetic_demo,false
DEMO-BRA-0640,13.8,USD,synthetic demo reference,https://github.com/wa52/ai-customer-service/tree/main/data,Synthetic demo seed,2026-09-24,synthetic_demo,false
DEMO-RIN-0641,17.5,USD,synthetic demo reference,https://github.com/wa52/ai-customer-service/tree/main/data,Synthetic demo seed,2026-09-24,synthetic_demo,false
DEMO-NEC-0642,2.2,USD,synthetic demo reference,https://github.com/wa52/ai-customer-service/tree/main/data,Synthetic demo seed,2026-09-24,synthetic_demo,false
DEMO-EAR-0643,5.9,USD,synthetic demo reference,https://github.com/wa52/ai-customer-service/tree/main/data,Synthetic demo seed,2026-09-24,synthetic_demo,false
DEMO-BRA-0644,9.6,USD,synthetic demo reference,https://github.com/wa52/ai-customer-service/tree/main/data,Synthetic demo seed,2026-09-24,synthetic_demo,false
DEMO-RIN-0645,13.3,USD,synthetic demo reference,https://github.com/wa52/ai-customer-service/tree/main/data,Synthetic demo seed,2026-09-24,synthetic_demo,false
DEMO-NEC-0646,17.0,USD,synthetic demo reference,https://github.com/wa52/ai-customer-service/tree/main/data,Synthetic demo seed,2026-09-24,synthetic_demo,false
DEMO-EAR-0647,20.7,USD,synthetic demo reference,https://github.com/wa52/ai-customer-service/tree/main/data,Synthetic demo seed,2026-09-24,synthetic_demo,false
DEMO-BRA-0648,5.4,USD,synthetic demo reference,https://github.com/wa52/ai-customer-service/tree/main/data,Synthetic demo seed,2026-09-24,synthetic_demo,false
DEMO-RIN-0649,9.1,USD,synthetic demo reference,https://github.com/wa52/ai-customer-service/tree/main/data,Synthetic demo seed,2026-09-24,synthetic_demo,false
DEMO-NEC-0650,12.8,USD,synthetic demo reference,https://github.com/wa52/ai-customer-service/tree/main/data,Synthetic demo seed,2026-09-24,synthetic_demo,false
DEMO-EAR-0651,16.5,USD,synthetic demo reference,https://github.com/wa52/ai-customer-service/tree/main/data,Synthetic demo seed,2026-09-24,synthetic_demo,false
DEMO-BRA-0652,20.2,USD,synthetic demo reference,https://github.com/wa52/ai-customer-service/tree/main/data,Synthetic demo seed,2026-09-24,synthetic_demo,false
DEMO-RIN-0653,4.9,USD,synthetic demo reference,https://github.com/wa52/ai-customer-service/tree/main/data,Synthetic demo seed,2026-09-24,synthetic_demo,false
DEMO-NEC-0654,8.6,USD,synthetic demo reference,https://github.com/wa52/ai-customer-service/tree/main/data,Synthetic demo seed,2026-09-24,synthetic_demo,false
DEMO-EAR-0655,12.3,USD,synthetic demo reference,https://github.com/wa52/ai-customer-service/tree/main/data,Synthetic demo seed,2026-09-24,synthetic_demo,false
DEMO-BRA-0656,16.0,USD,synthetic demo reference,https://github.com/wa52/ai-customer-service/tree/main/data,Synthetic demo seed,2026-09-24,synthetic_demo,false
DEMO-RIN-0657,19.7,USD,synthetic demo reference,https://github.com/wa52/ai-customer-service/tree/main/data,Synthetic demo seed,2026-09-24,synthetic_demo,false
DEMO-NEC-0658,4.4,USD,synthetic demo reference,https://github.com/wa52/ai-customer-service/tree/main/data,Synthetic demo seed,2026-09-24,synthetic_demo,false
DEMO-EAR-0659,8.1,USD,synthetic demo reference,https://github.com/wa52/ai-customer-service/tree/main/data,Synthetic demo seed,2026-09-24,synthetic_demo,false
DEMO-BRA-0660,11.8,USD,synthetic demo reference,https://github.com/wa52/ai-customer-service/tree/main/data,Synthetic demo seed,2026-09-24,synthetic_demo,false
DEMO-RIN-0661,15.5,USD,synthetic demo reference,https://github.com/wa52/ai-customer-service/tree/main/data,Synthetic demo seed,2026-09-24,synthetic_demo,false
DEMO-NEC-0662,19.2,USD,synthetic demo reference,https://github.com/wa52/ai-customer-service/tree/main/data,Synthetic demo seed,2026-09-24,synthetic_demo,false
DEMO-EAR-0663,3.9,USD,synthetic demo reference,https://github.com/wa52/ai-customer-service/tree/main/data,Synthetic demo seed,2026-09-24,synthetic_demo,false
DEMO-BRA-0664,7.6,USD,synthetic demo reference,https://github.com/wa52/ai-customer-service/tree/main/data,Synthetic demo seed,2026-09-24,synthetic_demo,false
DEMO-RIN-0665,11.3,USD,synthetic demo reference,https://github.com/wa52/ai-customer-service/tree/main/data,Synthetic demo seed,2026-09-24,synthetic_demo,false
DEMO-NEC-0666,15.0,USD,synthetic demo reference,https://github.com/wa52/ai-customer-service/tree/main/data,Synthetic demo seed,2026-09-24,synthetic_demo,false
DEMO-EAR-0667,18.7,USD,synthetic demo reference,https://github.com/wa52/ai-customer-service/tree/main/data,Synthetic demo seed,2026-09-24,synthetic_demo,false
DEMO-BRA-0668,3.4,USD,synthetic demo reference,https://github.com/wa52/ai-customer-service/tree/main/data,Synthetic demo seed,2026-09-24,synthetic_demo,false
DEMO-RIN-0669,7.1,USD,synthetic demo reference,https://github.com/wa52/ai-customer-service/tree/main/data,Synthetic demo seed,2026-09-24,synthetic_demo,false
DEMO-NEC-0670,10.8,USD,synthetic demo reference,https://github.com/wa52/ai-customer-service/tree/main/data,Synthetic demo seed,2026-09-24,synthetic_demo,false
DEMO-EAR-0671,14.5,USD,synthetic demo reference,https://github.com/wa52/ai-customer-service/tree/main/data,Synthetic demo seed,2026-09-24,synthetic_demo,false
DEMO-BRA-0672,18.2,USD,synthetic demo reference,https://github.com/wa52/ai-customer-service/tree/main/data,Synthetic demo seed,2026-09-24,synthetic_demo,false
DEMO-RIN-0673,2.9,USD,synthetic demo reference,https://github.com/wa52/ai-customer-service/tree/main/data,Synthetic demo seed,2026-09-24,synthetic_demo,false
DEMO-NEC-0674,6.6,USD,synthetic demo reference,https://github.com/wa52/ai-customer-service/tree/main/data,Synthetic demo seed,2026-09-24,synthetic_demo,false
DEMO-EAR-0675,10.3,USD,synthetic demo reference,https://github.com/wa52/ai-customer-service/tree/main/data,Synthetic demo seed,2026-09-24,synthetic_demo,false
DEMO-BRA-0676,14.0,USD,synthetic demo reference,https://github.com/wa52/ai-customer-service/tree/main/data,Synthetic demo seed,2026-09-24,synthetic_demo,false
DEMO-RIN-0677,17.7,USD,synthetic demo reference,https://github.com/wa52/ai-customer-service/tree/main/data,Synthetic demo seed,2026-09-24,synthetic_demo,false
DEMO-NEC-0678,2.4,USD,synthetic demo reference,https://github.com/wa52/ai-customer-service/tree/main/data,Synthetic demo seed,2026-09-24,synthetic_demo,false
DEMO-EAR-0679,6.1,USD,synthetic demo reference,https://github.com/wa52/ai-customer-service/tree/main/data,Synthetic demo seed,2026-09-24,synthetic_demo,false
DEMO-BRA-0680,9.8,USD,synthetic demo reference,https://github.com/wa52/ai-customer-service/tree/main/data,Synthetic demo seed,2026-09-24,synthetic_demo,false
DEMO-RIN-0681,13.5,USD,synthetic demo reference,https://github.com/wa52/ai-customer-service/tree/main/data,Synthetic demo seed,2026-09-24,synthetic_demo,false
DEMO-NEC-0682,17.2,USD,synthetic demo reference,https://github.com/wa52/ai-customer-service/tree/main/data,Synthetic demo seed,2026-09-24,synthetic_demo,false
DEMO-EAR-0683,1.9,USD,synthetic demo reference,https://github.com/wa52/ai-customer-service/tree/main/data,Synthetic demo seed,2026-09-24,synthetic_demo,false
DEMO-BRA-0684,5.6,USD,synthetic demo reference,https://github.com/wa52/ai-customer-service/tree/main/data,Synthetic demo seed,2026-09-24,synthetic_demo,false
DEMO-RIN-0685,9.3,USD,synthetic demo reference,https://github.com/wa52/ai-customer-service/tree/main/data,Synthetic demo seed,2026-09-24,synthetic_demo,false
DEMO-NEC-0686,13.0,USD,synthetic demo reference,https://github.com/wa52/ai-customer-service/tree/main/data,Synthetic demo seed,2026-09-24,synthetic_demo,false
DEMO-EAR-0687,16.7,USD,synthetic demo reference,https://github.com/wa52/ai-customer-service/tree/main/data,Synthetic demo seed,2026-09-24,synthetic_demo,false
DEMO-BRA-0688,20.4,USD,synthetic demo reference,https://github.com/wa52/ai-customer-service/tree/main/data,Synthetic demo seed,2026-09-24,synthetic_demo,false
DEMO-RIN-0689,5.1,USD,synthetic demo reference,https://github.com/wa52/ai-customer-service/tree/main/data,Synthetic demo seed,2026-09-24,synthetic_demo,false
DEMO-NEC-0690,8.8,USD,synthetic demo reference,https://github.com/wa52/ai-customer-service/tree/main/data,Synthetic demo seed,2026-09-24,synthetic_demo,false
DEMO-EAR-0691,12.5,USD,synthetic demo reference,https://github.com/wa52/ai-customer-service/tree/main/data,Synthetic demo seed,2026-09-24,synthetic_demo,false
DEMO-BRA-0692,16.2,USD,synthetic demo reference,https://github.com/wa52/ai-customer-service/tree/main/data,Synthetic demo seed,2026-09-24,synthetic_demo,false
DEMO-RIN-0693,19.9,USD,synthetic demo reference,https://github.com/wa52/ai-customer-service/tree/main/data,Synthetic demo seed,2026-09-24,synthetic_demo,false
DEMO-NEC-0694,4.6,USD,synthetic demo reference,https://github.com/wa52/ai-customer-service/tree/main/data,Synthetic demo seed,2026-09-24,synthetic_demo,false
DEMO-EAR-0695,8.3,USD,synthetic demo reference,https://github.com/wa52/ai-customer-service/tree/main/data,Synthetic demo seed,2026-09-24,synthetic_demo,false
DEMO-BRA-0696,12.0,USD,synthetic demo reference,https://github.com/wa52/ai-customer-service/tree/main/data,Synthetic demo seed,2026-09-24,synthetic_demo,false
DEMO-RIN-0697,15.7,USD,synthetic demo reference,https://github.com/wa52/ai-customer-service/tree/main/data,Synthetic demo seed,2026-09-24,synthetic_demo,false
DEMO-NEC-0698,19.4,USD,synthetic demo reference,https://github.com/wa52/ai-customer-service/tree/main/data,Synthetic demo seed,2026-09-24,synthetic_demo,false
DEMO-EAR-0699,4.1,USD,synthetic demo reference,https://github.com/wa52/ai-customer-service/tree/main/data,Synthetic demo seed,2026-09-24,synthetic_demo,false
DEMO-BRA-0700,7.8,USD,synthetic demo reference,https://github.com/wa52/ai-customer-service/tree/main/data,Synthetic demo seed,2026-09-24,synthetic_demo,false
DEMO-RIN-0701,11.5,USD,synthetic demo reference,https://github.com/wa52/ai-customer-service/tree/main/data,Synthetic demo seed,2026-09-24,synthetic_demo,false
DEMO-NEC-0702,15.2,USD,synthetic demo reference,https://github.com/wa52/ai-customer-service/tree/main/data,Synthetic demo seed,2026-09-24,synthetic_demo,false
DEMO-EAR-0703,18.9,USD,synthetic demo reference,https://github.com/wa52/ai-customer-service/tree/main/data,Synthetic demo seed,2026-09-24,synthetic_demo,false
DEMO-BRA-0704,3.6,USD,synthetic demo reference,https://github.com/wa52/ai-customer-service/tree/main/data,Synthetic demo seed,2026-09-24,synthetic_demo,false
DEMO-RIN-0705,7.3,USD,synthetic demo reference,https://github.com/wa52/ai-customer-service/tree/main/data,Synthetic demo seed,2026-09-24,synthetic_demo,false
DEMO-NEC-0706,11.0,USD,synthetic demo reference,https://github.com/wa52/ai-customer-service/tree/main/data,Synthetic demo seed,2026-09-24,synthetic_demo,false
DEMO-EAR-0707,14.7,USD,synthetic demo reference,https://github.com/wa52/ai-customer-service/tree/main/data,Synthetic demo seed,2026-09-24,synthetic_demo,false
DEMO-BRA-0708,18.4,USD,synthetic demo reference,https://github.com/wa52/ai-customer-service/tree/main/data,Synthetic demo seed,2026-09-24,synthetic_demo,false
DEMO-RIN-0709,3.1,USD,synthetic demo reference,https://github.com/wa52/ai-customer-service/tree/main/data,Synthetic demo seed,2026-09-24,synthetic_demo,false
DEMO-NEC-0710,6.8,USD,synthetic demo reference,https://github.com/wa52/ai-customer-service/tree/main/data,Synthetic demo seed,2026-09-24,synthetic_demo,false
DEMO-EAR-0711,10.5,USD,synthetic demo reference,https://github.com/wa52/ai-customer-service/tree/main/data,Synthetic demo seed,2026-09-24,synthetic_demo,false
DEMO-BRA-0712,14.2,USD,synthetic demo reference,https://github.com/wa52/ai-customer-service/tree/main/data,Synthetic demo seed,2026-09-24,synthetic_demo,false
DEMO-RIN-0713,17.9,USD,synthetic demo reference,https://github.com/wa52/ai-customer-service/tree/main/data,Synthetic demo seed,2026-09-24,synthetic_demo,false
DEMO-NEC-0714,2.6,USD,synthetic demo reference,https://github.com/wa52/ai-customer-service/tree/main/data,Synthetic demo seed,2026-09-24,synthetic_demo,false
DEMO-EAR-0715,6.3,USD,synthetic demo reference,https://github.com/wa52/ai-customer-service/tree/main/data,Synthetic demo seed,2026-09-24,synthetic_demo,false
DEMO-BRA-0716,10.0,USD,synthetic demo reference,https://github.com/wa52/ai-customer-service/tree/main/data,Synthetic demo seed,2026-09-24,synthetic_demo,false
DEMO-RIN-0717,13.7,USD,synthetic demo reference,https://github.com/wa52/ai-customer-service/tree/main/data,Synthetic demo seed,2026-09-24,synthetic_demo,false
DEMO-NEC-0718,17.4,USD,synthetic demo reference,https://github.com/wa52/ai-customer-service/tree/main/data,Synthetic demo seed,2026-09-24,synthetic_demo,false
DEMO-EAR-0719,2.1,USD,synthetic demo reference,https://github.com/wa52/ai-customer-service/tree/main/data,Synthetic demo seed,2026-09-24,synthetic_demo,false
DEMO-BRA-0720,5.8,USD,synthetic demo reference,https://github.com/wa52/ai-customer-service/tree/main/data,Synthetic demo seed,2026-09-24,synthetic_demo,false
DEMO-RIN-0721,9.5,USD,synthetic demo reference,https://github.com/wa52/ai-customer-service/tree/main/data,Synthetic demo seed,2026-09-24,synthetic_demo,false
DEMO-NEC-0722,13.2,USD,synthetic demo reference,https://github.com/wa52/ai-customer-service/tree/main/data,Synthetic demo seed,2026-09-24,synthetic_demo,false
DEMO-EAR-0723,16.9,USD,synthetic demo reference,https://github.com/wa52/ai-customer-service/tree/main/data,Synthetic demo seed,2026-09-24,synthetic_demo,false
DEMO-BRA-0724,20.6,USD,synthetic demo reference,https://github.com/wa52/ai-customer-service/tree/main/data,Synthetic demo seed,2026-09-24,synthetic_demo,false
DEMO-RIN-0725,5.3,USD,synthetic demo reference,https://github.com/wa52/ai-customer-service/tree/main/data,Synthetic demo seed,2026-09-24,synthetic_demo,false
DEMO-NEC-0726,9.0,USD,synthetic demo reference,https://github.com/wa52/ai-customer-service/tree/main/data,Synthetic demo seed,2026-09-24,synthetic_demo,false
DEMO-EAR-0727,12.7,USD,synthetic demo reference,https://github.com/wa52/ai-customer-service/tree/main/data,Synthetic demo seed,2026-09-24,synthetic_demo,false
DEMO-BRA-0728,16.4,USD,synthetic demo reference,https://github.com/wa52/ai-customer-service/tree/main/data,Synthetic demo seed,2026-09-24,synthetic_demo,false
DEMO-RIN-0729,20.1,USD,synthetic demo reference,https://github.com/wa52/ai-customer-service/tree/main/data,Synthetic demo seed,2026-09-24,synthetic_demo,false
DEMO-NEC-0730,4.8,USD,synthetic demo reference,https://github.com/wa52/ai-customer-service/tree/main/data,Synthetic demo seed,2026-09-24,synthetic_demo,false
DEMO-EAR-0731,8.5,USD,synthetic demo reference,https://github.com/wa52/ai-customer-service/tree/main/data,Synthetic demo seed,2026-09-24,synthetic_demo,false
DEMO-BRA-0732,12.2,USD,synthetic demo reference,https://github.com/wa52/ai-customer-service/tree/main/data,Synthetic demo seed,2026-09-24,synthetic_demo,false
DEMO-RIN-0733,15.9,USD,synthetic demo reference,https://github.com/wa52/ai-customer-service/tree/main/data,Synthetic demo seed,2026-09-24,synthetic_demo,false
DEMO-NEC-0734,19.6,USD,synthetic demo reference,https://github.com/wa52/ai-customer-service/tree/main/data,Synthetic demo seed,2026-09-24,synthetic_demo,false
DEMO-EAR-0735,4.3,USD,synthetic demo reference,https://github.com/wa52/ai-customer-service/tree/main/data,Synthetic demo seed,2026-09-24,synthetic_demo,false
DEMO-BRA-0736,8.0,USD,synthetic demo reference,https://github.com/wa52/ai-customer-service/tree/main/data,Synthetic demo seed,2026-09-24,synthetic_demo,false
DEMO-RIN-0737,11.7,USD,synthetic demo reference,https://github.com/wa52/ai-customer-service/tree/main/data,Synthetic demo seed,2026-09-24,synthetic_demo,false
DEMO-NEC-0738,15.4,USD,synthetic demo reference,https://github.com/wa52/ai-customer-service/tree/main/data,Synthetic demo seed,2026-09-24,synthetic_demo,false
DEMO-EAR-0739,19.1,USD,synthetic demo reference,https://github.com/wa52/ai-customer-service/tree/main/data,Synthetic demo seed,2026-09-24,synthetic_demo,false
DEMO-BRA-0740,3.8,USD,synthetic demo reference,https://github.com/wa52/ai-customer-service/tree/main/data,Synthetic demo seed,2026-09-24,synthetic_demo,false
DEMO-RIN-0741,7.5,USD,synthetic demo reference,https://github.com/wa52/ai-customer-service/tree/main/data,Synthetic demo seed,2026-09-24,synthetic_demo,false
DEMO-NEC-0742,11.2,USD,synthetic demo reference,https://github.com/wa52/ai-customer-service/tree/main/data,Synthetic demo seed,2026-09-24,synthetic_demo,false
DEMO-EAR-0743,14.9,USD,synthetic demo reference,https://github.com/wa52/ai-customer-service/tree/main/data,Synthetic demo seed,2026-09-24,synthetic_demo,false
DEMO-BRA-0744,18.6,USD,synthetic demo reference,https://github.com/wa52/ai-customer-service/tree/main/data,Synthetic demo seed,2026-09-24,synthetic_demo,false
DEMO-RIN-0745,3.3,USD,synthetic demo reference,https://github.com/wa52/ai-customer-service/tree/main/data,Synthetic demo seed,2026-09-24,synthetic_demo,false
DEMO-NEC-0746,7.0,USD,synthetic demo reference,https://github.com/wa52/ai-customer-service/tree/main/data,Synthetic demo seed,2026-09-24,synthetic_demo,false
DEMO-EAR-0747,10.7,USD,synthetic demo reference,https://github.com/wa52/ai-customer-service/tree/main/data,Synthetic demo seed,2026-09-24,synthetic_demo,false
DEMO-BRA-0748,14.4,USD,synthetic demo reference,https://github.com/wa52/ai-customer-service/tree/main/data,Synthetic demo seed,2026-09-24,synthetic_demo,false
DEMO-RIN-0749,18.1,USD,synthetic demo reference,https://github.com/wa52/ai-customer-service/tree/main/data,Synthetic demo seed,2026-09-24,synthetic_demo,false
DEMO-NEC-0750,2.8,USD,synthetic demo reference,https://github.com/wa52/ai-customer-service/tree/main/data,Synthetic demo seed,2026-09-24,synthetic_demo,false
DEMO-EAR-0751,6.5,USD,synthetic demo reference,https://github.com/wa52/ai-customer-service/tree/main/data,Synthetic demo seed,2026-09-24,synthetic_demo,false
DEMO-BRA-0752,10.2,USD,synthetic demo reference,https://github.com/wa52/ai-customer-service/tree/main/data,Synthetic demo seed,2026-09-24,synthetic_demo,false
DEMO-RIN-0753,13.9,USD,synthetic demo reference,https://github.com/wa52/ai-customer-service/tree/main/data,Synthetic demo seed,2026-09-24,synthetic_demo,false
DEMO-NEC-0754,17.6,USD,synthetic demo reference,https://github.com/wa52/ai-customer-service/tree/main/data,Synthetic demo seed,2026-09-24,synthetic_demo,false
DEMO-EAR-0755,2.3,USD,synthetic demo reference,https://github.com/wa52/ai-customer-service/tree/main/data,Synthetic demo seed,2026-09-24,synthetic_demo,false
DEMO-BRA-0756,6.0,USD,synthetic demo reference,https://github.com/wa52/ai-customer-service/tree/main/data,Synthetic demo seed,2026-09-24,synthetic_demo,false
DEMO-RIN-0757,9.7,USD,synthetic demo reference,https://github.com/wa52/ai-customer-service/tree/main/data,Synthetic demo seed,2026-09-24,synthetic_demo,false
DEMO-NEC-0758,13.4,USD,synthetic demo reference,https://github.com/wa52/ai-customer-service/tree/main/data,Synthetic demo seed,2026-09-24,synthetic_demo,false
DEMO-EAR-0759,17.1,USD,synthetic demo reference,https://github.com/wa52/ai-customer-service/tree/main/data,Synthetic demo seed,2026-09-24,synthetic_demo,false
DEMO-BRA-0760,1.8,USD,synthetic demo reference,https://github.com/wa52/ai-customer-service/tree/main/data,Synthetic demo seed,2026-09-24,synthetic_demo,false
DEMO-RIN-0761,5.5,USD,synthetic demo reference,https://github.com/wa52/ai-customer-service/tree/main/data,Synthetic demo seed,2026-09-24,synthetic_demo,false
DEMO-NEC-0762,9.2,USD,synthetic demo reference,https://github.com/wa52/ai-customer-service/tree/main/data,Synthetic demo seed,2026-09-24,synthetic_demo,false
DEMO-EAR-0763,12.9,USD,synthetic demo reference,https://github.com/wa52/ai-customer-service/tree/main/data,Synthetic demo seed,2026-09-24,synthetic_demo,false
DEMO-BRA-0764,16.6,USD,synthetic demo reference,https://github.com/wa52/ai-customer-service/tree/main/data,Synthetic demo seed,2026-09-24,synthetic_demo,false
DEMO-RIN-0765,20.3,USD,synthetic demo reference,https://github.com/wa52/ai-customer-service/tree/main/data,Synthetic demo seed,2026-09-24,synthetic_demo,false
DEMO-NEC-0766,5.0,USD,synthetic demo reference,https://github.com/wa52/ai-customer-service/tree/main/data,Synthetic demo seed,2026-09-24,synthetic_demo,false
DEMO-EAR-0767,8.7,USD,synthetic demo reference,https://github.com/wa52/ai-customer-service/tree/main/data,Synthetic demo seed,2026-09-24,synthetic_demo,false
DEMO-BRA-0768,12.4,USD,synthetic demo reference,https://github.com/wa52/ai-customer-service/tree/main/data,Synthetic demo seed,2026-09-24,synthetic_demo,false
DEMO-RIN-0769,16.1,USD,synthetic demo reference,https://github.com/wa52/ai-customer-service/tree/main/data,Synthetic demo seed,2026-09-24,synthetic_demo,false
DEMO-NEC-0770,19.8,USD,synthetic demo reference,https://github.com/wa52/ai-customer-service/tree/main/data,Synthetic demo seed,2026-09-24,synthetic_demo,false
DEMO-EAR-0771,4.5,USD,synthetic demo reference,https://github.com/wa52/ai-customer-service/tree/main/data,Synthetic demo seed,2026-09-24,synthetic_demo,false
DEMO-BRA-0772,8.2,USD,synthetic demo reference,https://github.com/wa52/ai-customer-service/tree/main/data,Synthetic demo seed,2026-09-24,synthetic_demo,false
DEMO-RIN-0773,11.9,USD,synthetic demo reference,https://github.com/wa52/ai-customer-service/tree/main/data,Synthetic demo seed,2026-09-24,synthetic_demo,false
DEMO-NEC-0774,15.6,USD,synthetic demo reference,https://github.com/wa52/ai-customer-service/tree/main/data,Synthetic demo seed,2026-09-24,synthetic_demo,false
DEMO-EAR-0775,19.3,USD,synthetic demo reference,https://github.com/wa52/ai-customer-service/tree/main/data,Synthetic demo seed,2026-09-24,synthetic_demo,false
DEMO-BRA-0776,4.0,USD,synthetic demo reference,https://github.com/wa52/ai-customer-service/tree/main/data,Synthetic demo seed,2026-09-24,synthetic_demo,false
DEMO-RIN-0777,7.7,USD,synthetic demo reference,https://github.com/wa52/ai-customer-service/tree/main/data,Synthetic demo seed,2026-09-24,synthetic_demo,false
DEMO-NEC-0778,11.4,USD,synthetic demo reference,https://github.com/wa52/ai-customer-service/tree/main/data,Synthetic demo seed,2026-09-24,synthetic_demo,false
DEMO-EAR-0779,15.1,USD,synthetic demo reference,https://github.com/wa52/ai-customer-service/tree/main/data,Synthetic demo seed,2026-09-24,synthetic_demo,false
DEMO-BRA-0780,18.8,USD,synthetic demo reference,https://github.com/wa52/ai-customer-service/tree/main/data,Synthetic demo seed,2026-09-24,synthetic_demo,false
DEMO-RIN-0781,3.5,USD,synthetic demo reference,https://github.com/wa52/ai-customer-service/tree/main/data,Synthetic demo seed,2026-09-24,synthetic_demo,false
DEMO-NEC-0782,7.2,USD,synthetic demo reference,https://github.com/wa52/ai-customer-service/tree/main/data,Synthetic demo seed,2026-09-24,synthetic_demo,false
DEMO-EAR-0783,10.9,USD,synthetic demo reference,https://github.com/wa52/ai-customer-service/tree/main/data,Synthetic demo seed,2026-09-24,synthetic_demo,false
DEMO-BRA-0784,14.6,USD,synthetic demo reference,https://github.com/wa52/ai-customer-service/tree/main/data,Synthetic demo seed,2026-09-24,synthetic_demo,false
DEMO-RIN-0785,18.3,USD,synthetic demo reference,https://github.com/wa52/ai-customer-service/tree/main/data,Synthetic demo seed,2026-09-24,synthetic_demo,false
DEMO-NEC-0786,3.0,USD,synthetic demo reference,https://github.com/wa52/ai-customer-service/tree/main/data,Synthetic demo seed,2026-09-24,synthetic_demo,false
DEMO-EAR-0787,6.7,USD,synthetic demo reference,https://github.com/wa52/ai-customer-service/tree/main/data,Synthetic demo seed,2026-09-24,synthetic_demo,false
DEMO-BRA-0788,10.4,USD,synthetic demo reference,https://github.com/wa52/ai-customer-service/tree/main/data,Synthetic demo seed,2026-09-24,synthetic_demo,false
DEMO-RIN-0789,14.1,USD,synthetic demo reference,https://github.com/wa52/ai-customer-service/tree/main/data,Synthetic demo seed,2026-09-24,synthetic_demo,false
DEMO-NEC-0790,17.8,USD,synthetic demo reference,https://github.com/wa52/ai-customer-service/tree/main/data,Synthetic demo seed,2026-09-24,synthetic_demo,false
DEMO-EAR-0791,2.5,USD,synthetic demo reference,https://github.com/wa52/ai-customer-service/tree/main/data,Synthetic demo seed,2026-09-24,synthetic_demo,false
DEMO-BRA-0792,6.2,USD,synthetic demo reference,https://github.com/wa52/ai-customer-service/tree/main/data,Synthetic demo seed,2026-09-24,synthetic_demo,false
DEMO-RIN-0793,9.9,USD,synthetic demo reference,https://github.com/wa52/ai-customer-service/tree/main/data,Synthetic demo seed,2026-09-24,synthetic_demo,false
DEMO-NEC-0794,13.6,USD,synthetic demo reference,https://github.com/wa52/ai-customer-service/tree/main/data,Synthetic demo seed,2026-09-24,synthetic_demo,false
DEMO-EAR-0795,17.3,USD,synthetic demo reference,https://github.com/wa52/ai-customer-service/tree/main/data,Synthetic demo seed,2026-09-24,synthetic_demo,false
DEMO-BRA-0796,2.0,USD,synthetic demo reference,https://github.com/wa52/ai-customer-service/tree/main/data,Synthetic demo seed,2026-09-24,synthetic_demo,false
DEMO-RIN-0797,5.7,USD,synthetic demo reference,https://github.com/wa52/ai-customer-service/tree/main/data,Synthetic demo seed,2026-09-24,synthetic_demo,false
DEMO-NEC-0798,9.4,USD,synthetic demo reference,https://github.com/wa52/ai-customer-service/tree/main/data,Synthetic demo seed,2026-09-24,synthetic_demo,false
DEMO-EAR-0799,13.1,USD,synthetic demo reference,https://github.com/wa52/ai-customer-service/tree/main/data,Synthetic demo seed,2026-09-24,synthetic_demo,false
DEMO-BRA-0800,16.8,USD,synthetic demo reference,https://github.com/wa52/ai-customer-service/tree/main/data,Synthetic demo seed,2026-09-24,synthetic_demo,false
DEMO-RIN-0801,20.5,USD,synthetic demo reference,https://github.com/wa52/ai-customer-service/tree/main/data,Synthetic demo seed,2026-09-24,synthetic_demo,false
DEMO-NEC-0802,5.2,USD,synthetic demo reference,https://github.com/wa52/ai-customer-service/tree/main/data,Synthetic demo seed,2026-09-24,synthetic_demo,false
DEMO-EAR-0803,8.9,USD,synthetic demo reference,https://github.com/wa52/ai-customer-service/tree/main/data,Synthetic demo seed,2026-09-24,synthetic_demo,false
DEMO-BRA-0804,12.6,USD,synthetic demo reference,https://github.com/wa52/ai-customer-service/tree/main/data,Synthetic demo seed,2026-09-24,synthetic_demo,false
DEMO-RIN-0805,16.3,USD,synthetic demo reference,https://github.com/wa52/ai-customer-service/tree/main/data,Synthetic demo seed,2026-09-24,synthetic_demo,false
DEMO-NEC-0806,20.0,USD,synthetic demo reference,https://github.com/wa52/ai-customer-service/tree/main/data,Synthetic demo seed,2026-09-24,synthetic_demo,false
DEMO-EAR-0807,4.7,USD,synthetic demo reference,https://github.com/wa52/ai-customer-service/tree/main/data,Synthetic demo seed,2026-09-24,synthetic_demo,false
DEMO-BRA-0808,8.4,USD,synthetic demo reference,https://github.com/wa52/ai-customer-service/tree/main/data,Synthetic demo seed,2026-09-24,synthetic_demo,false
DEMO-RIN-0809,12.1,USD,synthetic demo reference,https://github.com/wa52/ai-customer-service/tree/main/data,Synthetic demo seed,2026-09-24,synthetic_demo,false
DEMO-NEC-0810,15.8,USD,synthetic demo reference,https://github.com/wa52/ai-customer-service/tree/main/data,Synthetic demo seed,2026-09-24,synthetic_demo,false
DEMO-EAR-0811,19.5,USD,synthetic demo reference,https://github.com/wa52/ai-customer-service/tree/main/data,Synthetic demo seed,2026-09-24,synthetic_demo,false
DEMO-BRA-0812,4.2,USD,synthetic demo reference,https://github.com/wa52/ai-customer-service/tree/main/data,Synthetic demo seed,2026-09-24,synthetic_demo,false
DEMO-RIN-0813,7.9,USD,synthetic demo reference,https://github.com/wa52/ai-customer-service/tree/main/data,Synthetic demo seed,2026-09-24,synthetic_demo,false
DEMO-NEC-0814,11.6,USD,synthetic demo reference,https://github.com/wa52/ai-customer-service/tree/main/data,Synthetic demo seed,2026-09-24,synthetic_demo,false
DEMO-EAR-0815,15.3,USD,synthetic demo reference,https://github.com/wa52/ai-customer-service/tree/main/data,Synthetic demo seed,2026-09-24,synthetic_demo,false
DEMO-BRA-0816,19.0,USD,synthetic demo reference,https://github.com/wa52/ai-customer-service/tree/main/data,Synthetic demo seed,2026-09-24,synthetic_demo,false
DEMO-RIN-0817,3.7,USD,synthetic demo reference,https://github.com/wa52/ai-customer-service/tree/main/data,Synthetic demo seed,2026-09-24,synthetic_demo,false
DEMO-NEC-0818,7.4,USD,synthetic demo reference,https://github.com/wa52/ai-customer-service/tree/main/data,Synthetic demo seed,2026-09-24,synthetic_demo,false
DEMO-EAR-0819,11.1,USD,synthetic demo reference,https://github.com/wa52/ai-customer-service/tree/main/data,Synthetic demo seed,2026-09-24,synthetic_demo,false
DEMO-BRA-0820,14.8,USD,synthetic demo reference,https://github.com/wa52/ai-customer-service/tree/main/data,Synthetic demo seed,2026-09-24,synthetic_demo,false
DEMO-RIN-0821,18.5,USD,synthetic demo reference,https://github.com/wa52/ai-customer-service/tree/main/data,Synthetic demo seed,2026-09-24,synthetic_demo,false
DEMO-NEC-0822,3.2,USD,synthetic demo reference,https://github.com/wa52/ai-customer-service/tree/main/data,Synthetic demo seed,2026-09-24,synthetic_demo,false
DEMO-EAR-0823,6.9,USD,synthetic demo reference,https://github.com/wa52/ai-customer-service/tree/main/data,Synthetic demo seed,2026-09-24,synthetic_demo,false
DEMO-BRA-0824,10.6,USD,synthetic demo reference,https://github.com/wa52/ai-customer-service/tree/main/data,Synthetic demo seed,2026-09-24,synthetic_demo,false
DEMO-RIN-0825,14.3,USD,synthetic demo reference,https://github.com/wa52/ai-customer-service/tree/main/data,Synthetic demo seed,2026-09-24,synthetic_demo,false
DEMO-NEC-0826,18.0,USD,synthetic demo reference,https://github.com/wa52/ai-customer-service/tree/main/data,Synthetic demo seed,2026-09-24,synthetic_demo,false
DEMO-EAR-0827,2.7,USD,synthetic demo reference,https://github.com/wa52/ai-customer-service/tree/main/data,Synthetic demo seed,2026-09-24,synthetic_demo,false
DEMO-BRA-0828,6.4,USD,synthetic demo reference,https://github.com/wa52/ai-customer-service/tree/main/data,Synthetic demo seed,2026-09-24,synthetic_demo,false
DEMO-RIN-0829,10.1,USD,synthetic demo reference,https://github.com/wa52/ai-customer-service/tree/main/data,Synthetic demo seed,2026-09-24,synthetic_demo,false
DEMO-NEC-0830,13.8,USD,synthetic demo reference,https://github.com/wa52/ai-customer-service/tree/main/data,Synthetic demo seed,2026-09-24,synthetic_demo,false
DEMO-EAR-0831,17.5,USD,synthetic demo reference,https://github.com/wa52/ai-customer-service/tree/main/data,Synthetic demo seed,2026-09-24,synthetic_demo,false
DEMO-BRA-0832,2.2,USD,synthetic demo reference,https://github.com/wa52/ai-customer-service/tree/main/data,Synthetic demo seed,2026-09-24,synthetic_demo,false
DEMO-RIN-0833,5.9,USD,synthetic demo reference,https://github.com/wa52/ai-customer-service/tree/main/data,Synthetic demo seed,2026-09-24,synthetic_demo,false
DEMO-NEC-0834,9.6,USD,synthetic demo reference,https://github.com/wa52/ai-customer-service/tree/main/data,Synthetic demo seed,2026-09-24,synthetic_demo,false
DEMO-EAR-0835,13.3,USD,synthetic demo reference,https://github.com/wa52/ai-customer-service/tree/main/data,Synthetic demo seed,2026-09-24,synthetic_demo,false
DEMO-BRA-0836,17.0,USD,synthetic demo reference,https://github.com/wa52/ai-customer-service/tree/main/data,Synthetic demo seed,2026-09-24,synthetic_demo,false
DEMO-RIN-0837,20.7,USD,synthetic demo reference,https://github.com/wa52/ai-customer-service/tree/main/data,Synthetic demo seed,2026-09-24,synthetic_demo,false
DEMO-NEC-0838,5.4,USD,synthetic demo reference,https://github.com/wa52/ai-customer-service/tree/main/data,Synthetic demo seed,2026-09-24,synthetic_demo,false
DEMO-EAR-0839,9.1,USD,synthetic demo reference,https://github.com/wa52/ai-customer-service/tree/main/data,Synthetic demo seed,2026-09-24,synthetic_demo,false
DEMO-BRA-0840,12.8,USD,synthetic demo reference,https://github.com/wa52/ai-customer-service/tree/main/data,Synthetic demo seed,2026-09-24,synthetic_demo,false
DEMO-RIN-0841,16.5,USD,synthetic demo reference,https://github.com/wa52/ai-customer-service/tree/main/data,Synthetic demo seed,2026-09-24,synthetic_demo,false
DEMO-NEC-0842,20.2,USD,synthetic demo reference,https://github.com/wa52/ai-customer-service/tree/main/data,Synthetic demo seed,2026-09-24,synthetic_demo,false
DEMO-EAR-0843,4.9,USD,synthetic demo reference,https://github.com/wa52/ai-customer-service/tree/main/data,Synthetic demo seed,2026-09-24,synthetic_demo,false
DEMO-BRA-0844,8.6,USD,synthetic demo reference,https://github.com/wa52/ai-customer-service/tree/main/data,Synthetic demo seed,2026-09-24,synthetic_demo,false
DEMO-RIN-0845,12.3,USD,synthetic demo reference,https://github.com/wa52/ai-customer-service/tree/main/data,Synthetic demo seed,2026-09-24,synthetic_demo,false
DEMO-NEC-0846,16.0,USD,synthetic demo reference,https://github.com/wa52/ai-customer-service/tree/main/data,Synthetic demo seed,2026-09-24,synthetic_demo,false
DEMO-EAR-0847,19.7,USD,synthetic demo reference,https://github.com/wa52/ai-customer-service/tree/main/data,Synthetic demo seed,2026-09-24,synthetic_demo,false
DEMO-BRA-0848,4.4,USD,synthetic demo reference,https://github.com/wa52/ai-customer-service/tree/main/data,Synthetic demo seed,2026-09-24,synthetic_demo,false
DEMO-RIN-0849,8.1,USD,synthetic demo reference,https://github.com/wa52/ai-customer-service/tree/main/data,Synthetic demo seed,2026-09-24,synthetic_demo,false
DEMO-NEC-0850,11.8,USD,synthetic demo reference,https://github.com/wa52/ai-customer-service/tree/main/data,Synthetic demo seed,2026-09-24,synthetic_demo,false
DEMO-EAR-0851,15.5,USD,synthetic demo reference,https://github.com/wa52/ai-customer-service/tree/main/data,Synthetic demo seed,2026-09-24,synthetic_demo,false
DEMO-BRA-0852,19.2,USD,synthetic demo reference,https://github.com/wa52/ai-customer-service/tree/main/data,Synthetic demo seed,2026-09-24,synthetic_demo,false
DEMO-RIN-0853,3.9,USD,synthetic demo reference,https://github.com/wa52/ai-customer-service/tree/main/data,Synthetic demo seed,2026-09-24,synthetic_demo,false
DEMO-NEC-0854,7.6,USD,synthetic demo reference,https://github.com/wa52/ai-customer-service/tree/main/data,Synthetic demo seed,2026-09-24,synthetic_demo,false
DEMO-EAR-0855,11.3,USD,synthetic demo reference,https://github.com/wa52/ai-customer-service/tree/main/data,Synthetic demo seed,2026-09-24,synthetic_demo,false
DEMO-BRA-0856,15.0,USD,synthetic demo reference,https://github.com/wa52/ai-customer-service/tree/main/data,Synthetic demo seed,2026-09-24,synthetic_demo,false
DEMO-RIN-0857,18.7,USD,synthetic demo reference,https://github.com/wa52/ai-customer-service/tree/main/data,Synthetic demo seed,2026-09-24,synthetic_demo,false
DEMO-NEC-0858,3.4,USD,synthetic demo reference,https://github.com/wa52/ai-customer-service/tree/main/data,Synthetic demo seed,2026-09-24,synthetic_demo,false
DEMO-EAR-0859,7.1,USD,synthetic demo reference,https://github.com/wa52/ai-customer-service/tree/main/data,Synthetic demo seed,2026-09-24,synthetic_demo,false
DEMO-BRA-0860,10.8,USD,synthetic demo reference,https://github.com/wa52/ai-customer-service/tree/main/data,Synthetic demo seed,2026-09-24,synthetic_demo,false
DEMO-RIN-0861,14.5,USD,synthetic demo reference,https://github.com/wa52/ai-customer-service/tree/main/data,Synthetic demo seed,2026-09-24,synthetic_demo,false
DEMO-NEC-0862,18.2,USD,synthetic demo reference,https://github.com/wa52/ai-customer-service/tree/main/data,Synthetic demo seed,2026-09-24,synthetic_demo,false
DEMO-EAR-0863,2.9,USD,synthetic demo reference,https://github.com/wa52/ai-customer-service/tree/main/data,Synthetic demo seed,2026-09-24,synthetic_demo,false
DEMO-BRA-0864,6.6,USD,synthetic demo reference,https://github.com/wa52/ai-customer-service/tree/main/data,Synthetic demo seed,2026-09-24,synthetic_demo,false
DEMO-RIN-0865,10.3,USD,synthetic demo reference,https://github.com/wa52/ai-customer-service/tree/main/data,Synthetic demo seed,2026-09-24,synthetic_demo,false
DEMO-NEC-0866,14.0,USD,synthetic demo reference,https://github.com/wa52/ai-customer-service/tree/main/data,Synthetic demo seed,2026-09-24,synthetic_demo,false
DEMO-EAR-0867,17.7,USD,synthetic demo reference,https://github.com/wa52/ai-customer-service/tree/main/data,Synthetic demo seed,2026-09-24,synthetic_demo,false
DEMO-BRA-0868,2.4,USD,synthetic demo reference,https://github.com/wa52/ai-customer-service/tree/main/data,Synthetic demo seed,2026-09-24,synthetic_demo,false
DEMO-RIN-0869,6.1,USD,synthetic demo reference,https://github.com/wa52/ai-customer-service/tree/main/data,Synthetic demo seed,2026-09-24,synthetic_demo,false
DEMO-NEC-0870,9.8,USD,synthetic demo reference,https://github.com/wa52/ai-customer-service/tree/main/data,Synthetic demo seed,2026-09-24,synthetic_demo,false
DEMO-EAR-0871,13.5,USD,synthetic demo reference,https://github.com/wa52/ai-customer-service/tree/main/data,Synthetic demo seed,2026-09-24,synthetic_demo,false
DEMO-BRA-0872,17.2,USD,synthetic demo reference,https://github.com/wa52/ai-customer-service/tree/main/data,Synthetic demo seed,2026-09-24,synthetic_demo,false
DEMO-RIN-0873,1.9,USD,synthetic demo reference,https://github.com/wa52/ai-customer-service/tree/main/data,Synthetic demo seed,2026-09-24,synthetic_demo,false
DEMO-NEC-0874,5.6,USD,synthetic demo reference,https://github.com/wa52/ai-customer-service/tree/main/data,Synthetic demo seed,2026-09-24,synthetic_demo,false
DEMO-EAR-0875,9.3,USD,synthetic demo reference,https://github.com/wa52/ai-customer-service/tree/main/data,Synthetic demo seed,2026-09-24,synthetic_demo,false
DEMO-BRA-0876,13.0,USD,synthetic demo reference,https://github.com/wa52/ai-customer-service/tree/main/data,Synthetic demo seed,2026-09-24,synthetic_demo,false
DEMO-RIN-0877,16.7,USD,synthetic demo reference,https://github.com/wa52/ai-customer-service/tree/main/data,Synthetic demo seed,2026-09-24,synthetic_demo,false
DEMO-NEC-0878,20.4,USD,synthetic demo reference,https://github.com/wa52/ai-customer-service/tree/main/data,Synthetic demo seed,2026-09-24,synthetic_demo,false
DEMO-EAR-0879,5.1,USD,synthetic demo reference,https://github.com/wa52/ai-customer-service/tree/main/data,Synthetic demo seed,2026-09-24,synthetic_demo,false
DEMO-BRA-0880,8.8,USD,synthetic demo reference,https://github.com/wa52/ai-customer-service/tree/main/data,Synthetic demo seed,2026-09-24,synthetic_demo,false
DEMO-RIN-0881,12.5,USD,synthetic demo reference,https://github.com/wa52/ai-customer-service/tree/main/data,Synthetic demo seed,2026-09-24,synthetic_demo,false
DEMO-NEC-0882,16.2,USD,synthetic demo reference,https://github.com/wa52/ai-customer-service/tree/main/data,Synthetic demo seed,2026-09-24,synthetic_demo,false
DEMO-EAR-0883,19.9,USD,synthetic demo reference,https://github.com/wa52/ai-customer-service/tree/main/data,Synthetic demo seed,2026-09-24,synthetic_demo,false
DEMO-BRA-0884,4.6,USD,synthetic demo reference,https://github.com/wa52/ai-customer-service/tree/main/data,Synthetic demo seed,2026-09-24,synthetic_demo,false
DEMO-RIN-0885,8.3,USD,synthetic demo reference,https://github.com/wa52/ai-customer-service/tree/main/data,Synthetic demo seed,2026-09-24,synthetic_demo,false
DEMO-NEC-0886,12.0,USD,synthetic demo reference,https://github.com/wa52/ai-customer-service/tree/main/data,Synthetic demo seed,2026-09-24,synthetic_demo,false
DEMO-EAR-0887,15.7,USD,synthetic demo reference,https://github.com/wa52/ai-customer-service/tree/main/data,Synthetic demo seed,2026-09-24,synthetic_demo,false
DEMO-BRA-0888,19.4,USD,synthetic demo reference,https://github.com/wa52/ai-customer-service/tree/main/data,Synthetic demo seed,2026-09-24,synthetic_demo,false
DEMO-RIN-0889,4.1,USD,synthetic demo reference,https://github.com/wa52/ai-customer-service/tree/main/data,Synthetic demo seed,2026-09-24,synthetic_demo,false
DEMO-NEC-0890,7.8,USD,synthetic demo reference,https://github.com/wa52/ai-customer-service/tree/main/data,Synthetic demo seed,2026-09-24,synthetic_demo,false
DEMO-EAR-0891,11.5,USD,synthetic demo reference,https://github.com/wa52/ai-customer-service/tree/main/data,Synthetic demo seed,2026-09-24,synthetic_demo,false
DEMO-BRA-0892,15.2,USD,synthetic demo reference,https://github.com/wa52/ai-customer-service/tree/main/data,Synthetic demo seed,2026-09-24,synthetic_demo,false
DEMO-RIN-0893,18.9,USD,synthetic demo reference,https://github.com/wa52/ai-customer-service/tree/main/data,Synthetic demo seed,2026-09-24,synthetic_demo,false
DEMO-NEC-0894,3.6,USD,synthetic demo reference,https://github.com/wa52/ai-customer-service/tree/main/data,Synthetic demo seed,2026-09-24,synthetic_demo,false
DEMO-EAR-0895,7.3,USD,synthetic demo reference,https://github.com/wa52/ai-customer-service/tree/main/data,Synthetic demo seed,2026-09-24,synthetic_demo,false
DEMO-BRA-0896,11.0,USD,synthetic demo reference,https://github.com/wa52/ai-customer-service/tree/main/data,Synthetic demo seed,2026-09-24,synthetic_demo,false
DEMO-RIN-0897,14.7,USD,synthetic demo reference,https://github.com/wa52/ai-customer-service/tree/main/data,Synthetic demo seed,2026-09-24,synthetic_demo,false
DEMO-NEC-0898,18.4,USD,synthetic demo reference,https://github.com/wa52/ai-customer-service/tree/main/data,Synthetic demo seed,2026-09-24,synthetic_demo,false
DEMO-EAR-0899,3.1,USD,synthetic demo reference,https://github.com/wa52/ai-customer-service/tree/main/data,Synthetic demo seed,2026-09-24,synthetic_demo,false
DEMO-BRA-0900,6.8,USD,synthetic demo reference,https://github.com/wa52/ai-customer-service/tree/main/data,Synthetic demo seed,2026-09-24,synthetic_demo,false
DEMO-RIN-0901,10.5,USD,synthetic demo reference,https://github.com/wa52/ai-customer-service/tree/main/data,Synthetic demo seed,2026-09-24,synthetic_demo,false
DEMO-NEC-0902,14.2,USD,synthetic demo reference,https://github.com/wa52/ai-customer-service/tree/main/data,Synthetic demo seed,2026-09-24,synthetic_demo,false
DEMO-EAR-0903,17.9,USD,synthetic demo reference,https://github.com/wa52/ai-customer-service/tree/main/data,Synthetic demo seed,2026-09-24,synthetic_demo,false
DEMO-BRA-0904,2.6,USD,synthetic demo reference,https://github.com/wa52/ai-customer-service/tree/main/data,Synthetic demo seed,2026-09-24,synthetic_demo,false
DEMO-RIN-0905,6.3,USD,synthetic demo reference,https://github.com/wa52/ai-customer-service/tree/main/data,Synthetic demo seed,2026-09-24,synthetic_demo,false
DEMO-NEC-0906,10.0,USD,synthetic demo reference,https://github.com/wa52/ai-customer-service/tree/main/data,Synthetic demo seed,2026-09-24,synthetic_demo,false
DEMO-EAR-0907,13.7,USD,synthetic demo reference,https://github.com/wa52/ai-customer-service/tree/main/data,Synthetic demo seed,2026-09-24,synthetic_demo,false
DEMO-BRA-0908,17.4,USD,synthetic demo reference,https://github.com/wa52/ai-customer-service/tree/main/data,Synthetic demo seed,2026-09-24,synthetic_demo,false
DEMO-RIN-0909,2.1,USD,synthetic demo reference,https://github.com/wa52/ai-customer-service/tree/main/data,Synthetic demo seed,2026-09-24,synthetic_demo,false
DEMO-NEC-0910,5.8,USD,synthetic demo reference,https://github.com/wa52/ai-customer-service/tree/main/data,Synthetic demo seed,2026-09-24,synthetic_demo,false
DEMO-EAR-0911,9.5,USD,synthetic demo reference,https://github.com/wa52/ai-customer-service/tree/main/data,Synthetic demo seed,2026-09-24,synthetic_demo,false
DEMO-BRA-0912,13.2,USD,synthetic demo reference,https://github.com/wa52/ai-customer-service/tree/main/data,Synthetic demo seed,2026-09-24,synthetic_demo,false
DEMO-RIN-0913,16.9,USD,synthetic demo reference,https://github.com/wa52/ai-customer-service/tree/main/data,Synthetic demo seed,2026-09-24,synthetic_demo,false
DEMO-NEC-0914,20.6,USD,synthetic demo reference,https://github.com/wa52/ai-customer-service/tree/main/data,Synthetic demo seed,2026-09-24,synthetic_demo,false
DEMO-EAR-0915,5.3,USD,synthetic demo reference,https://github.com/wa52/ai-customer-service/tree/main/data,Synthetic demo seed,2026-09-24,synthetic_demo,false
DEMO-BRA-0916,9.0,USD,synthetic demo reference,https://github.com/wa52/ai-customer-service/tree/main/data,Synthetic demo seed,2026-09-24,synthetic_demo,false
DEMO-RIN-0917,12.7,USD,synthetic demo reference,https://github.com/wa52/ai-customer-service/tree/main/data,Synthetic demo seed,2026-09-24,synthetic_demo,false
DEMO-NEC-0918,16.4,USD,synthetic demo reference,https://github.com/wa52/ai-customer-service/tree/main/data,Synthetic demo seed,2026-09-24,synthetic_demo,false
DEMO-EAR-0919,20.1,USD,synthetic demo reference,https://github.com/wa52/ai-customer-service/tree/main/data,Synthetic demo seed,2026-09-24,synthetic_demo,false
DEMO-BRA-0920,4.8,USD,synthetic demo reference,https://github.com/wa52/ai-customer-service/tree/main/data,Synthetic demo seed,2026-09-24,synthetic_demo,false
DEMO-RIN-0921,8.5,USD,synthetic demo reference,https://github.com/wa52/ai-customer-service/tree/main/data,Synthetic demo seed,2026-09-24,synthetic_demo,false
DEMO-NEC-0922,12.2,USD,synthetic demo reference,https://github.com/wa52/ai-customer-service/tree/main/data,Synthetic demo seed,2026-09-24,synthetic_demo,false
DEMO-EAR-0923,15.9,USD,synthetic demo reference,https://github.com/wa52/ai-customer-service/tree/main/data,Synthetic demo seed,2026-09-24,synthetic_demo,false
DEMO-BRA-0924,19.6,USD,synthetic demo reference,https://github.com/wa52/ai-customer-service/tree/main/data,Synthetic demo seed,2026-09-24,synthetic_demo,false
DEMO-RIN-0925,4.3,USD,synthetic demo reference,https://github.com/wa52/ai-customer-service/tree/main/data,Synthetic demo seed,2026-09-24,synthetic_demo,false
DEMO-NEC-0926,8.0,USD,synthetic demo reference,https://github.com/wa52/ai-customer-service/tree/main/data,Synthetic demo seed,2026-09-24,synthetic_demo,false
DEMO-EAR-0927,11.7,USD,synthetic demo reference,https://github.com/wa52/ai-customer-service/tree/main/data,Synthetic demo seed,2026-09-24,synthetic_demo,false
DEMO-BRA-0928,15.4,USD,synthetic demo reference,https://github.com/wa52/ai-customer-service/tree/main/data,Synthetic demo seed,2026-09-24,synthetic_demo,false
DEMO-RIN-0929,19.1,USD,synthetic demo reference,https://github.com/wa52/ai-customer-service/tree/main/data,Synthetic demo seed,2026-09-24,synthetic_demo,false
DEMO-NEC-0930,3.8,USD,synthetic demo reference,https://github.com/wa52/ai-customer-service/tree/main/data,Synthetic demo seed,2026-09-24,synthetic_demo,false
DEMO-EAR-0931,7.5,USD,synthetic demo reference,https://github.com/wa52/ai-customer-service/tree/main/data,Synthetic demo seed,2026-09-24,synthetic_demo,false
DEMO-BRA-0932,11.2,USD,synthetic demo reference,https://github.com/wa52/ai-customer-service/tree/main/data,Synthetic demo seed,2026-09-24,synthetic_demo,false
DEMO-RIN-0933,14.9,USD,synthetic demo reference,https://github.com/wa52/ai-customer-service/tree/main/data,Synthetic demo seed,2026-09-24,synthetic_demo,false
DEMO-NEC-0934,18.6,USD,synthetic demo reference,https://github.com/wa52/ai-customer-service/tree/main/data,Synthetic demo seed,2026-09-24,synthetic_demo,false
DEMO-EAR-0935,3.3,USD,synthetic demo reference,https://github.com/wa52/ai-customer-service/tree/main/data,Synthetic demo seed,2026-09-24,synthetic_demo,false
DEMO-BRA-0936,7.0,USD,synthetic demo reference,https://github.com/wa52/ai-customer-service/tree/main/data,Synthetic demo seed,2026-09-24,synthetic_demo,false
DEMO-RIN-0937,10.7,USD,synthetic demo reference,https://github.com/wa52/ai-customer-service/tree/main/data,Synthetic demo seed,2026-09-24,synthetic_demo,false
DEMO-NEC-0938,14.4,USD,synthetic demo reference,https://github.com/wa52/ai-customer-service/tree/main/data,Synthetic demo seed,2026-09-24,synthetic_demo,false
DEMO-EAR-0939,18.1,USD,synthetic demo reference,https://github.com/wa52/ai-customer-service/tree/main/data,Synthetic demo seed,2026-09-24,synthetic_demo,false
DEMO-BRA-0940,2.8,USD,synthetic demo reference,https://github.com/wa52/ai-customer-service/tree/main/data,Synthetic demo seed,2026-09-24,synthetic_demo,false
DEMO-RIN-0941,6.5,USD,synthetic demo reference,https://github.com/wa52/ai-customer-service/tree/main/data,Synthetic demo seed,2026-09-24,synthetic_demo,false
DEMO-NEC-0942,10.2,USD,synthetic demo reference,https://github.com/wa52/ai-customer-service/tree/main/data,Synthetic demo seed,2026-09-24,synthetic_demo,false
DEMO-EAR-0943,13.9,USD,synthetic demo reference,https://github.com/wa52/ai-customer-service/tree/main/data,Synthetic demo seed,2026-09-24,synthetic_demo,false
DEMO-BRA-0944,17.6,USD,synthetic demo reference,https://github.com/wa52/ai-customer-service/tree/main/data,Synthetic demo seed,2026-09-24,synthetic_demo,false
DEMO-RIN-0945,2.3,USD,synthetic demo reference,https://github.com/wa52/ai-customer-service/tree/main/data,Synthetic demo seed,2026-09-24,synthetic_demo,false
DEMO-NEC-0946,6.0,USD,synthetic demo reference,https://github.com/wa52/ai-customer-service/tree/main/data,Synthetic demo seed,2026-09-24,synthetic_demo,false
DEMO-EAR-0947,9.7,USD,synthetic demo reference,https://github.com/wa52/ai-customer-service/tree/main/data,Synthetic demo seed,2026-09-24,synthetic_demo,false
DEMO-BRA-0948,13.4,USD,synthetic demo reference,https://github.com/wa52/ai-customer-service/tree/main/data,Synthetic demo seed,2026-09-24,synthetic_demo,false
DEMO-RIN-0949,17.1,USD,synthetic demo reference,https://github.com/wa52/ai-customer-service/tree/main/data,Synthetic demo seed,2026-09-24,synthetic_demo,false
DEMO-NEC-0950,1.8,USD,synthetic demo reference,https://github.com/wa52/ai-customer-service/tree/main/data,Synthetic demo seed,2026-09-24,synthetic_demo,false
DEMO-EAR-0951,5.5,USD,synthetic demo reference,https://github.com/wa52/ai-customer-service/tree/main/data,Synthetic demo seed,2026-09-24,synthetic_demo,false
DEMO-BRA-0952,9.2,USD,synthetic demo reference,https://github.com/wa52/ai-customer-service/tree/main/data,Synthetic demo seed,2026-09-24,synthetic_demo,false
DEMO-RIN-0953,12.9,USD,synthetic demo reference,https://github.com/wa52/ai-customer-service/tree/main/data,Synthetic demo seed,2026-09-24,synthetic_demo,false
DEMO-NEC-0954,16.6,USD,synthetic demo reference,https://github.com/wa52/ai-customer-service/tree/main/data,Synthetic demo seed,2026-09-24,synthetic_demo,false
DEMO-EAR-0955,20.3,USD,synthetic demo reference,https://github.com/wa52/ai-customer-service/tree/main/data,Synthetic demo seed,2026-09-24,synthetic_demo,false
DEMO-BRA-0956,5.0,USD,synthetic demo reference,https://github.com/wa52/ai-customer-service/tree/main/data,Synthetic demo seed,2026-09-24,synthetic_demo,false
DEMO-RIN-0957,8.7,USD,synthetic demo reference,https://github.com/wa52/ai-customer-service/tree/main/data,Synthetic demo seed,2026-09-24,synthetic_demo,false
DEMO-NEC-0958,12.4,USD,synthetic demo reference,https://github.com/wa52/ai-customer-service/tree/main/data,Synthetic demo seed,2026-09-24,synthetic_demo,false
DEMO-EAR-0959,16.1,USD,synthetic demo reference,https://github.com/wa52/ai-customer-service/tree/main/data,Synthetic demo seed,2026-09-24,synthetic_demo,false
DEMO-BRA-0960,19.8,USD,synthetic demo reference,https://github.com/wa52/ai-customer-service/tree/main/data,Synthetic demo seed,2026-09-24,synthetic_demo,false
DEMO-RIN-0961,4.5,USD,synthetic demo reference,https://github.com/wa52/ai-customer-service/tree/main/data,Synthetic demo seed,2026-09-24,synthetic_demo,false
DEMO-NEC-0962,8.2,USD,synthetic demo reference,https://github.com/wa52/ai-customer-service/tree/main/data,Synthetic demo seed,2026-09-24,synthetic_demo,false
DEMO-EAR-0963,11.9,USD,synthetic demo reference,https://github.com/wa52/ai-customer-service/tree/main/data,Synthetic demo seed,2026-09-24,synthetic_demo,false
DEMO-BRA-0964,15.6,USD,synthetic demo reference,https://github.com/wa52/ai-customer-service/tree/main/data,Synthetic demo seed,2026-09-24,synthetic_demo,false
DEMO-RIN-0965,19.3,USD,synthetic demo reference,https://github.com/wa52/ai-customer-service/tree/main/data,Synthetic demo seed,2026-09-24,synthetic_demo,false
DEMO-NEC-0966,4.0,USD,synthetic demo reference,https://github.com/wa52/ai-customer-service/tree/main/data,Synthetic demo seed,2026-09-24,synthetic_demo,false
DEMO-EAR-0967,7.7,USD,synthetic demo reference,https://github.com/wa52/ai-customer-service/tree/main/data,Synthetic demo seed,2026-09-24,synthetic_demo,false
DEMO-BRA-0968,11.4,USD,synthetic demo reference,https://github.com/wa52/ai-customer-service/tree/main/data,Synthetic demo seed,2026-09-24,synthetic_demo,false
DEMO-RIN-0969,15.1,USD,synthetic demo reference,https://github.com/wa52/ai-customer-service/tree/main/data,Synthetic demo seed,2026-09-24,synthetic_demo,false
DEMO-NEC-0970,18.8,USD,synthetic demo reference,https://github.com/wa52/ai-customer-service/tree/main/data,Synthetic demo seed,2026-09-24,synthetic_demo,false
DEMO-EAR-0971,3.5,USD,synthetic demo reference,https://github.com/wa52/ai-customer-service/tree/main/data,Synthetic demo seed,2026-09-24,synthetic_demo,false
DEMO-BRA-0972,7.2,USD,synthetic demo reference,https://github.com/wa52/ai-customer-service/tree/main/data,Synthetic demo seed,2026-09-24,synthetic_demo,false
DEMO-RIN-0973,10.9,USD,synthetic demo reference,https://github.com/wa52/ai-customer-service/tree/main/data,Synthetic demo seed,2026-09-24,synthetic_demo,false
DEMO-NEC-0974,14.6,USD,synthetic demo reference,https://github.com/wa52/ai-customer-service/tree/main/data,Synthetic demo seed,2026-09-24,synthetic_demo,false
DEMO-EAR-0975,18.3,USD,synthetic demo reference,https://github.com/wa52/ai-customer-service/tree/main/data,Synthetic demo seed,2026-09-24,synthetic_demo,false
DEMO-BRA-0976,3.0,USD,synthetic demo reference,https://github.com/wa52/ai-customer-service/tree/main/data,Synthetic demo seed,2026-09-24,synthetic_demo,false
DEMO-RIN-0977,6.7,USD,synthetic demo reference,https://github.com/wa52/ai-customer-service/tree/main/data,Synthetic demo seed,2026-09-24,synthetic_demo,false
DEMO-NEC-0978,10.4,USD,synthetic demo reference,https://github.com/wa52/ai-customer-service/tree/main/data,Synthetic demo seed,2026-09-24,synthetic_demo,false
DEMO-EAR-0979,14.1,USD,synthetic demo reference,https://github.com/wa52/ai-customer-service/tree/main/data,Synthetic demo seed,2026-09-24,synthetic_demo,false
DEMO-BRA-0980,17.8,USD,synthetic demo reference,https://github.com/wa52/ai-customer-service/tree/main/data,Synthetic demo seed,2026-09-24,synthetic_demo,false
DEMO-RIN-0981,2.5,USD,synthetic demo reference,https://github.com/wa52/ai-customer-service/tree/main/data,Synthetic demo seed,2026-09-24,synthetic_demo,false
DEMO-NEC-0982,6.2,USD,synthetic demo reference,https://github.com/wa52/ai-customer-service/tree/main/data,Synthetic demo seed,2026-09-24,synthetic_demo,false
DEMO-EAR-0983,9.9,USD,synthetic demo reference,https://github.com/wa52/ai-customer-service/tree/main/data,Synthetic demo seed,2026-09-24,synthetic_demo,false
DEMO-BRA-0984,13.6,USD,synthetic demo reference,https://github.com/wa52/ai-customer-service/tree/main/data,Synthetic demo seed,2026-09-24,synthetic_demo,false
DEMO-RIN-0985,17.3,USD,synthetic demo reference,https://github.com/wa52/ai-customer-service/tree/main/data,Synthetic demo seed,2026-09-24,synthetic_demo,false
DEMO-NEC-0986,2.0,USD,synthetic demo reference,https://github.com/wa52/ai-customer-service/tree/main/data,Synthetic demo seed,2026-09-24,synthetic_demo,false
DEMO-EAR-0987,5.7,USD,synthetic demo reference,https://github.com/wa52/ai-customer-service/tree/main/data,Synthetic demo seed,2026-09-24,synthetic_demo,false
DEMO-BRA-0988,9.4,USD,synthetic demo reference,https://github.com/wa52/ai-customer-service/tree/main/data,Synthetic demo seed,2026-09-24,synthetic_demo,false
DEMO-RIN-0989,13.1,USD,synthetic demo reference,https://github.com/wa52/ai-customer-service/tree/main/data,Synthetic demo seed,2026-09-24,synthetic_demo,false
DEMO-NEC-0990,16.8,USD,synthetic demo reference,https://github.com/wa52/ai-customer-service/tree/main/data,Synthetic demo seed,2026-09-24,synthetic_demo,false
DEMO-EAR-0991,20.5,USD,synthetic demo reference,https://github.com/wa52/ai-customer-service/tree/main/data,Synthetic demo seed,2026-09-24,synthetic_demo,false
DEMO-BRA-0992,5.2,USD,synthetic demo reference,https://github.com/wa52/ai-customer-service/tree/main/data,Synthetic demo seed,2026-09-24,synthetic_demo,false
DEMO-RIN-0993,8.9,USD,synthetic demo reference,https://github.com/wa52/ai-customer-service/tree/main/data,Synthetic demo seed,2026-09-24,synthetic_demo,false
DEMO-NEC-0994,12.6,USD,synthetic demo reference,https://github.com/wa52/ai-customer-service/tree/main/data,Synthetic demo seed,2026-09-24,synthetic_demo,false
DEMO-EAR-0995,16.3,USD,synthetic demo reference,https://github.com/wa52/ai-customer-service/tree/main/data,Synthetic demo seed,2026-09-24,synthetic_demo,false
DEMO-BRA-0996,20.0,USD,synthetic demo reference,https://github.com/wa52/ai-customer-service/tree/main/data,Synthetic demo seed,2026-09-24,synthetic_demo,false
DEMO-RIN-0997,4.7,USD,synthetic demo reference,https://github.com/wa52/ai-customer-service/tree/main/data,Synthetic demo seed,2026-09-24,synthetic_demo,false
DEMO-NEC-0998,8.4,USD,synthetic demo reference,https://github.com/wa52/ai-customer-service/tree/main/data,Synthetic demo seed,2026-09-24,synthetic_demo,false
DEMO-EAR-0999,12.1,USD,synthetic demo reference,https://github.com/wa52/ai-customer-service/tree/main/data,Synthetic demo seed,2026-09-24,synthetic_demo,false
DEMO-BRA-1000,15.8,USD,synthetic demo reference,https://github.com/wa52/ai-customer-service/tree/main/data,Synthetic demo seed,2026-09-24,synthetic_demo,false
