external_id,name,category,material,plating,color,size,style,gender,stone,moq,reference_price,currency,image_url,source_url,source_name,data_kind,is_external_reference
DEMO-RIN-0001,Demo Simple Ring 0001,ring,316L,none,silver,adjustable,simple,unisex,none,50,5.5,USD,,https://github.com/wa52/ai-customer-service/tree/main/data,Synthetic demo seed,synthetic_demo,false
DEMO-NEC-0002,Demo Vintage Necklace 0002,necklace,304 stainless steel,PVD,black,standard,vintage,unisex,none,100,9.2,USD,,https://github.com/wa52/ai-customer-service/tree/main/data,Synthetic demo seed,synthetic_demo,false
DEMO-EAR-0003,Demo Geometric Earring 0003,earring,316L,PVD,gold,standard,geometric,unisex,none,150,12.9,USD,,https://github.com/wa52/ai-customer-service/tree/main/data,Synthetic demo seed,synthetic_demo,false
DEMO-BRA-0004,Demo Minimal Bracelet 0004,bracelet,304 stainless steel,PVD,rose gold,adjustable,minimal,unisex,none,200,16.6,USD,,https://github.com/wa52/ai-customer-service/tree/main/data,Synthetic demo seed,synthetic_demo,false
DEMO-RIN-0005,Demo Statement Ring 0005,ring,316L,none,silver,adjustable,statement,unisex,none,250,20.3,USD,,https://github.com/wa52/ai-customer-service/tree/main/data,Synthetic demo seed,synthetic_demo,false
DEMO-NEC-0006,Demo Simple Necklace 0006,necklace,304 stainless steel,PVD,black,standard,simple,unisex,none,300,5.0,USD,,https://github.com/wa52/ai-customer-service/tree/main/data,Synthetic demo seed,synthetic_demo,false
DEMO-EAR-0007,Demo Vintage Earring 0007,earring,316L,PVD,gold,standard,vintage,unisex,none,50,8.7,USD,,https://github.com/wa52/ai-customer-service/tree/main/data,Synthetic demo seed,synthetic_demo,false
DEMO-BRA-0008,Demo Geometric Bracelet 0008,bracelet,304 stainless steel,PVD,rose gold,adjustable,geometric,unisex,none,100,12.4,USD,,https://github.com/wa52/ai-customer-service/tree/main/data,Synthetic demo seed,synthetic_demo,false
DEMO-RIN-0009,Demo Minimal Ring 0009,ring,316L,none,silver,adjustable,minimal,unisex,none,150,16.1,USD,,https://github.com/wa52/ai-customer-service/tree/main/data,Synthetic demo seed,synthetic_demo,false
DEMO-NEC-0010,Demo Statement Necklace 0010,necklace,304 stainless steel,PVD,black,standard,statement,unisex,none,200,19.8,USD,,https://github.com/wa52/ai-customer-service/tree/main/data,Synthetic demo seed,synthetic_demo,false
DEMO-EAR-0011,Demo Simple Earring 0011,earring,316L,PVD,gold,standard,simple,unisex,none,250,4.5,USD,,https://github.com/wa52/ai-customer-service/tree/main/data,Synthetic demo seed,synthetic_demo,false
DEMO-BRA-0012,Demo Vintage Bracelet 0012,bracelet,304 stainless steel,PVD,rose gold,adjustable,vintage,unisex,none,300,8.2,USD,,https://github.com/wa52/ai-customer-service/tree/main/data,Synthetic demo seed,synthetic_demo,false
DEMO-RIN-0013,Demo Geometric Ring 0013,ring,316L,none,silver,adjustable,geometric,unisex,none,50,11.9,USD,,https://github.com/wa52/ai-customer-service/tree/main/data,Synthetic demo seed,synthetic_demo,false
DEMO-NEC-0014,Demo Minimal Necklace 0014,necklace,304 stainless steel,PVD,black,standard,minimal,unisex,none,100,15.6,USD,,https://github.com/wa52/ai-customer-service/tree/main/data,Synthetic demo seed,synthetic_demo,false
DEMO-EAR-0015,Demo Statement Earring 0015,earring,316L,PVD,gold,standard,statement,unisex,none,150,19.3,USD,,https://github.com/wa52/ai-customer-service/tree/main/data,Synthetic demo seed,synthetic_demo,false
DEMO-BRA-0016,Demo Simple Bracelet 0016,bracelet,304 stainless steel,PVD,rose gold,adjustable,simple,unisex,none,200,4.0,USD,,https://github.com/wa52/ai-customer-service/tree/main/data,Synthetic demo seed,synthetic_demo,false
DEMO-RIN-0017,Demo Vintage Ring 0017,ring,316L,none,silver,adjustable,vintage,unisex,none,250,7.7,USD,,https://github.com/wa52/ai-customer-service/tree/main/data,Synthetic demo seed,synthetic_demo,false
DEMO-NEC-0018,Demo Geometric Necklace 0018,necklace,304 stainless steel,PVD,black,standard,geometric,unisex,none,300,11.4,USD,,https://github.com/wa52/ai-customer-service/tree/main/data,Synthetic demo seed,synthetic_demo,false
DEMO-EAR-0019,Demo Minimal Earring 0019,earring,316L,PVD,gold,standard,minimal,unisex,none,50,15.1,USD,,https://github.com/wa52/ai-customer-service/tree/main/data,Synthetic demo seed,synthetic_demo,false
DEMO-BRA-0020,Demo Statement Bracelet 0020,bracelet,304 stainless steel,PVD,rose gold,adjustable,statement,unisex,none,100,18.8,USD,,https://github.com/wa52/ai-customer-service/tree/main/data,Synthetic demo seed,synthetic_demo,false
DEMO-RIN-0021,Demo Simple Ring 0021,ring,316L,none,silver,adjustable,simple,unisex,none,150,3.5,USD,,https://github.com/wa52/ai-customer-service/tree/main/data,Synthetic demo seed,synthetic_demo,false
DEMO-NEC-0022,Demo Vintage Necklace 0022,necklace,304 stainless steel,PVD,black,standard,vintage,unisex,none,200,7.2,USD,,https://github.com/wa52/ai-customer-service/tree/main/data,Synthetic demo seed,synthetic_demo,false
DEMO-EAR-0023,Demo Geometric Earring 0023,earring,316L,PVD,gold,standard,geometric,unisex,none,250,10.9,USD,,https://github.com/wa52/ai-customer-service/tree/main/data,Synthetic demo seed,synthetic_demo,false
DEMO-BRA-0024,Demo Minimal Bracelet 0024,bracelet,304 stainless steel,PVD,rose gold,adjustable,minimal,unisex,none,300,14.6,USD,,https://github.com/wa52/ai-customer-service/tree/main/data,Synthetic demo seed,synthetic_demo,false
DEMO-RIN-0025,Demo Statement Ring 0025,ring,316L,none,silver,adjustable,statement,unisex,none,50,18.3,USD,,https://github.com/wa52/ai-customer-service/tree/main/data,Synthetic demo seed,synthetic_demo,false
DEMO-NEC-0026,Demo Simple Necklace 0026,necklace,304 stainless steel,PVD,black,standard,simple,unisex,none,100,3.0,USD,,https://github.com/wa52/ai-customer-service/tree/main/data,Synthetic demo seed,synthetic_demo,false
DEMO-EAR-0027,Demo Vintage Earring 0027,earring,316L,PVD,gold,standard,vintage,unisex,none,150,6.7,USD,,https://github.com/wa52/ai-customer-service/tree/main/data,Synthetic demo seed,synthetic_demo,false
DEMO-BRA-0028,Demo Geometric Bracelet 0028,bracelet,304 stainless steel,PVD,rose gold,adjustable,geometric,unisex,none,200,10.4,USD,,https://github.com/wa52/ai-customer-service/tree/main/data,Synthetic demo seed,synthetic_demo,false
DEMO-RIN-0029,Demo Minimal Ring 0029,ring,316L,none,silver,adjustable,minimal,unisex,none,250,14.1,USD,,https://github.com/wa52/ai-customer-service/tree/main/data,Synthetic demo seed,synthetic_demo,false
DEMO-NEC-0030,Demo Statement Necklace 0030,necklace,304 stainless steel,PVD,black,standard,statement,unisex,none,300,17.8,USD,,https://github.com/wa52/ai-customer-service/tree/main/data,Synthetic demo seed,synthetic_demo,false
DEMO-EAR-0031,Demo Simple Earring 0031,earring,316L,PVD,gold,standard,simple,unisex,none,50,2.5,USD,,https://github.com/wa52/ai-customer-service/tree/main/data,Synthetic demo seed,synthetic_demo,false
DEMO-BRA-0032,Demo Vintage Bracelet 0032,bracelet,304 stainless steel,PVD,rose gold,adjustable,vintage,unisex,none,100,6.2,USD,,https://github.com/wa52/ai-customer-service/tree/main/data,Synthetic demo seed,synthetic_demo,false
DEMO-RIN-0033,Demo Geometric Ring 0033,ring,316L,none,silver,adjustable,geometric,unisex,none,150,9.9,USD,,https://github.com/wa52/ai-customer-service/tree/main/data,Synthetic demo seed,synthetic_demo,false
DEMO-NEC-0034,Demo Minimal Necklace 0034,necklace,304 stainless steel,PVD,black,standard,minimal,unisex,none,200,13.6,USD,,https://github.com/wa52/ai-customer-service/tree/main/data,Synthetic demo seed,synthetic_demo,false
DEMO-EAR-0035,Demo Statement Earring 0035,earring,316L,PVD,gold,standard,statement,unisex,none,250,17.3,USD,,https://github.com/wa52/ai-customer-service/tree/main/data,Synthetic demo seed,synthetic_demo,false
DEMO-BRA-0036,Demo Simple Bracelet 0036,bracelet,304 stainless steel,PVD,rose gold,adjustable,simple,unisex,none,300,2.0,USD,,https://github.com/wa52/ai-customer-service/tree/main/data,Synthetic demo seed,synthetic_demo,false
DEMO-RIN-0037,Demo Vintage Ring 0037,ring,316L,none,silver,adjustable,vintage,unisex,none,50,5.7,USD,,https://github.com/wa52/ai-customer-service/tree/main/data,Synthetic demo seed,synthetic_demo,false
DEMO-NEC-0038,Demo Geometric Necklace 0038,necklace,304 stainless steel,PVD,black,standard,geometric,unisex,none,100,9.4,USD,,https://github.com/wa52/ai-customer-service/tree/main/data,Synthetic demo seed,synthetic_demo,false
DEMO-EAR-0039,Demo Minimal Earring 0039,earring,316L,PVD,gold,standard,minimal,unisex,none,150,13.1,USD,,https://github.com/wa52/ai-customer-service/tree/main/data,Synthetic demo seed,synthetic_demo,false
DEMO-BRA-0040,Demo Statement Bracelet 0040,bracelet,304 stainless steel,PVD,rose gold,adjustable,statement,unisex,none,200,16.8,USD,,https://github.com/wa52/ai-customer-service/tree/main/data,Synthetic demo seed,synthetic_demo,false
DEMO-RIN-0041,Demo Simple Ring 0041,ring,316L,none,silver,adjustable,simple,unisex,none,250,20.5,USD,,https://github.com/wa52/ai-customer-service/tree/main/data,Synthetic demo seed,synthetic_demo,false
DEMO-NEC-0042,Demo Vintage Necklace 0042,necklace,304 stainless steel,PVD,black,standard,vintage,unisex,none,300,5.2,USD,,https://github.com/wa52/ai-customer-service/tree/main/data,Synthetic demo seed,synthetic_demo,false
DEMO-EAR-0043,Demo Geometric Earring 0043,earring,316L,PVD,gold,standard,geometric,unisex,none,50,8.9,USD,,https://github.com/wa52/ai-customer-service/tree/main/data,Synthetic demo seed,synthetic_demo,false
DEMO-BRA-0044,Demo Minimal Bracelet 0044,bracelet,304 stainless steel,PVD,rose gold,adjustable,minimal,unisex,none,100,12.6,USD,,https://github.com/wa52/ai-customer-service/tree/main/data,Synthetic demo seed,synthetic_demo,false
DEMO-RIN-0045,Demo Statement Ring 0045,ring,316L,none,silver,adjustable,statement,unisex,none,150,16.3,USD,,https://github.com/wa52/ai-customer-service/tree/main/data,Synthetic demo seed,synthetic_demo,false
DEMO-NEC-0046,Demo Simple Necklace 0046,necklace,304 stainless steel,PVD,black,standard,simple,unisex,none,200,20.0,USD,,https://github.com/wa52/ai-customer-service/tree/main/data,Synthetic demo seed,synthetic_demo,false
DEMO-EAR-0047,Demo Vintage Earring 0047,earring,316L,PVD,gold,standard,vintage,unisex,none,250,4.7,USD,,https://github.com/wa52/ai-customer-service/tree/main/data,Synthetic demo seed,synthetic_demo,false
DEMO-BRA-0048,Demo Geometric Bracelet 0048,bracelet,304 stainless steel,PVD,rose gold,adjustable,geometric,unisex,none,300,8.4,USD,,https://github.com/wa52/ai-customer-service/tree/main/data,Synthetic demo seed,synthetic_demo,false
DEMO-RIN-0049,Demo Minimal Ring 0049,ring,316L,none,silver,adjustable,minimal,unisex,none,50,12.1,USD,,https://github.com/wa52/ai-customer-service/tree/main/data,Synthetic demo seed,synthetic_demo,false
DEMO-NEC-0050,Demo Statement Necklace 0050,necklace,304 stainless steel,PVD,black,standard,statement,unisex,none,100,15.8,USD,,https://github.com/wa52/ai-customer-service/tree/main/data,Synthetic demo seed,synthetic_demo,false
DEMO-EAR-0051,Demo Simple Earring 0051,earring,316L,PVD,gold,standard,simple,unisex,none,150,19.5,USD,,https://github.com/wa52/ai-customer-service/tree/main/data,Synthetic demo seed,synthetic_demo,false
DEMO-BRA-0052,Demo Vintage Bracelet 0052,bracelet,304 stainless steel,PVD,rose gold,adjustable,vintage,unisex,none,200,4.2,USD,,https://github.com/wa52/ai-customer-service/tree/main/data,Synthetic demo seed,synthetic_demo,false
DEMO-RIN-0053,Demo Geometric Ring 0053,ring,316L,none,silver,adjustable,geometric,unisex,none,250,7.9,USD,,https://github.com/wa52/ai-customer-service/tree/main/data,Synthetic demo seed,synthetic_demo,false
DEMO-NEC-0054,Demo Minimal Necklace 0054,necklace,304 stainless steel,PVD,black,standard,minimal,unisex,none,300,11.6,USD,,https://github.com/wa52/ai-customer-service/tree/main/data,Synthetic demo seed,synthetic_demo,false
DEMO-EAR-0055,Demo Statement Earring 0055,earring,316L,PVD,gold,standard,statement,unisex,none,50,15.3,USD,,https://github.com/wa52/ai-customer-service/tree/main/data,Synthetic demo seed,synthetic_demo,false
DEMO-BRA-0056,Demo Simple Bracelet 0056,bracelet,304 stainless steel,PVD,rose gold,adjustable,simple,unisex,none,100,19.0,USD,,https://github.com/wa52/ai-customer-service/tree/main/data,Synthetic demo seed,synthetic_demo,false
DEMO-RIN-0057,Demo Vintage Ring 0057,ring,316L,none,silver,adjustable,vintage,unisex,none,150,3.7,USD,,https://github.com/wa52/ai-customer-service/tree/main/data,Synthetic demo seed,synthetic_demo,false
DEMO-NEC-0058,Demo Geometric Necklace 0058,necklace,304 stainless steel,PVD,black,standard,geometric,unisex,none,200,7.4,USD,,https://github.com/wa52/ai-customer-service/tree/main/data,Synthetic demo seed,synthetic_demo,false
DEMO-EAR-0059,Demo Minimal Earring 0059,earring,316L,PVD,gold,standard,minimal,unisex,none,250,11.1,USD,,https://github.com/wa52/ai-customer-service/tree/main/data,Synthetic demo seed,synthetic_demo,false
DEMO-BRA-0060,Demo Statement Bracelet 0060,bracelet,304 stainless steel,PVD,rose gold,adjustable,statement,unisex,none,300,14.8,USD,,https://github.com/wa52/ai-customer-service/tree/main/data,Synthetic demo seed,synthetic_demo,false
DEMO-RIN-0061,Demo Simple Ring 0061,ring,316L,none,silver,adjustable,simple,unisex,none,50,18.5,USD,,https://github.com/wa52/ai-customer-service/tree/main/data,Synthetic demo seed,synthetic_demo,false
DEMO-NEC-0062,Demo Vintage Necklace 0062,necklace,304 stainless steel,PVD,black,standard,vintage,unisex,none,100,3.2,USD,,https://github.com/wa52/ai-customer-service/tree/main/data,Synthetic demo seed,synthetic_demo,false
DEMO-EAR-0063,Demo Geometric Earring 0063,earring,316L,PVD,gold,standard,geometric,unisex,none,150,6.9,USD,,https://github.com/wa52/ai-customer-service/tree/main/data,Synthetic demo seed,synthetic_demo,false
DEMO-BRA-0064,Demo Minimal Bracelet 0064,bracelet,304 stainless steel,PVD,rose gold,adjustable,minimal,unisex,none,200,10.6,USD,,https://github.com/wa52/ai-customer-service/tree/main/data,Synthetic demo seed,synthetic_demo,false
DEMO-RIN-0065,Demo Statement Ring 0065,ring,316L,none,silver,adjustable,statement,unisex,none,250,14.3,USD,,https://github.com/wa52/ai-customer-service/tree/main/data,Synthetic demo seed,synthetic_demo,false
DEMO-NEC-0066,Demo Simple Necklace 0066,necklace,304 stainless steel,PVD,black,standard,simple,unisex,none,300,18.0,USD,,https://github.com/wa52/ai-customer-service/tree/main/data,Synthetic demo seed,synthetic_demo,false
DEMO-EAR-0067,Demo Vintage Earring 0067,earring,316L,PVD,gold,standard,vintage,unisex,none,50,2.7,USD,,https://github.com/wa52/ai-customer-service/tree/main/data,Synthetic demo seed,synthetic_demo,false
DEMO-BRA-0068,Demo Geometric Bracelet 0068,bracelet,304 stainless steel,PVD,rose gold,adjustable,geometric,unisex,none,100,6.4,USD,,https://github.com/wa52/ai-customer-service/tree/main/data,Synthetic demo seed,synthetic_demo,false
DEMO-RIN-0069,Demo Minimal Ring 0069,ring,316L,none,silver,adjustable,minimal,unisex,none,150,10.1,USD,,https://github.com/wa52/ai-customer-service/tree/main/data,Synthetic demo seed,synthetic_demo,false
DEMO-NEC-0070,Demo Statement Necklace 0070,necklace,304 stainless steel,PVD,black,standard,statement,unisex,none,200,13.8,USD,,https://github.com/wa52/ai-customer-service/tree/main/data,Synthetic demo seed,synthetic_demo,false
DEMO-EAR-0071,Demo Simple Earring 0071,earring,316L,PVD,gold,standard,simple,unisex,none,250,17.5,USD,,https://github.com/wa52/ai-customer-service/tree/main/data,Synthetic demo seed,synthetic_demo,false
DEMO-BRA-0072,Demo Vintage Bracelet 0072,bracelet,304 stainless steel,PVD,rose gold,adjustable,vintage,unisex,none,300,2.2,USD,,https://github.com/wa52/ai-customer-service/tree/main/data,Synthetic demo seed,synthetic_demo,false
DEMO-RIN-0073,Demo Geometric Ring 0073,ring,316L,none,silver,adjustable,geometric,unisex,none,50,5.9,USD,,https://github.com/wa52/ai-customer-service/tree/main/data,Synthetic demo seed,synthetic_demo,false
DEMO-NEC-0074,Demo Minimal Necklace 0074,necklace,304 stainless steel,PVD,black,standard,minimal,unisex,none,100,9.6,USD,,https://github.com/wa52/ai-customer-service/tree/main/data,Synthetic demo seed,synthetic_demo,false
DEMO-EAR-0075,Demo Statement Earring 0075,earring,316L,PVD,gold,standard,statement,unisex,none,150,13.3,USD,,https://github.com/wa52/ai-customer-service/tree/main/data,Synthetic demo seed,synthetic_demo,false
DEMO-BRA-0076,Demo Simple Bracelet 0076,bracelet,304 stainless steel,PVD,rose gold,adjustable,simple,unisex,none,200,17.0,USD,,https://github.com/wa52/ai-customer-service/tree/main/data,Synthetic demo seed,synthetic_demo,false
DEMO-RIN-0077,Demo Vintage Ring 0077,ring,316L,none,silver,adjustable,vintage,unisex,none,250,20.7,USD,,https://github.com/wa52/ai-customer-service/tree/main/data,Synthetic demo seed,synthetic_demo,false
DEMO-NEC-0078,Demo Geometric Necklace 0078,necklace,304 stainless steel,PVD,black,standard,geometric,unisex,none,300,5.4,USD,,https://github.com/wa52/ai-customer-service/tree/main/data,Synthetic demo seed,synthetic_demo,false
DEMO-EAR-0079,Demo Minimal Earring 0079,earring,316L,PVD,gold,standard,minimal,unisex,none,50,9.1,USD,,https://github.com/wa52/ai-customer-service/tree/main/data,Synthetic demo seed,synthetic_demo,false
DEMO-BRA-0080,Demo Statement Bracelet 0080,bracelet,304 stainless steel,PVD,rose gold,adjustable,statement,unisex,none,100,12.8,USD,,https://github.com/wa52/ai-customer-service/tree/main/data,Synthetic demo seed,synthetic_demo,false
DEMO-RIN-0081,Demo Simple Ring 0081,ring,316L,none,silver,adjustable,simple,unisex,none,150,16.5,USD,,https://github.com/wa52/ai-customer-service/tree/main/data,Synthetic demo seed,synthetic_demo,false
DEMO-NEC-0082,Demo Vintage Necklace 0082,necklace,304 stainless steel,PVD,black,standard,vintage,unisex,none,200,20.2,USD,,https://github.com/wa52/ai-customer-service/tree/main/data,Synthetic demo seed,synthetic_demo,false
DEMO-EAR-0083,Demo Geometric Earring 0083,earring,316L,PVD,gold,standard,geometric,unisex,none,250,4.9,USD,,https://github.com/wa52/ai-customer-service/tree/main/data,Synthetic demo seed,synthetic_demo,false
DEMO-BRA-0084,Demo Minimal Bracelet 0084,bracelet,304 stainless steel,PVD,rose gold,adjustable,minimal,unisex,none,300,8.6,USD,,https://github.com/wa52/ai-customer-service/tree/main/data,Synthetic demo seed,synthetic_demo,false
DEMO-RIN-0085,Demo Statement Ring 0085,ring,316L,none,silver,adjustable,statement,unisex,none,50,12.3,USD,,https://github.com/wa52/ai-customer-service/tree/main/data,Synthetic demo seed,synthetic_demo,false
DEMO-NEC-0086,Demo Simple Necklace 0086,necklace,304 stainless steel,PVD,black,standard,simple,unisex,none,100,16.0,USD,,https://github.com/wa52/ai-customer-service/tree/main/data,Synthetic demo seed,synthetic_demo,false
DEMO-EAR-0087,Demo Vintage Earring 0087,earring,316L,PVD,gold,standard,vintage,unisex,none,150,19.7,USD,,https://github.com/wa52/ai-customer-service/tree/main/data,Synthetic demo seed,synthetic_demo,false
DEMO-BRA-0088,Demo Geometric Bracelet 0088,bracelet,304 stainless steel,PVD,rose gold,adjustable,geometric,unisex,none,200,4.4,USD,,https://github.com/wa52/ai-customer-service/tree/main/data,Synthetic demo seed,synthetic_demo,false
DEMO-RIN-0089,Demo Minimal Ring 0089,ring,316L,none,silver,adjustable,minimal,unisex,none,250,8.1,USD,,https://github.com/wa52/ai-customer-service/tree/main/data,Synthetic demo seed,synthetic_demo,false
DEMO-NEC-0090,Demo Statement Necklace 0090,necklace,304 stainless steel,PVD,black,standard,statement,unisex,none,300,11.8,USD,,https://github.com/wa52/ai-customer-service/tree/main/data,Synthetic demo seed,synthetic_demo,false
DEMO-EAR-0091,Demo Simple Earring 0091,earring,316L,PVD,gold,standard,simple,unisex,none,50,15.5,USD,,https://github.com/wa52/ai-customer-service/tree/main/data,Synthetic demo seed,synthetic_demo,false
DEMO-BRA-0092,Demo Vintage Bracelet 0092,bracelet,304 stainless steel,PVD,rose gold,adjustable,vintage,unisex,none,100,19.2,USD,,https://github.com/wa52/ai-customer-service/tree/main/data,Synthetic demo seed,synthetic_demo,false
DEMO-RIN-0093,Demo Geometric Ring 0093,ring,316L,none,silver,adjustable,geometric,unisex,none,150,3.9,USD,,https://github.com/wa52/ai-customer-service/tree/main/data,Synthetic demo seed,synthetic_demo,false
DEMO-NEC-0094,Demo Minimal Necklace 0094,necklace,304 stainless steel,PVD,black,standard,minimal,unisex,none,200,7.6,USD,,https://github.com/wa52/ai-customer-service/tree/main/data,Synthetic demo seed,synthetic_demo,false
DEMO-EAR-0095,Demo Statement Earring 0095,earring,316L,PVD,gold,standard,statement,unisex,none,250,11.3,USD,,https://github.com/wa52/ai-customer-service/tree/main/data,Synthetic demo seed,synthetic_demo,false
DEMO-BRA-0096,Demo Simple Bracelet 0096,bracelet,304 stainless steel,PVD,rose gold,adjustable,simple,unisex,none,300,15.0,USD,,https://github.com/wa52/ai-customer-service/tree/main/data,Synthetic demo seed,synthetic_demo,false
DEMO-RIN-0097,Demo Vintage Ring 0097,ring,316L,none,silver,adjustable,vintage,unisex,none,50,18.7,USD,,https://github.com/wa52/ai-customer-service/tree/main/data,Synthetic demo seed,synthetic_demo,false
DEMO-NEC-0098,Demo Geometric Necklace 0098,necklace,304 stainless steel,PVD,black,standard,geometric,unisex,none,100,3.4,USD,,https://github.com/wa52/ai-customer-service/tree/main/data,Synthetic demo seed,synthetic_demo,false
DEMO-EAR-0099,Demo Minimal Earring 0099,earring,316L,PVD,gold,standard,minimal,unisex,none,150,7.1,USD,,https://github.com/wa52/ai-customer-service/tree/main/data,Synthetic demo seed,synthetic_demo,false
DEMO-BRA-0100,Demo Statement Bracelet 0100,bracelet,304 stainless steel,PVD,rose gold,adjustable,statement,unisex,none,200,10.8,USD,,https://github.com/wa52/ai-customer-service/tree/main/data,Synthetic demo seed,synthetic_demo,false
DEMO-RIN-0101,Demo Simple Ring 0101,ring,316L,none,silver,adjustable,simple,unisex,none,250,14.5,USD,,https://github.com/wa52/ai-customer-service/tree/main/data,Synthetic demo seed,synthetic_demo,false
DEMO-NEC-0102,Demo Vintage Necklace 0102,necklace,304 stainless steel,PVD,black,standard,vintage,unisex,none,300,18.2,USD,,https://github.com/wa52/ai-customer-service/tree/main/data,Synthetic demo seed,synthetic_demo,false
DEMO-EAR-0103,Demo Geometric Earring 0103,earring,316L,PVD,gold,standard,geometric,unisex,none,50,2.9,USD,,https://github.com/wa52/ai-customer-service/tree/main/data,Synthetic demo seed,synthetic_demo,false
DEMO-BRA-0104,Demo Minimal Bracelet 0104,bracelet,304 stainless steel,PVD,rose gold,adjustable,minimal,unisex,none,100,6.6,USD,,https://github.com/wa52/ai-customer-service/tree/main/data,Synthetic demo seed,synthetic_demo,false
DEMO-RIN-0105,Demo Statement Ring 0105,ring,316L,none,silver,adjustable,statement,unisex,none,150,10.3,USD,,https://github.com/wa52/ai-customer-service/tree/main/data,Synthetic demo seed,synthetic_demo,false
DEMO-NEC-0106,Demo Simple Necklace 0106,necklace,304 stainless steel,PVD,black,standard,simple,unisex,none,200,14.0,USD,,https://github.com/wa52/ai-customer-service/tree/main/data,Synthetic demo seed,synthetic_demo,false
DEMO-EAR-0107,Demo Vintage Earring 0107,earring,316L,PVD,gold,standard,vintage,unisex,none,250,17.7,USD,,https://github.com/wa52/ai-customer-service/tree/main/data,Synthetic demo seed,synthetic_demo,false
DEMO-BRA-0108,Demo Geometric Bracelet 0108,bracelet,304 stainless steel,PVD,rose gold,adjustable,geometric,unisex,none,300,2.4,USD,,https://github.com/wa52/ai-customer-service/tree/main/data,Synthetic demo seed,synthetic_demo,false
DEMO-RIN-0109,Demo Minimal Ring 0109,ring,316L,none,silver,adjustable,minimal,unisex,none,50,6.1,USD,,https://github.com/wa52/ai-customer-service/tree/main/data,Synthetic demo seed,synthetic_demo,false
DEMO-NEC-0110,Demo Statement Necklace 0110,necklace,304 stainless steel,PVD,black,standard,statement,unisex,none,100,9.8,USD,,https://github.com/wa52/ai-customer-service/tree/main/data,Synthetic demo seed,synthetic_demo,false
DEMO-EAR-0111,Demo Simple Earring 0111,earring,316L,PVD,gold,standard,simple,unisex,none,150,13.5,USD,,https://github.com/wa52/ai-customer-service/tree/main/data,Synthetic demo seed,synthetic_demo,false
DEMO-BRA-0112,Demo Vintage Bracelet 0112,bracelet,304 stainless steel,PVD,rose gold,adjustable,vintage,unisex,none,200,17.2,USD,,https://github.com/wa52/ai-customer-service/tree/main/data,Synthetic demo seed,synthetic_demo,false
DEMO-RIN-0113,Demo Geometric Ring 0113,ring,316L,none,silver,adjustable,geometric,unisex,none,250,1.9,USD,,https://github.com/wa52/ai-customer-service/tree/main/data,Synthetic demo seed,synthetic_demo,false
DEMO-NEC-0114,Demo Minimal Necklace 0114,necklace,304 stainless steel,PVD,black,standard,minimal,unisex,none,300,5.6,USD,,https://github.com/wa52/ai-customer-service/tree/main/data,Synthetic demo seed,synthetic_demo,false
DEMO-EAR-0115,Demo Statement Earring 0115,earring,316L,PVD,gold,standard,statement,unisex,none,50,9.3,USD,,https://github.com/wa52/ai-customer-service/tree/main/data,Synthetic demo seed,synthetic_demo,false
DEMO-BRA-0116,Demo Simple Bracelet 0116,bracelet,304 stainless steel,PVD,rose gold,adjustable,simple,unisex,none,100,13.0,USD,,https://github.com/wa52/ai-customer-service/tree/main/data,Synthetic demo seed,synthetic_demo,false
DEMO-RIN-0117,Demo Vintage Ring 0117,ring,316L,none,silver,adjustable,vintage,unisex,none,150,16.7,USD,,https://github.com/wa52/ai-customer-service/tree/main/data,Synthetic demo seed,synthetic_demo,false
DEMO-NEC-0118,Demo Geometric Necklace 0118,necklace,304 stainless steel,PVD,black,standard,geometric,unisex,none,200,20.4,USD,,https://github.com/wa52/ai-customer-service/tree/main/data,Synthetic demo seed,synthetic_demo,false
DEMO-EAR-0119,Demo Minimal Earring 0119,earring,316L,PVD,gold,standard,minimal,unisex,none,250,5.1,USD,,https://github.com/wa52/ai-customer-service/tree/main/data,Synthetic demo seed,synthetic_demo,false
DEMO-BRA-0120,Demo Statement Bracelet 0120,bracelet,304 stainless steel,PVD,rose gold,adjustable,statement,unisex,none,300,8.8,USD,,https://github.com/wa52/ai-customer-service/tree/main/data,Synthetic demo seed,synthetic_demo,false
DEMO-RIN-0121,Demo Simple Ring 0121,ring,316L,none,silver,adjustable,simple,unisex,none,50,12.5,USD,,https://github.com/wa52/ai-customer-service/tree/main/data,Synthetic demo seed,synthetic_demo,false
DEMO-NEC-0122,Demo Vintage Necklace 0122,necklace,304 stainless steel,PVD,black,standard,vintage,unisex,none,100,16.2,USD,,https://github.com/wa52/ai-customer-service/tree/main/data,Synthetic demo seed,synthetic_demo,false
DEMO-EAR-0123,Demo Geometric Earring 0123,earring,316L,PVD,gold,standard,geometric,unisex,none,150,19.9,USD,,https://github.com/wa52/ai-customer-service/tree/main/data,Synthetic demo seed,synthetic_demo,false
DEMO-BRA-0124,Demo Minimal Bracelet 0124,bracelet,304 stainless steel,PVD,rose gold,adjustable,minimal,unisex,none,200,4.6,USD,,https://github.com/wa52/ai-customer-service/tree/main/data,Synthetic demo seed,synthetic_demo,false
DEMO-RIN-0125,Demo Statement Ring 0125,ring,316L,none,silver,adjustable,statement,unisex,none,250,8.3,USD,,https://github.com/wa52/ai-customer-service/tree/main/data,Synthetic demo seed,synthetic_demo,false
DEMO-NEC-0126,Demo Simple Necklace 0126,necklace,304 stainless steel,PVD,black,standard,simple,unisex,none,300,12.0,USD,,https://github.com/wa52/ai-customer-service/tree/main/data,Synthetic demo seed,synthetic_demo,false
DEMO-EAR-0127,Demo Vintage Earring 0127,earring,316L,PVD,gold,standard,vintage,unisex,none,50,15.7,USD,,https://github.com/wa52/ai-customer-service/tree/main/data,Synthetic demo seed,synthetic_demo,false
DEMO-BRA-0128,Demo Geometric Bracelet 0128,bracelet,304 stainless steel,PVD,rose gold,adjustable,geometric,unisex,none,100,19.4,USD,,https://github.com/wa52/ai-customer-service/tree/main/data,Synthetic demo seed,synthetic_demo,false
DEMO-RIN-0129,Demo Minimal Ring 0129,ring,316L,none,silver,adjustable,minimal,unisex,none,150,4.1,USD,,https://github.com/wa52/ai-customer-service/tree/main/data,Synthetic demo seed,synthetic_demo,false
DEMO-NEC-0130,Demo Statement Necklace 0130,necklace,304 stainless steel,PVD,black,standard,statement,unisex,none,200,7.8,USD,,https://github.com/wa52/ai-customer-service/tree/main/data,Synthetic demo seed,synthetic_demo,false
DEMO-EAR-0131,Demo Simple Earring 0131,earring,316L,PVD,gold,standard,simple,unisex,none,250,11.5,USD,,https://github.com/wa52/ai-customer-service/tree/main/data,Synthetic demo seed,synthetic_demo,false
DEMO-BRA-0132,Demo Vintage Bracelet 0132,bracelet,304 stainless steel,PVD,rose gold,adjustable,vintage,unisex,none,300,15.2,USD,,https://github.com/wa52/ai-customer-service/tree/main/data,Synthetic demo seed,synthetic_demo,false
DEMO-RIN-0133,Demo Geometric Ring 0133,ring,316L,none,silver,adjustable,geometric,unisex,none,50,18.9,USD,,https://github.com/wa52/ai-customer-service/tree/main/data,Synthetic demo seed,synthetic_demo,false
DEMO-NEC-0134,Demo Minimal Necklace 0134,necklace,304 stainless steel,PVD,black,standard,minimal,unisex,none,100,3.6,USD,,https://github.com/wa52/ai-customer-service/tree/main/data,Synthetic demo seed,synthetic_demo,false
DEMO-EAR-0135,Demo Statement Earring 0135,earring,316L,PVD,gold,standard,statement,unisex,none,150,7.3,USD,,https://github.com/wa52/ai-customer-service/tree/main/data,Synthetic demo seed,synthetic_demo,false
DEMO-BRA-0136,Demo Simple Bracelet 0136,bracelet,304 stainless steel,PVD,rose gold,adjustable,simple,unisex,none,200,11.0,USD,,https://github.com/wa52/ai-customer-service/tree/main/data,Synthetic demo seed,synthetic_demo,false
DEMO-RIN-0137,Demo Vintage Ring 0137,ring,316L,none,silver,adjustable,vintage,unisex,none,250,14.7,USD,,https://github.com/wa52/ai-customer-service/tree/main/data,Synthetic demo seed,synthetic_demo,false
DEMO-NEC-0138,Demo Geometric Necklace 0138,necklace,304 stainless steel,PVD,black,standard,geometric,unisex,none,300,18.4,USD,,https://github.com/wa52/ai-customer-service/tree/main/data,Synthetic demo seed,synthetic_demo,false
DEMO-EAR-0139,Demo Minimal Earring 0139,earring,316L,PVD,gold,standard,minimal,unisex,none,50,3.1,USD,,https://github.com/wa52/ai-customer-service/tree/main/data,Synthetic demo seed,synthetic_demo,false
DEMO-BRA-0140,Demo Statement Bracelet 0140,bracelet,304 stainless steel,PVD,rose gold,adjustable,statement,unisex,none,100,6.8,USD,,https://github.com/wa52/ai-customer-service/tree/main/data,Synthetic demo seed,synthetic_demo,false
DEMO-RIN-0141,Demo Simple Ring 0141,ring,316L,none,silver,adjustable,simple,unisex,none,150,10.5,USD,,https://github.com/wa52/ai-customer-service/tree/main/data,Synthetic demo seed,synthetic_demo,false
DEMO-NEC-0142,Demo Vintage Necklace 0142,necklace,304 stainless steel,PVD,black,standard,vintage,unisex,none,200,14.2,USD,,https://github.com/wa52/ai-customer-service/tree/main/data,Synthetic demo seed,synthetic_demo,false
DEMO-EAR-0143,Demo Geometric Earring 0143,earring,316L,PVD,gold,standard,geometric,unisex,none,250,17.9,USD,,https://github.com/wa52/ai-customer-service/tree/main/data,Synthetic demo seed,synthetic_demo,false
DEMO-BRA-0144,Demo Minimal Bracelet 0144,bracelet,304 stainless steel,PVD,rose gold,adjustable,minimal,unisex,none,300,2.6,USD,,https://github.com/wa52/ai-customer-service/tree/main/data,Synthetic demo seed,synthetic_demo,false
DEMO-RIN-0145,Demo Statement Ring 0145,ring,316L,none,silver,adjustable,statement,unisex,none,50,6.3,USD,,https://github.com/wa52/ai-customer-service/tree/main/data,Synthetic demo seed,synthetic_demo,false
DEMO-NEC-0146,Demo Simple Necklace 0146,necklace,304 stainless steel,PVD,black,standard,simple,unisex,none,100,10.0,USD,,https://github.com/wa52/ai-customer-service/tree/main/data,Synthetic demo seed,synthetic_demo,false
DEMO-EAR-0147,Demo Vintage Earring 0147,earring,316L,PVD,gold,standard,vintage,unisex,none,150,13.7,USD,,https://github.com/wa52/ai-customer-service/tree/main/data,Synthetic demo seed,synthetic_demo,false
DEMO-BRA-0148,Demo Geometric Bracelet 0148,bracelet,304 stainless steel,PVD,rose gold,adjustable,geometric,unisex,none,200,17.4,USD,,https://github.com/wa52/ai-customer-service/tree/main/data,Synthetic demo seed,synthetic_demo,false
DEMO-RIN-0149,Demo Minimal Ring 0149,ring,316L,none,silver,adjustable,minimal,unisex,none,250,2.1,USD,,https://github.com/wa52/ai-customer-service/tree/main/data,Synthetic demo seed,synthetic_demo,false
DEMO-NEC-0150,Demo Statement Necklace 0150,necklace,304 stainless steel,PVD,black,standard,statement,unisex,none,300,5.8,USD,,https://github.com/wa52/ai-customer-service/tree/main/data,Synthetic demo seed,synthetic_demo,false
DEMO-EAR-0151,Demo Simple Earring 0151,earring,316L,PVD,gold,standard,simple,unisex,none,50,9.5,USD,,https://github.com/wa52/ai-customer-service/tree/main/data,Synthetic demo seed,synthetic_demo,false
DEMO-BRA-0152,Demo Vintage Bracelet 0152,bracelet,304 stainless steel,PVD,rose gold,adjustable,vintage,unisex,none,100,13.2,USD,,https://github.com/wa52/ai-customer-service/tree/main/data,Synthetic demo seed,synthetic_demo,false
DEMO-RIN-0153,Demo Geometric Ring 0153,ring,316L,none,silver,adjustable,geometric,unisex,none,150,16.9,USD,,https://github.com/wa52/ai-customer-service/tree/main/data,Synthetic demo seed,synthetic_demo,false
DEMO-NEC-0154,Demo Minimal Necklace 0154,necklace,304 stainless steel,PVD,black,standard,minimal,unisex,none,200,20.6,USD,,https://github.com/wa52/ai-customer-service/tree/main/data,Synthetic demo seed,synthetic_demo,false
DEMO-EAR-0155,Demo Statement Earring 0155,earring,316L,PVD,gold,standard,statement,unisex,none,250,5.3,USD,,https://github.com/wa52/ai-customer-service/tree/main/data,Synthetic demo seed,synthetic_demo,false
DEMO-BRA-0156,Demo Simple Bracelet 0156,bracelet,304 stainless steel,PVD,rose gold,adjustable,simple,unisex,none,300,9.0,USD,,https://github.com/wa52/ai-customer-service/tree/main/data,Synthetic demo seed,synthetic_demo,false
DEMO-RIN-0157,Demo Vintage Ring 0157,ring,316L,none,silver,adjustable,vintage,unisex,none,50,12.7,USD,,https://github.com/wa52/ai-customer-service/tree/main/data,Synthetic demo seed,synthetic_demo,false
DEMO-NEC-0158,Demo Geometric Necklace 0158,necklace,304 stainless steel,PVD,black,standard,geometric,unisex,none,100,16.4,USD,,https://github.com/wa52/ai-customer-service/tree/main/data,Synthetic demo seed,synthetic_demo,false
DEMO-EAR-0159,Demo Minimal Earring 0159,earring,316L,PVD,gold,standard,minimal,unisex,none,150,20.1,USD,,https://github.com/wa52/ai-customer-service/tree/main/data,Synthetic demo seed,synthetic_demo,false
DEMO-BRA-0160,Demo Statement Bracelet 0160,bracelet,304 stainless steel,PVD,rose gold,adjustable,statement,unisex,none,200,4.8,USD,,https://github.com/wa52/ai-customer-service/tree/main/data,Synthetic demo seed,synthetic_demo,false
DEMO-RIN-0161,Demo Simple Ring 0161,ring,316L,none,silver,adjustable,simple,unisex,none,250,8.5,USD,,https://github.com/wa52/ai-customer-service/tree/main/data,Synthetic demo seed,synthetic_demo,false
DEMO-NEC-0162,Demo Vintage Necklace 0162,necklace,304 stainless steel,PVD,black,standard,vintage,unisex,none,300,12.2,USD,,https://github.com/wa52/ai-customer-service/tree/main/data,Synthetic demo seed,synthetic_demo,false
DEMO-EAR-0163,Demo Geometric Earring 0163,earring,316L,PVD,gold,standard,geometric,unisex,none,50,15.9,USD,,https://github.com/wa52/ai-customer-service/tree/main/data,Synthetic demo seed,synthetic_demo,false
DEMO-BRA-0164,Demo Minimal Bracelet 0164,bracelet,304 stainless steel,PVD,rose gold,adjustable,minimal,unisex,none,100,19.6,USD,,https://github.com/wa52/ai-customer-service/tree/main/data,Synthetic demo seed,synthetic_demo,false
DEMO-RIN-0165,Demo Statement Ring 0165,ring,316L,none,silver,adjustable,statement,unisex,none,150,4.3,USD,,https://github.com/wa52/ai-customer-service/tree/main/data,Synthetic demo seed,synthetic_demo,false
DEMO-NEC-0166,Demo Simple Necklace 0166,necklace,304 stainless steel,PVD,black,standard,simple,unisex,none,200,8.0,USD,,https://github.com/wa52/ai-customer-service/tree/main/data,Synthetic demo seed,synthetic_demo,false
DEMO-EAR-0167,Demo Vintage Earring 0167,earring,316L,PVD,gold,standard,vintage,unisex,none,250,11.7,USD,,https://github.com/wa52/ai-customer-service/tree/main/data,Synthetic demo seed,synthetic_demo,false
DEMO-BRA-0168,Demo Geometric Bracelet 0168,bracelet,304 stainless steel,PVD,rose gold,adjustable,geometric,unisex,none,300,15.4,USD,,https://github.com/wa52/ai-customer-service/tree/main/data,Synthetic demo seed,synthetic_demo,false
DEMO-RIN-0169,Demo Minimal Ring 0169,ring,316L,none,silver,adjustable,minimal,unisex,none,50,19.1,USD,,https://github.com/wa52/ai-customer-service/tree/main/data,Synthetic demo seed,synthetic_demo,false
DEMO-NEC-0170,Demo Statement Necklace 0170,necklace,304 stainless steel,PVD,black,standard,statement,unisex,none,100,3.8,USD,,https://github.com/wa52/ai-customer-service/tree/main/data,Synthetic demo seed,synthetic_demo,false
DEMO-EAR-0171,Demo Simple Earring 0171,earring,316L,PVD,gold,standard,simple,unisex,none,150,7.5,USD,,https://github.com/wa52/ai-customer-service/tree/main/data,Synthetic demo seed,synthetic_demo,false
DEMO-BRA-0172,Demo Vintage Bracelet 0172,bracelet,304 stainless steel,PVD,rose gold,adjustable,vintage,unisex,none,200,11.2,USD,,https://github.com/wa52/ai-customer-service/tree/main/data,Synthetic demo seed,synthetic_demo,false
DEMO-RIN-0173,Demo Geometric Ring 0173,ring,316L,none,silver,adjustable,geometric,unisex,none,250,14.9,USD,,https://github.com/wa52/ai-customer-service/tree/main/data,Synthetic demo seed,synthetic_demo,false
DEMO-NEC-0174,Demo Minimal Necklace 0174,necklace,304 stainless steel,PVD,black,standard,minimal,unisex,none,300,18.6,USD,,https://github.com/wa52/ai-customer-service/tree/main/data,Synthetic demo seed,synthetic_demo,false
DEMO-EAR-0175,Demo Statement Earring 0175,earring,316L,PVD,gold,standard,statement,unisex,none,50,3.3,USD,,https://github.com/wa52/ai-customer-service/tree/main/data,Synthetic demo seed,synthetic_demo,false
DEMO-BRA-0176,Demo Simple Bracelet 0176,bracelet,304 stainless steel,PVD,rose gold,adjustable,simple,unisex,none,100,7.0,USD,,https://github.com/wa52/ai-customer-service/tree/main/data,Synthetic demo seed,synthetic_demo,false
DEMO-RIN-0177,Demo Vintage Ring 0177,ring,316L,none,silver,adjustable,vintage,unisex,none,150,10.7,USD,,https://github.com/wa52/ai-customer-service/tree/main/data,Synthetic demo seed,synthetic_demo,false
DEMO-NEC-0178,Demo Geometric Necklace 0178,necklace,304 stainless steel,PVD,black,standard,geometric,unisex,none,200,14.4,USD,,https://github.com/wa52/ai-customer-service/tree/main/data,Synthetic demo seed,synthetic_demo,false
DEMO-EAR-0179,Demo Minimal Earring 0179,earring,316L,PVD,gold,standard,minimal,unisex,none,250,18.1,USD,,https://github.com/wa52/ai-customer-service/tree/main/data,Synthetic demo seed,synthetic_demo,false
DEMO-BRA-0180,Demo Statement Bracelet 0180,bracelet,304 stainless steel,PVD,rose gold,adjustable,statement,unisex,none,300,2.8,USD,,https://github.com/wa52/ai-customer-service/tree/main/data,Synthetic demo seed,synthetic_demo,false
DEMO-RIN-0181,Demo Simple Ring 0181,ring,316L,none,silver,adjustable,simple,unisex,none,50,6.5,USD,,https://github.com/wa52/ai-customer-service/tree/main/data,Synthetic demo seed,synthetic_demo,false
DEMO-NEC-0182,Demo Vintage Necklace 0182,necklace,304 stainless steel,PVD,black,standard,vintage,unisex,none,100,10.2,USD,,https://github.com/wa52/ai-customer-service/tree/main/data,Synthetic demo seed,synthetic_demo,false
DEMO-EAR-0183,Demo Geometric Earring 0183,earring,316L,PVD,gold,standard,geometric,unisex,none,150,13.9,USD,,https://github.com/wa52/ai-customer-service/tree/main/data,Synthetic demo seed,synthetic_demo,false
DEMO-BRA-0184,Demo Minimal Bracelet 0184,bracelet,304 stainless steel,PVD,rose gold,adjustable,minimal,unisex,none,200,17.6,USD,,https://github.com/wa52/ai-customer-service/tree/main/data,Synthetic demo seed,synthetic_demo,false
DEMO-RIN-0185,Demo Statement Ring 0185,ring,316L,none,silver,adjustable,statement,unisex,none,250,2.3,USD,,https://github.com/wa52/ai-customer-service/tree/main/data,Synthetic demo seed,synthetic_demo,false
DEMO-NEC-0186,Demo Simple Necklace 0186,necklace,304 stainless steel,PVD,black,standard,simple,unisex,none,300,6.0,USD,,https://github.com/wa52/ai-customer-service/tree/main/data,Synthetic demo seed,synthetic_demo,false
DEMO-EAR-0187,Demo Vintage Earring 0187,earring,316L,PVD,gold,standard,vintage,unisex,none,50,9.7,USD,,https://github.com/wa52/ai-customer-service/tree/main/data,Synthetic demo seed,synthetic_demo,false
DEMO-BRA-0188,Demo Geometric Bracelet 0188,bracelet,304 stainless steel,PVD,rose gold,adjustable,geometric,unisex,none,100,13.4,USD,,https://github.com/wa52/ai-customer-service/tree/main/data,Synthetic demo seed,synthetic_demo,false
DEMO-RIN-0189,Demo Minimal Ring 0189,ring,316L,none,silver,adjustable,minimal,unisex,none,150,17.1,USD,,https://github.com/wa52/ai-customer-service/tree/main/data,Synthetic demo seed,synthetic_demo,false
DEMO-NEC-0190,Demo Statement Necklace 0190,necklace,304 stainless steel,PVD,black,standard,statement,unisex,none,200,1.8,USD,,https://github.com/wa52/ai-customer-service/tree/main/data,Synthetic demo seed,synthetic_demo,false
DEMO-EAR-0191,Demo Simple Earring 0191,earring,316L,PVD,gold,standard,simple,unisex,none,250,5.5,USD,,https://github.com/wa52/ai-customer-service/tree/main/data,Synthetic demo seed,synthetic_demo,false
DEMO-BRA-0192,Demo Vintage Bracelet 0192,bracelet,304 stainless steel,PVD,rose gold,adjustable,vintage,unisex,none,300,9.2,USD,,https://github.com/wa52/ai-customer-service/tree/main/data,Synthetic demo seed,synthetic_demo,false
DEMO-RIN-0193,Demo Geometric Ring 0193,ring,316L,none,silver,adjustable,geometric,unisex,none,50,12.9,USD,,https://github.com/wa52/ai-customer-service/tree/main/data,Synthetic demo seed,synthetic_demo,false
DEMO-NEC-0194,Demo Minimal Necklace 0194,necklace,304 stainless steel,PVD,black,standard,minimal,unisex,none,100,16.6,USD,,https://github.com/wa52/ai-customer-service/tree/main/data,Synthetic demo seed,synthetic_demo,false
DEMO-EAR-0195,Demo Statement Earring 0195,earring,316L,PVD,gold,standard,statement,unisex,none,150,20.3,USD,,https://github.com/wa52/ai-customer-service/tree/main/data,Synthetic demo seed,synthetic_demo,false
DEMO-BRA-0196,Demo Simple Bracelet 0196,bracelet,304 stainless steel,PVD,rose gold,adjustable,simple,unisex,none,200,5.0,USD,,https://github.com/wa52/ai-customer-service/tree/main/data,Synthetic demo seed,synthetic_demo,false
DEMO-RIN-0197,Demo Vintage Ring 0197,ring,316L,none,silver,adjustable,vintage,unisex,none,250,8.7,USD,,https://github.com/wa52/ai-customer-service/tree/main/data,Synthetic demo seed,synthetic_demo,false
DEMO-NEC-0198,Demo Geometric Necklace 0198,necklace,304 stainless steel,PVD,black,standard,geometric,unisex,none,300,12.4,USD,,https://github.com/wa52/ai-customer-service/tree/main/data,Synthetic demo seed,synthetic_demo,false
DEMO-EAR-0199,Demo Minimal Earring 0199,earring,316L,PVD,gold,standard,minimal,unisex,none,50,16.1,USD,,https://github.com/wa52/ai-customer-service/tree/main/data,Synthetic demo seed,synthetic_demo,false
DEMO-BRA-0200,Demo Statement Bracelet 0200,bracelet,304 stainless steel,PVD,rose gold,adjustable,statement,unisex,none,100,19.8,USD,,https://github.com/wa52/ai-customer-service/tree/main/data,Synthetic demo seed,synthetic_demo,false
DEMO-RIN-0201,Demo Simple Ring 0201,ring,316L,none,silver,adjustable,simple,unisex,none,150,4.5,USD,,https://github.com/wa52/ai-customer-service/tree/main/data,Synthetic demo seed,synthetic_demo,false
DEMO-NEC-0202,Demo Vintage Necklace 0202,necklace,304 stainless steel,PVD,black,standard,vintage,unisex,none,200,8.2,USD,,https://github.com/wa52/ai-customer-service/tree/main/data,Synthetic demo seed,synthetic_demo,false
DEMO-EAR-0203,Demo Geometric Earring 0203,earring,316L,PVD,gold,standard,geometric,unisex,none,250,11.9,USD,,https://github.com/wa52/ai-customer-service/tree/main/data,Synthetic demo seed,synthetic_demo,false
DEMO-BRA-0204,Demo Minimal Bracelet 0204,bracelet,304 stainless steel,PVD,rose gold,adjustable,minimal,unisex,none,300,15.6,USD,,https://github.com/wa52/ai-customer-service/tree/main/data,Synthetic demo seed,synthetic_demo,false
DEMO-RIN-0205,Demo Statement Ring 0205,ring,316L,none,silver,adjustable,statement,unisex,none,50,19.3,USD,,https://github.com/wa52/ai-customer-service/tree/main/data,Synthetic demo seed,synthetic_demo,false
DEMO-NEC-0206,Demo Simple Necklace 0206,necklace,304 stainless steel,PVD,black,standard,simple,unisex,none,100,4.0,USD,,https://github.com/wa52/ai-customer-service/tree/main/data,Synthetic demo seed,synthetic_demo,false
DEMO-EAR-0207,Demo Vintage Earring 0207,earring,316L,PVD,gold,standard,vintage,unisex,none,150,7.7,USD,,https://github.com/wa52/ai-customer-service/tree/main/data,Synthetic demo seed,synthetic_demo,false
DEMO-BRA-0208,Demo Geometric Bracelet 0208,bracelet,304 stainless steel,PVD,rose gold,adjustable,geometric,unisex,none,200,11.4,USD,,https://github.com/wa52/ai-customer-service/tree/main/data,Synthetic demo seed,synthetic_demo,false
DEMO-RIN-0209,Demo Minimal Ring 0209,ring,316L,none,silver,adjustable,minimal,unisex,none,250,15.1,USD,,https://github.com/wa52/ai-customer-service/tree/main/data,Synthetic demo seed,synthetic_demo,false
DEMO-NEC-0210,Demo Statement Necklace 0210,necklace,304 stainless steel,PVD,black,standard,statement,unisex,none,300,18.8,USD,,https://github.com/wa52/ai-customer-service/tree/main/data,Synthetic demo seed,synthetic_demo,false
DEMO-EAR-0211,Demo Simple Earring 0211,earring,316L,PVD,gold,standard,simple,unisex,none,50,3.5,USD,,https://github.com/wa52/ai-customer-service/tree/main/data,Synthetic demo seed,synthetic_demo,false
DEMO-BRA-0212,Demo Vintage Bracelet 0212,bracelet,304 stainless steel,PVD,rose gold,adjustable,vintage,unisex,none,100,7.2,USD,,https://github.com/wa52/ai-customer-service/tree/main/data,Synthetic demo seed,synthetic_demo,false
DEMO-RIN-0213,Demo Geometric Ring 0213,ring,316L,none,silver,adjustable,geometric,unisex,none,150,10.9,USD,,https://github.com/wa52/ai-customer-service/tree/main/data,Synthetic demo seed,synthetic_demo,false
DEMO-NEC-0214,Demo Minimal Necklace 0214,necklace,304 stainless steel,PVD,black,standard,minimal,unisex,none,200,14.6,USD,,https://github.com/wa52/ai-customer-service/tree/main/data,Synthetic demo seed,synthetic_demo,false
DEMO-EAR-0215,Demo Statement Earring 0215,earring,316L,PVD,gold,standard,statement,unisex,none,250,18.3,USD,,https://github.com/wa52/ai-customer-service/tree/main/data,Synthetic demo seed,synthetic_demo,false
DEMO-BRA-0216,Demo Simple Bracelet 0216,bracelet,304 stainless steel,PVD,rose gold,adjustable,simple,unisex,none,300,3.0,USD,,https://github.com/wa52/ai-customer-service/tree/main/data,Synthetic demo seed,synthetic_demo,false
DEMO-RIN-0217,Demo Vintage Ring 0217,ring,316L,none,silver,adjustable,vintage,unisex,none,50,6.7,USD,,https://github.com/wa52/ai-customer-service/tree/main/data,Synthetic demo seed,synthetic_demo,false
DEMO-NEC-0218,Demo Geometric Necklace 0218,necklace,304 stainless steel,PVD,black,standard,geometric,unisex,none,100,10.4,USD,,https://github.com/wa52/ai-customer-service/tree/main/data,Synthetic demo seed,synthetic_demo,false
DEMO-EAR-0219,Demo Minimal Earring 0219,earring,316L,PVD,gold,standard,minimal,unisex,none,150,14.1,USD,,https://github.com/wa52/ai-customer-service/tree/main/data,Synthetic demo seed,synthetic_demo,false
DEMO-BRA-0220,Demo Statement Bracelet 0220,bracelet,304 stainless steel,PVD,rose gold,adjustable,statement,unisex,none,200,17.8,USD,,https://github.com/wa52/ai-customer-service/tree/main/data,Synthetic demo seed,synthetic_demo,false
DEMO-RIN-0221,Demo Simple Ring 0221,ring,316L,none,silver,adjustable,simple,unisex,none,250,2.5,USD,,https://github.com/wa52/ai-customer-service/tree/main/data,Synthetic demo seed,synthetic_demo,false
DEMO-NEC-0222,Demo Vintage Necklace 0222,necklace,304 stainless steel,PVD,black,standard,vintage,unisex,none,300,6.2,USD,,https://github.com/wa52/ai-customer-service/tree/main/data,Synthetic demo seed,synthetic_demo,false
DEMO-EAR-0223,Demo Geometric Earring 0223,earring,316L,PVD,gold,standard,geometric,unisex,none,50,9.9,USD,,https://github.com/wa52/ai-customer-service/tree/main/data,Synthetic demo seed,synthetic_demo,false
DEMO-BRA-0224,Demo Minimal Bracelet 0224,bracelet,304 stainless steel,PVD,rose gold,adjustable,minimal,unisex,none,100,13.6,USD,,https://github.com/wa52/ai-customer-service/tree/main/data,Synthetic demo seed,synthetic_demo,false
DEMO-RIN-0225,Demo Statement Ring 0225,ring,316L,none,silver,adjustable,statement,unisex,none,150,17.3,USD,,https://github.com/wa52/ai-customer-service/tree/main/data,Synthetic demo seed,synthetic_demo,false
DEMO-NEC-0226,Demo Simple Necklace 0226,necklace,304 stainless steel,PVD,black,standard,simple,unisex,none,200,2.0,USD,,https://github.com/wa52/ai-customer-service/tree/main/data,Synthetic demo seed,synthetic_demo,false
DEMO-EAR-0227,Demo Vintage Earring 0227,earring,316L,PVD,gold,standard,vintage,unisex,none,250,5.7,USD,,https://github.com/wa52/ai-customer-service/tree/main/data,Synthetic demo seed,synthetic_demo,false
DEMO-BRA-0228,Demo Geometric Bracelet 0228,bracelet,304 stainless steel,PVD,rose gold,adjustable,geometric,unisex,none,300,9.4,USD,,https://github.com/wa52/ai-customer-service/tree/main/data,Synthetic demo seed,synthetic_demo,false
DEMO-RIN-0229,Demo Minimal Ring 0229,ring,316L,none,silver,adjustable,minimal,unisex,none,50,13.1,USD,,https://github.com/wa52/ai-customer-service/tree/main/data,Synthetic demo seed,synthetic_demo,false
DEMO-NEC-0230,Demo Statement Necklace 0230,necklace,304 stainless steel,PVD,black,standard,statement,unisex,none,100,16.8,USD,,https://github.com/wa52/ai-customer-service/tree/main/data,Synthetic demo seed,synthetic_demo,false
DEMO-EAR-0231,Demo Simple Earring 0231,earring,316L,PVD,gold,standard,simple,unisex,none,150,20.5,USD,,https://github.com/wa52/ai-customer-service/tree/main/data,Synthetic demo seed,synthetic_demo,false
DEMO-BRA-0232,Demo Vintage Bracelet 0232,bracelet,304 stainless steel,PVD,rose gold,adjustable,vintage,unisex,none,200,5.2,USD,,https://github.com/wa52/ai-customer-service/tree/main/data,Synthetic demo seed,synthetic_demo,false
DEMO-RIN-0233,Demo Geometric Ring 0233,ring,316L,none,silver,adjustable,geometric,unisex,none,250,8.9,USD,,https://github.com/wa52/ai-customer-service/tree/main/data,Synthetic demo seed,synthetic_demo,false
DEMO-NEC-0234,Demo Minimal Necklace 0234,necklace,304 stainless steel,PVD,black,standard,minimal,unisex,none,300,12.6,USD,,https://github.com/wa52/ai-customer-service/tree/main/data,Synthetic demo seed,synthetic_demo,false
DEMO-EAR-0235,Demo Statement Earring 0235,earring,316L,PVD,gold,standard,statement,unisex,none,50,16.3,USD,,https://github.com/wa52/ai-customer-service/tree/main/data,Synthetic demo seed,synthetic_demo,false
DEMO-BRA-0236,Demo Simple Bracelet 0236,bracelet,304 stainless steel,PVD,rose gold,adjustable,simple,unisex,none,100,20.0,USD,,https://github.com/wa52/ai-customer-service/tree/main/data,Synthetic demo seed,synthetic_demo,false
DEMO-RIN-0237,Demo Vintage Ring 0237,ring,316L,none,silver,adjustable,vintage,unisex,none,150,4.7,USD,,https://github.com/wa52/ai-customer-service/tree/main/data,Synthetic demo seed,synthetic_demo,false
DEMO-NEC-0238,Demo Geometric Necklace 0238,necklace,304 stainless steel,PVD,black,standard,geometric,unisex,none,200,8.4,USD,,https://github.com/wa52/ai-customer-service/tree/main/data,Synthetic demo seed,synthetic_demo,false
DEMO-EAR-0239,Demo Minimal Earring 0239,earring,316L,PVD,gold,standard,minimal,unisex,none,250,12.1,USD,,https://github.com/wa52/ai-customer-service/tree/main/data,Synthetic demo seed,synthetic_demo,false
DEMO-BRA-0240,Demo Statement Bracelet 0240,bracelet,304 stainless steel,PVD,rose gold,adjustable,statement,unisex,none,300,15.8,USD,,https://github.com/wa52/ai-customer-service/tree/main/data,Synthetic demo seed,synthetic_demo,false
DEMO-RIN-0241,Demo Simple Ring 0241,ring,316L,none,silver,adjustable,simple,unisex,none,50,19.5,USD,,https://github.com/wa52/ai-customer-service/tree/main/data,Synthetic demo seed,synthetic_demo,false
DEMO-NEC-0242,Demo Vintage Necklace 0242,necklace,304 stainless steel,PVD,black,standard,vintage,unisex,none,100,4.2,USD,,https://github.com/wa52/ai-customer-service/tree/main/data,Synthetic demo seed,synthetic_demo,false
DEMO-EAR-0243,Demo Geometric Earring 0243,earring,316L,PVD,gold,standard,geometric,unisex,none,150,7.9,USD,,https://github.com/wa52/ai-customer-service/tree/main/data,Synthetic demo seed,synthetic_demo,false
DEMO-BRA-0244,Demo Minimal Bracelet 0244,bracelet,304 stainless steel,PVD,rose gold,adjustable,minimal,unisex,none,200,11.6,USD,,https://github.com/wa52/ai-customer-service/tree/main/data,Synthetic demo seed,synthetic_demo,false
DEMO-RIN-0245,Demo Statement Ring 0245,ring,316L,none,silver,adjustable,statement,unisex,none,250,15.3,USD,,https://github.com/wa52/ai-customer-service/tree/main/data,Synthetic demo seed,synthetic_demo,false
DEMO-NEC-0246,Demo Simple Necklace 0246,necklace,304 stainless steel,PVD,black,standard,simple,unisex,none,300,19.0,USD,,https://github.com/wa52/ai-customer-service/tree/main/data,Synthetic demo seed,synthetic_demo,false
DEMO-EAR-0247,Demo Vintage Earring 0247,earring,316L,PVD,gold,standard,vintage,unisex,none,50,3.7,USD,,https://github.com/wa52/ai-customer-service/tree/main/data,Synthetic demo seed,synthetic_demo,false
DEMO-BRA-0248,Demo Geometric Bracelet 0248,bracelet,304 stainless steel,PVD,rose gold,adjustable,geometric,unisex,none,100,7.4,USD,,https://github.com/wa52/ai-customer-service/tree/main/data,Synthetic demo seed,synthetic_demo,false
DEMO-RIN-0249,Demo Minimal Ring 0249,ring,316L,none,silver,adjustable,minimal,unisex,none,150,11.1,USD,,https://github.com/wa52/ai-customer-service/tree/main/data,Synthetic demo seed,synthetic_demo,false
DEMO-NEC-0250,Demo Statement Necklace 0250,necklace,304 stainless steel,PVD,black,standard,statement,unisex,none,200,14.8,USD,,https://github.com/wa52/ai-customer-service/tree/main/data,Synthetic demo seed,synthetic_demo,false
DEMO-EAR-0251,Demo Simple Earring 0251,earring,316L,PVD,gold,standard,simple,unisex,none,250,18.5,USD,,https://github.com/wa52/ai-customer-service/tree/main/data,Synthetic demo seed,synthetic_demo,false
DEMO-BRA-0252,Demo Vintage Bracelet 0252,bracelet,304 stainless steel,PVD,rose gold,adjustable,vintage,unisex,none,300,3.2,USD,,https://github.com/wa52/ai-customer-service/tree/main/data,Synthetic demo seed,synthetic_demo,false
DEMO-RIN-0253,Demo Geometric Ring 0253,ring,316L,none,silver,adjustable,geometric,unisex,none,50,6.9,USD,,https://github.com/wa52/ai-customer-service/tree/main/data,Synthetic demo seed,synthetic_demo,false
DEMO-NEC-0254,Demo Minimal Necklace 0254,necklace,304 stainless steel,PVD,black,standard,minimal,unisex,none,100,10.6,USD,,https://github.com/wa52/ai-customer-service/tree/main/data,Synthetic demo seed,synthetic_demo,false
DEMO-EAR-0255,Demo Statement Earring 0255,earring,316L,PVD,gold,standard,statement,unisex,none,150,14.3,USD,,https://github.com/wa52/ai-customer-service/tree/main/data,Synthetic demo seed,synthetic_demo,false
DEMO-BRA-0256,Demo Simple Bracelet 0256,bracelet,304 stainless steel,PVD,rose gold,adjustable,simple,unisex,none,200,18.0,USD,,https://github.com/wa52/ai-customer-service/tree/main/data,Synthetic demo seed,synthetic_demo,false
DEMO-RIN-0257,Demo Vintage Ring 0257,ring,316L,none,silver,adjustable,vintage,unisex,none,250,2.7,USD,,https://github.com/wa52/ai-customer-service/tree/main/data,Synthetic demo seed,synthetic_demo,false
DEMO-NEC-0258,Demo Geometric Necklace 0258,necklace,304 stainless steel,PVD,black,standard,geometric,unisex,none,300,6.4,USD,,https://github.com/wa52/ai-customer-service/tree/main/data,Synthetic demo seed,synthetic_demo,false
DEMO-EAR-0259,Demo Minimal Earring 0259,earring,316L,PVD,gold,standard,minimal,unisex,none,50,10.1,USD,,https://github.com/wa52/ai-customer-service/tree/main/data,Synthetic demo seed,synthetic_demo,false
DEMO-BRA-0260,Demo Statement Bracelet 0260,bracelet,304 stainless steel,PVD,rose gold,adjustable,statement,unisex,none,100,13.8,USD,,https://github.com/wa52/ai-customer-service/tree/main/data,Synthetic demo seed,synthetic_demo,false
DEMO-RIN-0261,Demo Simple Ring 0261,ring,316L,none,silver,adjustable,simple,unisex,none,150,17.5,USD,,https://github.com/wa52/ai-customer-service/tree/main/data,Synthetic demo seed,synthetic_demo,false
DEMO-NEC-0262,Demo Vintage Necklace 0262,necklace,304 stainless steel,PVD,black,standard,vintage,unisex,none,200,2.2,USD,,https://github.com/wa52/ai-customer-service/tree/main/data,Synthetic demo seed,synthetic_demo,false
DEMO-EAR-0263,Demo Geometric Earring 0263,earring,316L,PVD,gold,standard,geometric,unisex,none,250,5.9,USD,,https://github.com/wa52/ai-customer-service/tree/main/data,Synthetic demo seed,synthetic_demo,false
DEMO-BRA-0264,Demo Minimal Bracelet 0264,bracelet,304 stainless steel,PVD,rose gold,adjustable,minimal,unisex,none,300,9.6,USD,,https://github.com/wa52/ai-customer-service/tree/main/data,Synthetic demo seed,synthetic_demo,false
DEMO-RIN-0265,Demo Statement Ring 0265,ring,316L,none,silver,adjustable,statement,unisex,none,50,13.3,USD,,https://github.com/wa52/ai-customer-service/tree/main/data,Synthetic demo seed,synthetic_demo,false
DEMO-NEC-0266,Demo Simple Necklace 0266,necklace,304 stainless steel,PVD,black,standard,simple,unisex,none,100,17.0,USD,,https://github.com/wa52/ai-customer-service/tree/main/data,Synthetic demo seed,synthetic_demo,false
DEMO-EAR-0267,Demo Vintage Earring 0267,earring,316L,PVD,gold,standard,vintage,unisex,none,150,20.7,USD,,https://github.com/wa52/ai-customer-service/tree/main/data,Synthetic demo seed,synthetic_demo,false
DEMO-BRA-0268,Demo Geometric Bracelet 0268,bracelet,304 stainless steel,PVD,rose gold,adjustable,geometric,unisex,none,200,5.4,USD,,https://github.com/wa52/ai-customer-service/tree/main/data,Synthetic demo seed,synthetic_demo,false
DEMO-RIN-0269,Demo Minimal Ring 0269,ring,316L,none,silver,adjustable,minimal,unisex,none,250,9.1,USD,,https://github.com/wa52/ai-customer-service/tree/main/data,Synthetic demo seed,synthetic_demo,false
DEMO-NEC-0270,Demo Statement Necklace 0270,necklace,304 stainless steel,PVD,black,standard,statement,unisex,none,300,12.8,USD,,https://github.com/wa52/ai-customer-service/tree/main/data,Synthetic demo seed,synthetic_demo,false
DEMO-EAR-0271,Demo Simple Earring 0271,earring,316L,PVD,gold,standard,simple,unisex,none,50,16.5,USD,,https://github.com/wa52/ai-customer-service/tree/main/data,Synthetic demo seed,synthetic_demo,false
DEMO-BRA-0272,Demo Vintage Bracelet 0272,bracelet,304 stainless steel,PVD,rose gold,adjustable,vintage,unisex,none,100,20.2,USD,,https://github.com/wa52/ai-customer-service/tree/main/data,Synthetic demo seed,synthetic_demo,false
DEMO-RIN-0273,Demo Geometric Ring 0273,ring,316L,none,silver,adjustable,geometric,unisex,none,150,4.9,USD,,https://github.com/wa52/ai-customer-service/tree/main/data,Synthetic demo seed,synthetic_demo,false
DEMO-NEC-0274,Demo Minimal Necklace 0274,necklace,304 stainless steel,PVD,black,standard,minimal,unisex,none,200,8.6,USD,,https://github.com/wa52/ai-customer-service/tree/main/data,Synthetic demo seed,synthetic_demo,false
DEMO-EAR-0275,Demo Statement Earring 0275,earring,316L,PVD,gold,standard,statement,unisex,none,250,12.3,USD,,https://github.com/wa52/ai-customer-service/tree/main/data,Synthetic demo seed,synthetic_demo,false
DEMO-BRA-0276,Demo Simple Bracelet 0276,bracelet,304 stainless steel,PVD,rose gold,adjustable,simple,unisex,none,300,16.0,USD,,https://github.com/wa52/ai-customer-service/tree/main/data,Synthetic demo seed,synthetic_demo,false
DEMO-RIN-0277,Demo Vintage Ring 0277,ring,316L,none,silver,adjustable,vintage,unisex,none,50,19.7,USD,,https://github.com/wa52/ai-customer-service/tree/main/data,Synthetic demo seed,synthetic_demo,false
DEMO-NEC-0278,Demo Geometric Necklace 0278,necklace,304 stainless steel,PVD,black,standard,geometric,unisex,none,100,4.4,USD,,https://github.com/wa52/ai-customer-service/tree/main/data,Synthetic demo seed,synthetic_demo,false
DEMO-EAR-0279,Demo Minimal Earring 0279,earring,316L,PVD,gold,standard,minimal,unisex,none,150,8.1,USD,,https://github.com/wa52/ai-customer-service/tree/main/data,Synthetic demo seed,synthetic_demo,false
DEMO-BRA-0280,Demo Statement Bracelet 0280,bracelet,304 stainless steel,PVD,rose gold,adjustable,statement,unisex,none,200,11.8,USD,,https://github.com/wa52/ai-customer-service/tree/main/data,Synthetic demo seed,synthetic_demo,false
DEMO-RIN-0281,Demo Simple Ring 0281,ring,316L,none,silver,adjustable,simple,unisex,none,250,15.5,USD,,https://github.com/wa52/ai-customer-service/tree/main/data,Synthetic demo seed,synthetic_demo,false
DEMO-NEC-0282,Demo Vintage Necklace 0282,necklace,304 stainless steel,PVD,black,standard,vintage,unisex,none,300,19.2,USD,,https://github.com/wa52/ai-customer-service/tree/main/data,Synthetic demo seed,synthetic_demo,false
DEMO-EAR-0283,Demo Geometric Earring 0283,earring,316L,PVD,gold,standard,geometric,unisex,none,50,3.9,USD,,https://github.com/wa52/ai-customer-service/tree/main/data,Synthetic demo seed,synthetic_demo,false
DEMO-BRA-0284,Demo Minimal Bracelet 0284,bracelet,304 stainless steel,PVD,rose gold,adjustable,minimal,unisex,none,100,7.6,USD,,https://github.com/wa52/ai-customer-service/tree/main/data,Synthetic demo seed,synthetic_demo,false
DEMO-RIN-0285,Demo Statement Ring 0285,ring,316L,none,silver,adjustable,statement,unisex,none,150,11.3,USD,,https://github.com/wa52/ai-customer-service/tree/main/data,Synthetic demo seed,synthetic_demo,false
DEMO-NEC-0286,Demo Simple Necklace 0286,necklace,304 stainless steel,PVD,black,standard,simple,unisex,none,200,15.0,USD,,https://github.com/wa52/ai-customer-service/tree/main/data,Synthetic demo seed,synthetic_demo,false
DEMO-EAR-0287,Demo Vintage Earring 0287,earring,316L,PVD,gold,standard,vintage,unisex,none,250,18.7,USD,,https://github.com/wa52/ai-customer-service/tree/main/data,Synthetic demo seed,synthetic_demo,false
DEMO-BRA-0288,Demo Geometric Bracelet 0288,bracelet,304 stainless steel,PVD,rose gold,adjustable,geometric,unisex,none,300,3.4,USD,,https://github.com/wa52/ai-customer-service/tree/main/data,Synthetic demo seed,synthetic_demo,false
DEMO-RIN-0289,Demo Minimal Ring 0289,ring,316L,none,silver,adjustable,minimal,unisex,none,50,7.1,USD,,https://github.com/wa52/ai-customer-service/tree/main/data,Synthetic demo seed,synthetic_demo,false
DEMO-NEC-0290,Demo Statement Necklace 0290,necklace,304 stainless steel,PVD,black,standard,statement,unisex,none,100,10.8,USD,,https://github.com/wa52/ai-customer-service/tree/main/data,Synthetic demo seed,synthetic_demo,false
DEMO-EAR-0291,Demo Simple Earring 0291,earring,316L,PVD,gold,standard,simple,unisex,none,150,14.5,USD,,https://github.com/wa52/ai-customer-service/tree/main/data,Synthetic demo seed,synthetic_demo,false
DEMO-BRA-0292,Demo Vintage Bracelet 0292,bracelet,304 stainless steel,PVD,rose gold,adjustable,vintage,unisex,none,200,18.2,USD,,https://github.com/wa52/ai-customer-service/tree/main/data,Synthetic demo seed,synthetic_demo,false
DEMO-RIN-0293,Demo Geometric Ring 0293,ring,316L,none,silver,adjustable,geometric,unisex,none,250,2.9,USD,,https://github.com/wa52/ai-customer-service/tree/main/data,Synthetic demo seed,synthetic_demo,false
DEMO-NEC-0294,Demo Minimal Necklace 0294,necklace,304 stainless steel,PVD,black,standard,minimal,unisex,none,300,6.6,USD,,https://github.com/wa52/ai-customer-service/tree/main/data,Synthetic demo seed,synthetic_demo,false
DEMO-EAR-0295,Demo Statement Earring 0295,earring,316L,PVD,gold,standard,statement,unisex,none,50,10.3,USD,,https://github.com/wa52/ai-customer-service/tree/main/data,Synthetic demo seed,synthetic_demo,false
DEMO-BRA-0296,Demo Simple Bracelet 0296,bracelet,304 stainless steel,PVD,rose gold,adjustable,simple,unisex,none,100,14.0,USD,,https://github.com/wa52/ai-customer-service/tree/main/data,Synthetic demo seed,synthetic_demo,false
DEMO-RIN-0297,Demo Vintage Ring 0297,ring,316L,none,silver,adjustable,vintage,unisex,none,150,17.7,USD,,https://github.com/wa52/ai-customer-service/tree/main/data,Synthetic demo seed,synthetic_demo,false
DEMO-NEC-0298,Demo Geometric Necklace 0298,necklace,304 stainless steel,PVD,black,standard,geometric,unisex,none,200,2.4,USD,,https://github.com/wa52/ai-customer-service/tree/main/data,Synthetic demo seed,synthetic_demo,false
DEMO-EAR-0299,Demo Minimal Earring 0299,earring,316L,PVD,gold,standard,minimal,unisex,none,250,6.1,USD,,https://github.com/wa52/ai-customer-service/tree/main/data,Synthetic demo seed,synthetic_demo,false
DEMO-BRA-0300,Demo Statement Bracelet 0300,bracelet,304 stainless steel,PVD,rose gold,adjustable,statement,unisex,none,300,9.8,USD,,https://github.com/wa52/ai-customer-service/tree/main/data,Synthetic demo seed,synthetic_demo,false
DEMO-RIN-0301,Demo Simple Ring 0301,ring,316L,none,silver,adjustable,simple,unisex,none,50,13.5,USD,,https://github.com/wa52/ai-customer-service/tree/main/data,Synthetic demo seed,synthetic_demo,false
DEMO-NEC-0302,Demo Vintage Necklace 0302,necklace,304 stainless steel,PVD,black,standard,vintage,unisex,none,100,17.2,USD,,https://github.com/wa52/ai-customer-service/tree/main/data,Synthetic demo seed,synthetic_demo,false
DEMO-EAR-0303,Demo Geometric Earring 0303,earring,316L,PVD,gold,standard,geometric,unisex,none,150,1.9,USD,,https://github.com/wa52/ai-customer-service/tree/main/data,Synthetic demo seed,synthetic_demo,false
DEMO-BRA-0304,Demo Minimal Bracelet 0304,bracelet,304 stainless steel,PVD,rose gold,adjustable,minimal,unisex,none,200,5.6,USD,,https://github.com/wa52/ai-customer-service/tree/main/data,Synthetic demo seed,synthetic_demo,false
DEMO-RIN-0305,Demo Statement Ring 0305,ring,316L,none,silver,adjustable,statement,unisex,none,250,9.3,USD,,https://github.com/wa52/ai-customer-service/tree/main/data,Synthetic demo seed,synthetic_demo,false
DEMO-NEC-0306,Demo Simple Necklace 0306,necklace,304 stainless steel,PVD,black,standard,simple,unisex,none,300,13.0,USD,,https://github.com/wa52/ai-customer-service/tree/main/data,Synthetic demo seed,synthetic_demo,false
DEMO-EAR-0307,Demo Vintage Earring 0307,earring,316L,PVD,gold,standard,vintage,unisex,none,50,16.7,USD,,https://github.com/wa52/ai-customer-service/tree/main/data,Synthetic demo seed,synthetic_demo,false
DEMO-BRA-0308,Demo Geometric Bracelet 0308,bracelet,304 stainless steel,PVD,rose gold,adjustable,geometric,unisex,none,100,20.4,USD,,https://github.com/wa52/ai-customer-service/tree/main/data,Synthetic demo seed,synthetic_demo,false
DEMO-RIN-0309,Demo Minimal Ring 0309,ring,316L,none,silver,adjustable,minimal,unisex,none,150,5.1,USD,,https://github.com/wa52/ai-customer-service/tree/main/data,Synthetic demo seed,synthetic_demo,false
DEMO-NEC-0310,Demo Statement Necklace 0310,necklace,304 stainless steel,PVD,black,standard,statement,unisex,none,200,8.8,USD,,https://github.com/wa52/ai-customer-service/tree/main/data,Synthetic demo seed,synthetic_demo,false
DEMO-EAR-0311,Demo Simple Earring 0311,earring,316L,PVD,gold,standard,simple,unisex,none,250,12.5,USD,,https://github.com/wa52/ai-customer-service/tree/main/data,Synthetic demo seed,synthetic_demo,false
DEMO-BRA-0312,Demo Vintage Bracelet 0312,bracelet,304 stainless steel,PVD,rose gold,adjustable,vintage,unisex,none,300,16.2,USD,,https://github.com/wa52/ai-customer-service/tree/main/data,Synthetic demo seed,synthetic_demo,false
DEMO-RIN-0313,Demo Geometric Ring 0313,ring,316L,none,silver,adjustable,geometric,unisex,none,50,19.9,USD,,https://github.com/wa52/ai-customer-service/tree/main/data,Synthetic demo seed,synthetic_demo,false
DEMO-NEC-0314,Demo Minimal Necklace 0314,necklace,304 stainless steel,PVD,black,standard,minimal,unisex,none,100,4.6,USD,,https://github.com/wa52/ai-customer-service/tree/main/data,Synthetic demo seed,synthetic_demo,false
DEMO-EAR-0315,Demo Statement Earring 0315,earring,316L,PVD,gold,standard,statement,unisex,none,150,8.3,USD,,https://github.com/wa52/ai-customer-service/tree/main/data,Synthetic demo seed,synthetic_demo,false
DEMO-BRA-0316,Demo Simple Bracelet 0316,bracelet,304 stainless steel,PVD,rose gold,adjustable,simple,unisex,none,200,12.0,USD,,https://github.com/wa52/ai-customer-service/tree/main/data,Synthetic demo seed,synthetic_demo,false
DEMO-RIN-0317,Demo Vintage Ring 0317,ring,316L,none,silver,adjustable,vintage,unisex,none,250,15.7,USD,,https://github.com/wa52/ai-customer-service/tree/main/data,Synthetic demo seed,synthetic_demo,false
DEMO-NEC-0318,Demo Geometric Necklace 0318,necklace,304 stainless steel,PVD,black,standard,geometric,unisex,none,300,19.4,USD,,https://github.com/wa52/ai-customer-service/tree/main/data,Synthetic demo seed,synthetic_demo,false
DEMO-EAR-0319,Demo Minimal Earring 0319,earring,316L,PVD,gold,standard,minimal,unisex,none,50,4.1,USD,,https://github.com/wa52/ai-customer-service/tree/main/data,Synthetic demo seed,synthetic_demo,false
DEMO-BRA-0320,Demo Statement Bracelet 0320,bracelet,304 stainless steel,PVD,rose gold,adjustable,statement,unisex,none,100,7.8,USD,,https://github.com/wa52/ai-customer-service/tree/main/data,Synthetic demo seed,synthetic_demo,false
DEMO-RIN-0321,Demo Simple Ring 0321,ring,316L,none,silver,adjustable,simple,unisex,none,150,11.5,USD,,https://github.com/wa52/ai-customer-service/tree/main/data,Synthetic demo seed,synthetic_demo,false
DEMO-NEC-0322,Demo Vintage Necklace 0322,necklace,304 stainless steel,PVD,black,standard,vintage,unisex,none,200,15.2,USD,,https://github.com/wa52/ai-customer-service/tree/main/data,Synthetic demo seed,synthetic_demo,false
DEMO-EAR-0323,Demo Geometric Earring 0323,earring,316L,PVD,gold,standard,geometric,unisex,none,250,18.9,USD,,https://github.com/wa52/ai-customer-service/tree/main/data,Synthetic demo seed,synthetic_demo,false
DEMO-BRA-0324,Demo Minimal Bracelet 0324,bracelet,304 stainless steel,PVD,rose gold,adjustable,minimal,unisex,none,300,3.6,USD,,https://github.com/wa52/ai-customer-service/tree/main/data,Synthetic demo seed,synthetic_demo,false
DEMO-RIN-0325,Demo Statement Ring 0325,ring,316L,none,silver,adjustable,statement,unisex,none,50,7.3,USD,,https://github.com/wa52/ai-customer-service/tree/main/data,Synthetic demo seed,synthetic_demo,false
DEMO-NEC-0326,Demo Simple Necklace 0326,necklace,304 stainless steel,PVD,black,standard,simple,unisex,none,100,11.0,USD,,https://github.com/wa52/ai-customer-service/tree/main/data,Synthetic demo seed,synthetic_demo,false
DEMO-EAR-0327,Demo Vintage Earring 0327,earring,316L,PVD,gold,standard,vintage,unisex,none,150,14.7,USD,,https://github.com/wa52/ai-customer-service/tree/main/data,Synthetic demo seed,synthetic_demo,false
DEMO-BRA-0328,Demo Geometric Bracelet 0328,bracelet,304 stainless steel,PVD,rose gold,adjustable,geometric,unisex,none,200,18.4,USD,,https://github.com/wa52/ai-customer-service/tree/main/data,Synthetic demo seed,synthetic_demo,false
DEMO-RIN-0329,Demo Minimal Ring 0329,ring,316L,none,silver,adjustable,minimal,unisex,none,250,3.1,USD,,https://github.com/wa52/ai-customer-service/tree/main/data,Synthetic demo seed,synthetic_demo,false
DEMO-NEC-0330,Demo Statement Necklace 0330,necklace,304 stainless steel,PVD,black,standard,statement,unisex,none,300,6.8,USD,,https://github.com/wa52/ai-customer-service/tree/main/data,Synthetic demo seed,synthetic_demo,false
DEMO-EAR-0331,Demo Simple Earring 0331,earring,316L,PVD,gold,standard,simple,unisex,none,50,10.5,USD,,https://github.com/wa52/ai-customer-service/tree/main/data,Synthetic demo seed,synthetic_demo,false
DEMO-BRA-0332,Demo Vintage Bracelet 0332,bracelet,304 stainless steel,PVD,rose gold,adjustable,vintage,unisex,none,100,14.2,USD,,https://github.com/wa52/ai-customer-service/tree/main/data,Synthetic demo seed,synthetic_demo,false
DEMO-RIN-0333,Demo Geometric Ring 0333,ring,316L,none,silver,adjustable,geometric,unisex,none,150,17.9,USD,,https://github.com/wa52/ai-customer-service/tree/main/data,Synthetic demo seed,synthetic_demo,false
DEMO-NEC-0334,Demo Minimal Necklace 0334,necklace,304 stainless steel,PVD,black,standard,minimal,unisex,none,200,2.6,USD,,https://github.com/wa52/ai-customer-service/tree/main/data,Synthetic demo seed,synthetic_demo,false
DEMO-EAR-0335,Demo Statement Earring 0335,earring,316L,PVD,gold,standard,statement,unisex,none,250,6.3,USD,,https://github.com/wa52/ai-customer-service/tree/main/data,Synthetic demo seed,synthetic_demo,false
DEMO-BRA-0336,Demo Simple Bracelet 0336,bracelet,304 stainless steel,PVD,rose gold,adjustable,simple,unisex,none,300,10.0,USD,,https://github.com/wa52/ai-customer-service/tree/main/data,Synthetic demo seed,synthetic_demo,false
DEMO-RIN-0337,Demo Vintage Ring 0337,ring,316L,none,silver,adjustable,vintage,unisex,none,50,13.7,USD,,https://github.com/wa52/ai-customer-service/tree/main/data,Synthetic demo seed,synthetic_demo,false
DEMO-NEC-0338,Demo Geometric Necklace 0338,necklace,304 stainless steel,PVD,black,standard,geometric,unisex,none,100,17.4,USD,,https://github.com/wa52/ai-customer-service/tree/main/data,Synthetic demo seed,synthetic_demo,false
DEMO-EAR-0339,Demo Minimal Earring 0339,earring,316L,PVD,gold,standard,minimal,unisex,none,150,2.1,USD,,https://github.com/wa52/ai-customer-service/tree/main/data,Synthetic demo seed,synthetic_demo,false
DEMO-BRA-0340,Demo Statement Bracelet 0340,bracelet,304 stainless steel,PVD,rose gold,adjustable,statement,unisex,none,200,5.8,USD,,https://github.com/wa52/ai-customer-service/tree/main/data,Synthetic demo seed,synthetic_demo,false
DEMO-RIN-0341,Demo Simple Ring 0341,ring,316L,none,silver,adjustable,simple,unisex,none,250,9.5,USD,,https://github.com/wa52/ai-customer-service/tree/main/data,Synthetic demo seed,synthetic_demo,false
DEMO-NEC-0342,Demo Vintage Necklace 0342,necklace,304 stainless steel,PVD,black,standard,vintage,unisex,none,300,13.2,USD,,https://github.com/wa52/ai-customer-service/tree/main/data,Synthetic demo seed,synthetic_demo,false
DEMO-EAR-0343,Demo Geometric Earring 0343,earring,316L,PVD,gold,standard,geometric,unisex,none,50,16.9,USD,,https://github.com/wa52/ai-customer-service/tree/main/data,Synthetic demo seed,synthetic_demo,false
DEMO-BRA-0344,Demo Minimal Bracelet 0344,bracelet,304 stainless steel,PVD,rose gold,adjustable,minimal,unisex,none,100,20.6,USD,,https://github.com/wa52/ai-customer-service/tree/main/data,Synthetic demo seed,synthetic_demo,false
DEMO-RIN-0345,Demo Statement Ring 0345,ring,316L,none,silver,adjustable,statement,unisex,none,150,5.3,USD,,https://github.com/wa52/ai-customer-service/tree/main/data,Synthetic demo seed,synthetic_demo,false
DEMO-NEC-0346,Demo Simple Necklace 0346,necklace,304 stainless steel,PVD,black,standard,simple,unisex,none,200,9.0,USD,,https://github.com/wa52/ai-customer-service/tree/main/data,Synthetic demo seed,synthetic_demo,false
DEMO-EAR-0347,Demo Vintage Earring 0347,earring,316L,PVD,gold,standard,vintage,unisex,none,250,12.7,USD,,https://github.com/wa52/ai-customer-service/tree/main/data,Synthetic demo seed,synthetic_demo,false
DEMO-BRA-0348,Demo Geometric Bracelet 0348,bracelet,304 stainless steel,PVD,rose gold,adjustable,geometric,unisex,none,300,16.4,USD,,https://github.com/wa52/ai-customer-service/tree/main/data,Synthetic demo seed,synthetic_demo,false
DEMO-RIN-0349,Demo Minimal Ring 0349,ring,316L,none,silver,adjustable,minimal,unisex,none,50,20.1,USD,,https://github.com/wa52/ai-customer-service/tree/main/data,Synthetic demo seed,synthetic_demo,false
DEMO-NEC-0350,Demo Statement Necklace 0350,necklace,304 stainless steel,PVD,black,standard,statement,unisex,none,100,4.8,USD,,https://github.com/wa52/ai-customer-service/tree/main/data,Synthetic demo seed,synthetic_demo,false
DEMO-EAR-0351,Demo Simple Earring 0351,earring,316L,PVD,gold,standard,simple,unisex,none,150,8.5,USD,,https://github.com/wa52/ai-customer-service/tree/main/data,Synthetic demo seed,synthetic_demo,false
DEMO-BRA-0352,Demo Vintage Bracelet 0352,bracelet,304 stainless steel,PVD,rose gold,adjustable,vintage,unisex,none,200,12.2,USD,,https://github.com/wa52/ai-customer-service/tree/main/data,Synthetic demo seed,synthetic_demo,false
DEMO-RIN-0353,Demo Geometric Ring 0353,ring,316L,none,silver,adjustable,geometric,unisex,none,250,15.9,USD,,https://github.com/wa52/ai-customer-service/tree/main/data,Synthetic demo seed,synthetic_demo,false
DEMO-NEC-0354,Demo Minimal Necklace 0354,necklace,304 stainless steel,PVD,black,standard,minimal,unisex,none,300,19.6,USD,,https://github.com/wa52/ai-customer-service/tree/main/data,Synthetic demo seed,synthetic_demo,false
DEMO-EAR-0355,Demo Statement Earring 0355,earring,316L,PVD,gold,standard,statement,unisex,none,50,4.3,USD,,https://github.com/wa52/ai-customer-service/tree/main/data,Synthetic demo seed,synthetic_demo,false
DEMO-BRA-0356,Demo Simple Bracelet 0356,bracelet,304 stainless steel,PVD,rose gold,adjustable,simple,unisex,none,100,8.0,USD,,https://github.com/wa52/ai-customer-service/tree/main/data,Synthetic demo seed,synthetic_demo,false
DEMO-RIN-0357,Demo Vintage Ring 0357,ring,316L,none,silver,adjustable,vintage,unisex,none,150,11.7,USD,,https://github.com/wa52/ai-customer-service/tree/main/data,Synthetic demo seed,synthetic_demo,false
DEMO-NEC-0358,Demo Geometric Necklace 0358,necklace,304 stainless steel,PVD,black,standard,geometric,unisex,none,200,15.4,USD,,https://github.com/wa52/ai-customer-service/tree/main/data,Synthetic demo seed,synthetic_demo,false
DEMO-EAR-0359,Demo Minimal Earring 0359,earring,316L,PVD,gold,standard,minimal,unisex,none,250,19.1,USD,,https://github.com/wa52/ai-customer-service/tree/main/data,Synthetic demo seed,synthetic_demo,false
DEMO-BRA-0360,Demo Statement Bracelet 0360,bracelet,304 stainless steel,PVD,rose gold,adjustable,statement,unisex,none,300,3.8,USD,,https://github.com/wa52/ai-customer-service/tree/main/data,Synthetic demo seed,synthetic_demo,false
DEMO-RIN-0361,Demo Simple Ring 0361,ring,316L,none,silver,adjustable,simple,unisex,none,50,7.5,USD,,https://github.com/wa52/ai-customer-service/tree/main/data,Synthetic demo seed,synthetic_demo,false
DEMO-NEC-0362,Demo Vintage Necklace 0362,necklace,304 stainless steel,PVD,black,standard,vintage,unisex,none,100,11.2,USD,,https://github.com/wa52/ai-customer-service/tree/main/data,Synthetic demo seed,synthetic_demo,false
DEMO-EAR-0363,Demo Geometric Earring 0363,earring,316L,PVD,gold,standard,geometric,unisex,none,150,14.9,USD,,https://github.com/wa52/ai-customer-service/tree/main/data,Synthetic demo seed,synthetic_demo,false
DEMO-BRA-0364,Demo Minimal Bracelet 0364,bracelet,304 stainless steel,PVD,rose gold,adjustable,minimal,unisex,none,200,18.6,USD,,https://github.com/wa52/ai-customer-service/tree/main/data,Synthetic demo seed,synthetic_demo,false
DEMO-RIN-0365,Demo Statement Ring 0365,ring,316L,none,silver,adjustable,statement,unisex,none,250,3.3,USD,,https://github.com/wa52/ai-customer-service/tree/main/data,Synthetic demo seed,synthetic_demo,false
DEMO-NEC-0366,Demo Simple Necklace 0366,necklace,304 stainless steel,PVD,black,standard,simple,unisex,none,300,7.0,USD,,https://github.com/wa52/ai-customer-service/tree/main/data,Synthetic demo seed,synthetic_demo,false
DEMO-EAR-0367,Demo Vintage Earring 0367,earring,316L,PVD,gold,standard,vintage,unisex,none,50,10.7,USD,,https://github.com/wa52/ai-customer-service/tree/main/data,Synthetic demo seed,synthetic_demo,false
DEMO-BRA-0368,Demo Geometric Bracelet 0368,bracelet,304 stainless steel,PVD,rose gold,adjustable,geometric,unisex,none,100,14.4,USD,,https://github.com/wa52/ai-customer-service/tree/main/data,Synthetic demo seed,synthetic_demo,false
DEMO-RIN-0369,Demo Minimal Ring 0369,ring,316L,none,silver,adjustable,minimal,unisex,none,150,18.1,USD,,https://github.com/wa52/ai-customer-service/tree/main/data,Synthetic demo seed,synthetic_demo,false
DEMO-NEC-0370,Demo Statement Necklace 0370,necklace,304 stainless steel,PVD,black,standard,statement,unisex,none,200,2.8,USD,,https://github.com/wa52/ai-customer-service/tree/main/data,Synthetic demo seed,synthetic_demo,false
DEMO-EAR-0371,Demo Simple Earring 0371,earring,316L,PVD,gold,standard,simple,unisex,none,250,6.5,USD,,https://github.com/wa52/ai-customer-service/tree/main/data,Synthetic demo seed,synthetic_demo,false
DEMO-BRA-0372,Demo Vintage Bracelet 0372,bracelet,304 stainless steel,PVD,rose gold,adjustable,vintage,unisex,none,300,10.2,USD,,https://github.com/wa52/ai-customer-service/tree/main/data,Synthetic demo seed,synthetic_demo,false
DEMO-RIN-0373,Demo Geometric Ring 0373,ring,316L,none,silver,adjustable,geometric,unisex,none,50,13.9,USD,,https://github.com/wa52/ai-customer-service/tree/main/data,Synthetic demo seed,synthetic_demo,false
DEMO-NEC-0374,Demo Minimal Necklace 0374,necklace,304 stainless steel,PVD,black,standard,minimal,unisex,none,100,17.6,USD,,https://github.com/wa52/ai-customer-service/tree/main/data,Synthetic demo seed,synthetic_demo,false
DEMO-EAR-0375,Demo Statement Earring 0375,earring,316L,PVD,gold,standard,statement,unisex,none,150,2.3,USD,,https://github.com/wa52/ai-customer-service/tree/main/data,Synthetic demo seed,synthetic_demo,false
DEMO-BRA-0376,Demo Simple Bracelet 0376,bracelet,304 stainless steel,PVD,rose gold,adjustable,simple,unisex,none,200,6.0,USD,,https://github.com/wa52/ai-customer-service/tree/main/data,Synthetic demo seed,synthetic_demo,false
DEMO-RIN-0377,Demo Vintage Ring 0377,ring,316L,none,silver,adjustable,vintage,unisex,none,250,9.7,USD,,https://github.com/wa52/ai-customer-service/tree/main/data,Synthetic demo seed,synthetic_demo,false
DEMO-NEC-0378,Demo Geometric Necklace 0378,necklace,304 stainless steel,PVD,black,standard,geometric,unisex,none,300,13.4,USD,,https://github.com/wa52/ai-customer-service/tree/main/data,Synthetic demo seed,synthetic_demo,false
DEMO-EAR-0379,Demo Minimal Earring 0379,earring,316L,PVD,gold,standard,minimal,unisex,none,50,17.1,USD,,https://github.com/wa52/ai-customer-service/tree/main/data,Synthetic demo seed,synthetic_demo,false
DEMO-BRA-0380,Demo Statement Bracelet 0380,bracelet,304 stainless steel,PVD,rose gold,adjustable,statement,unisex,none,100,1.8,USD,,https://github.com/wa52/ai-customer-service/tree/main/data,Synthetic demo seed,synthetic_demo,false
DEMO-RIN-0381,Demo Simple Ring 0381,ring,316L,none,silver,adjustable,simple,unisex,none,150,5.5,USD,,https://github.com/wa52/ai-customer-service/tree/main/data,Synthetic demo seed,synthetic_demo,false
DEMO-NEC-0382,Demo Vintage Necklace 0382,necklace,304 stainless steel,PVD,black,standard,vintage,unisex,none,200,9.2,USD,,https://github.com/wa52/ai-customer-service/tree/main/data,Synthetic demo seed,synthetic_demo,false
DEMO-EAR-0383,Demo Geometric Earring 0383,earring,316L,PVD,gold,standard,geometric,unisex,none,250,12.9,USD,,https://github.com/wa52/ai-customer-service/tree/main/data,Synthetic demo seed,synthetic_demo,false
DEMO-BRA-0384,Demo Minimal Bracelet 0384,bracelet,304 stainless steel,PVD,rose gold,adjustable,minimal,unisex,none,300,16.6,USD,,https://github.com/wa52/ai-customer-service/tree/main/data,Synthetic demo seed,synthetic_demo,false
DEMO-RIN-0385,Demo Statement Ring 0385,ring,316L,none,silver,adjustable,statement,unisex,none,50,20.3,USD,,https://github.com/wa52/ai-customer-service/tree/main/data,Synthetic demo seed,synthetic_demo,false
DEMO-NEC-0386,Demo Simple Necklace 0386,necklace,304 stainless steel,PVD,black,standard,simple,unisex,none,100,5.0,USD,,https://github.com/wa52/ai-customer-service/tree/main/data,Synthetic demo seed,synthetic_demo,false
DEMO-EAR-0387,Demo Vintage Earring 0387,earring,316L,PVD,gold,standard,vintage,unisex,none,150,8.7,USD,,https://github.com/wa52/ai-customer-service/tree/main/data,Synthetic demo seed,synthetic_demo,false
DEMO-BRA-0388,Demo Geometric Bracelet 0388,bracelet,304 stainless steel,PVD,rose gold,adjustable,geometric,unisex,none,200,12.4,USD,,https://github.com/wa52/ai-customer-service/tree/main/data,Synthetic demo seed,synthetic_demo,false
DEMO-RIN-0389,Demo Minimal Ring 0389,ring,316L,none,silver,adjustable,minimal,unisex,none,250,16.1,USD,,https://github.com/wa52/ai-customer-service/tree/main/data,Synthetic demo seed,synthetic_demo,false
DEMO-NEC-0390,Demo Statement Necklace 0390,necklace,304 stainless steel,PVD,black,standard,statement,unisex,none,300,19.8,USD,,https://github.com/wa52/ai-customer-service/tree/main/data,Synthetic demo seed,synthetic_demo,false
DEMO-EAR-0391,Demo Simple Earring 0391,earring,316L,PVD,gold,standard,simple,unisex,none,50,4.5,USD,,https://github.com/wa52/ai-customer-service/tree/main/data,Synthetic demo seed,synthetic_demo,false
DEMO-BRA-0392,Demo Vintage Bracelet 0392,bracelet,304 stainless steel,PVD,rose gold,adjustable,vintage,unisex,none,100,8.2,USD,,https://github.com/wa52/ai-customer-service/tree/main/data,Synthetic demo seed,synthetic_demo,false
DEMO-RIN-0393,Demo Geometric Ring 0393,ring,316L,none,silver,adjustable,geometric,unisex,none,150,11.9,USD,,https://github.com/wa52/ai-customer-service/tree/main/data,Synthetic demo seed,synthetic_demo,false
DEMO-NEC-0394,Demo Minimal Necklace 0394,necklace,304 stainless steel,PVD,black,standard,minimal,unisex,none,200,15.6,USD,,https://github.com/wa52/ai-customer-service/tree/main/data,Synthetic demo seed,synthetic_demo,false
DEMO-EAR-0395,Demo Statement Earring 0395,earring,316L,PVD,gold,standard,statement,unisex,none,250,19.3,USD,,https://github.com/wa52/ai-customer-service/tree/main/data,Synthetic demo seed,synthetic_demo,false
DEMO-BRA-0396,Demo Simple Bracelet 0396,bracelet,304 stainless steel,PVD,rose gold,adjustable,simple,unisex,none,300,4.0,USD,,https://github.com/wa52/ai-customer-service/tree/main/data,Synthetic demo seed,synthetic_demo,false
DEMO-RIN-0397,Demo Vintage Ring 0397,ring,316L,none,silver,adjustable,vintage,unisex,none,50,7.7,USD,,https://github.com/wa52/ai-customer-service/tree/main/data,Synthetic demo seed,synthetic_demo,false
DEMO-NEC-0398,Demo Geometric Necklace 0398,necklace,304 stainless steel,PVD,black,standard,geometric,unisex,none,100,11.4,USD,,https://github.com/wa52/ai-customer-service/tree/main/data,Synthetic demo seed,synthetic_demo,false
DEMO-EAR-0399,Demo Minimal Earring 0399,earring,316L,PVD,gold,standard,minimal,unisex,none,150,15.1,USD,,https://github.com/wa52/ai-customer-service/tree/main/data,Synthetic demo seed,synthetic_demo,false
DEMO-BRA-0400,Demo Statement Bracelet 0400,bracelet,304 stainless steel,PVD,rose gold,adjustable,statement,unisex,none,200,18.8,USD,,https://github.com/wa52/ai-customer-service/tree/main/data,Synthetic demo seed,synthetic_demo,false
DEMO-RIN-0401,Demo Simple Ring 0401,ring,316L,none,silver,adjustable,simple,unisex,none,250,3.5,USD,,https://github.com/wa52/ai-customer-service/tree/main/data,Synthetic demo seed,synthetic_demo,false
DEMO-NEC-0402,Demo Vintage Necklace 0402,necklace,304 stainless steel,PVD,black,standard,vintage,unisex,none,300,7.2,USD,,https://github.com/wa52/ai-customer-service/tree/main/data,Synthetic demo seed,synthetic_demo,false
DEMO-EAR-0403,Demo Geometric Earring 0403,earring,316L,PVD,gold,standard,geometric,unisex,none,50,10.9,USD,,https://github.com/wa52/ai-customer-service/tree/main/data,Synthetic demo seed,synthetic_demo,false
DEMO-BRA-0404,Demo Minimal Bracelet 0404,bracelet,304 stainless steel,PVD,rose gold,adjustable,minimal,unisex,none,100,14.6,USD,,https://github.com/wa52/ai-customer-service/tree/main/data,Synthetic demo seed,synthetic_demo,false
DEMO-RIN-0405,Demo Statement Ring 0405,ring,316L,none,silver,adjustable,statement,unisex,none,150,18.3,USD,,https://github.com/wa52/ai-customer-service/tree/main/data,Synthetic demo seed,synthetic_demo,false
DEMO-NEC-0406,Demo Simple Necklace 0406,necklace,304 stainless steel,PVD,black,standard,simple,unisex,none,200,3.0,USD,,https://github.com/wa52/ai-customer-service/tree/main/data,Synthetic demo seed,synthetic_demo,false
DEMO-EAR-0407,Demo Vintage Earring 0407,earring,316L,PVD,gold,standard,vintage,unisex,none,250,6.7,USD,,https://github.com/wa52/ai-customer-service/tree/main/data,Synthetic demo seed,synthetic_demo,false
DEMO-BRA-0408,Demo Geometric Bracelet 0408,bracelet,304 stainless steel,PVD,rose gold,adjustable,geometric,unisex,none,300,10.4,USD,,https://github.com/wa52/ai-customer-service/tree/main/data,Synthetic demo seed,synthetic_demo,false
DEMO-RIN-0409,Demo Minimal Ring 0409,ring,316L,none,silver,adjustable,minimal,unisex,none,50,14.1,USD,,https://github.com/wa52/ai-customer-service/tree/main/data,Synthetic demo seed,synthetic_demo,false
DEMO-NEC-0410,Demo Statement Necklace 0410,necklace,304 stainless steel,PVD,black,standard,statement,unisex,none,100,17.8,USD,,https://github.com/wa52/ai-customer-service/tree/main/data,Synthetic demo seed,synthetic_demo,false
DEMO-EAR-0411,Demo Simple Earring 0411,earring,316L,PVD,gold,standard,simple,unisex,none,150,2.5,USD,,https://github.com/wa52/ai-customer-service/tree/main/data,Synthetic demo seed,synthetic_demo,false
DEMO-BRA-0412,Demo Vintage Bracelet 0412,bracelet,304 stainless steel,PVD,rose gold,adjustable,vintage,unisex,none,200,6.2,USD,,https://github.com/wa52/ai-customer-service/tree/main/data,Synthetic demo seed,synthetic_demo,false
DEMO-RIN-0413,Demo Geometric Ring 0413,ring,316L,none,silver,adjustable,geometric,unisex,none,250,9.9,USD,,https://github.com/wa52/ai-customer-service/tree/main/data,Synthetic demo seed,synthetic_demo,false
DEMO-NEC-0414,Demo Minimal Necklace 0414,necklace,304 stainless steel,PVD,black,standard,minimal,unisex,none,300,13.6,USD,,https://github.com/wa52/ai-customer-service/tree/main/data,Synthetic demo seed,synthetic_demo,false
DEMO-EAR-0415,Demo Statement Earring 0415,earring,316L,PVD,gold,standard,statement,unisex,none,50,17.3,USD,,https://github.com/wa52/ai-customer-service/tree/main/data,Synthetic demo seed,synthetic_demo,false
DEMO-BRA-0416,Demo Simple Bracelet 0416,bracelet,304 stainless steel,PVD,rose gold,adjustable,simple,unisex,none,100,2.0,USD,,https://github.com/wa52/ai-customer-service/tree/main/data,Synthetic demo seed,synthetic_demo,false
DEMO-RIN-0417,Demo Vintage Ring 0417,ring,316L,none,silver,adjustable,vintage,unisex,none,150,5.7,USD,,https://github.com/wa52/ai-customer-service/tree/main/data,Synthetic demo seed,synthetic_demo,false
DEMO-NEC-0418,Demo Geometric Necklace 0418,necklace,304 stainless steel,PVD,black,standard,geometric,unisex,none,200,9.4,USD,,https://github.com/wa52/ai-customer-service/tree/main/data,Synthetic demo seed,synthetic_demo,false
DEMO-EAR-0419,Demo Minimal Earring 0419,earring,316L,PVD,gold,standard,minimal,unisex,none,250,13.1,USD,,https://github.com/wa52/ai-customer-service/tree/main/data,Synthetic demo seed,synthetic_demo,false
DEMO-BRA-0420,Demo Statement Bracelet 0420,bracelet,304 stainless steel,PVD,rose gold,adjustable,statement,unisex,none,300,16.8,USD,,https://github.com/wa52/ai-customer-service/tree/main/data,Synthetic demo seed,synthetic_demo,false
DEMO-RIN-0421,Demo Simple Ring 0421,ring,316L,none,silver,adjustable,simple,unisex,none,50,20.5,USD,,https://github.com/wa52/ai-customer-service/tree/main/data,Synthetic demo seed,synthetic_demo,false
DEMO-NEC-0422,Demo Vintage Necklace 0422,necklace,304 stainless steel,PVD,black,standard,vintage,unisex,none,100,5.2,USD,,https://github.com/wa52/ai-customer-service/tree/main/data,Synthetic demo seed,synthetic_demo,false
DEMO-EAR-0423,Demo Geometric Earring 0423,earring,316L,PVD,gold,standard,geometric,unisex,none,150,8.9,USD,,https://github.com/wa52/ai-customer-service/tree/main/data,Synthetic demo seed,synthetic_demo,false
DEMO-BRA-0424,Demo Minimal Bracelet 0424,bracelet,304 stainless steel,PVD,rose gold,adjustable,minimal,unisex,none,200,12.6,USD,,https://github.com/wa52/ai-customer-service/tree/main/data,Synthetic demo seed,synthetic_demo,false
DEMO-RIN-0425,Demo Statement Ring 0425,ring,316L,none,silver,adjustable,statement,unisex,none,250,16.3,USD,,https://github.com/wa52/ai-customer-service/tree/main/data,Synthetic demo seed,synthetic_demo,false
DEMO-NEC-0426,Demo Simple Necklace 0426,necklace,304 stainless steel,PVD,black,standard,simple,unisex,none,300,20.0,USD,,https://github.com/wa52/ai-customer-service/tree/main/data,Synthetic demo seed,synthetic_demo,false
DEMO-EAR-0427,Demo Vintage Earring 0427,earring,316L,PVD,gold,standard,vintage,unisex,none,50,4.7,USD,,https://github.com/wa52/ai-customer-service/tree/main/data,Synthetic demo seed,synthetic_demo,false
DEMO-BRA-0428,Demo Geometric Bracelet 0428,bracelet,304 stainless steel,PVD,rose gold,adjustable,geometric,unisex,none,100,8.4,USD,,https://github.com/wa52/ai-customer-service/tree/main/data,Synthetic demo seed,synthetic_demo,false
DEMO-RIN-0429,Demo Minimal Ring 0429,ring,316L,none,silver,adjustable,minimal,unisex,none,150,12.1,USD,,https://github.com/wa52/ai-customer-service/tree/main/data,Synthetic demo seed,synthetic_demo,false
DEMO-NEC-0430,Demo Statement Necklace 0430,necklace,304 stainless steel,PVD,black,standard,statement,unisex,none,200,15.8,USD,,https://github.com/wa52/ai-customer-service/tree/main/data,Synthetic demo seed,synthetic_demo,false
DEMO-EAR-0431,Demo Simple Earring 0431,earring,316L,PVD,gold,standard,simple,unisex,none,250,19.5,USD,,https://github.com/wa52/ai-customer-service/tree/main/data,Synthetic demo seed,synthetic_demo,false
DEMO-BRA-0432,Demo Vintage Bracelet 0432,bracelet,304 stainless steel,PVD,rose gold,adjustable,vintage,unisex,none,300,4.2,USD,,https://github.com/wa52/ai-customer-service/tree/main/data,Synthetic demo seed,synthetic_demo,false
DEMO-RIN-0433,Demo Geometric Ring 0433,ring,316L,none,silver,adjustable,geometric,unisex,none,50,7.9,USD,,https://github.com/wa52/ai-customer-service/tree/main/data,Synthetic demo seed,synthetic_demo,false
DEMO-NEC-0434,Demo Minimal Necklace 0434,necklace,304 stainless steel,PVD,black,standard,minimal,unisex,none,100,11.6,USD,,https://github.com/wa52/ai-customer-service/tree/main/data,Synthetic demo seed,synthetic_demo,false
DEMO-EAR-0435,Demo Statement Earring 0435,earring,316L,PVD,gold,standard,statement,unisex,none,150,15.3,USD,,https://github.com/wa52/ai-customer-service/tree/main/data,Synthetic demo seed,synthetic_demo,false
DEMO-BRA-0436,Demo Simple Bracelet 0436,bracelet,304 stainless steel,PVD,rose gold,adjustable,simple,unisex,none,200,19.0,USD,,https://github.com/wa52/ai-customer-service/tree/main/data,Synthetic demo seed,synthetic_demo,false
DEMO-RIN-0437,Demo Vintage Ring 0437,ring,316L,none,silver,adjustable,vintage,unisex,none,250,3.7,USD,,https://github.com/wa52/ai-customer-service/tree/main/data,Synthetic demo seed,synthetic_demo,false
DEMO-NEC-0438,Demo Geometric Necklace 0438,necklace,304 stainless steel,PVD,black,standard,geometric,unisex,none,300,7.4,USD,,https://github.com/wa52/ai-customer-service/tree/main/data,Synthetic demo seed,synthetic_demo,false
DEMO-EAR-0439,Demo Minimal Earring 0439,earring,316L,PVD,gold,standard,minimal,unisex,none,50,11.1,USD,,https://github.com/wa52/ai-customer-service/tree/main/data,Synthetic demo seed,synthetic_demo,false
DEMO-BRA-0440,Demo Statement Bracelet 0440,bracelet,304 stainless steel,PVD,rose gold,adjustable,statement,unisex,none,100,14.8,USD,,https://github.com/wa52/ai-customer-service/tree/main/data,Synthetic demo seed,synthetic_demo,false
DEMO-RIN-0441,Demo Simple Ring 0441,ring,316L,none,silver,adjustable,simple,unisex,none,150,18.5,USD,,https://github.com/wa52/ai-customer-service/tree/main/data,Synthetic demo seed,synthetic_demo,false
DEMO-NEC-0442,Demo Vintage Necklace 0442,necklace,304 stainless steel,PVD,black,standard,vintage,unisex,none,200,3.2,USD,,https://github.com/wa52/ai-customer-service/tree/main/data,Synthetic demo seed,synthetic_demo,false
DEMO-EAR-0443,Demo Geometric Earring 0443,earring,316L,PVD,gold,standard,geometric,unisex,none,250,6.9,USD,,https://github.com/wa52/ai-customer-service/tree/main/data,Synthetic demo seed,synthetic_demo,false
DEMO-BRA-0444,Demo Minimal Bracelet 0444,bracelet,304 stainless steel,PVD,rose gold,adjustable,minimal,unisex,none,300,10.6,USD,,https://github.com/wa52/ai-customer-service/tree/main/data,Synthetic demo seed,synthetic_demo,false
DEMO-RIN-0445,Demo Statement Ring 0445,ring,316L,none,silver,adjustable,statement,unisex,none,50,14.3,USD,,https://github.com/wa52/ai-customer-service/tree/main/data,Synthetic demo seed,synthetic_demo,false
DEMO-NEC-0446,Demo Simple Necklace 0446,necklace,304 stainless steel,PVD,black,standard,simple,unisex,none,100,18.0,USD,,https://github.com/wa52/ai-customer-service/tree/main/data,Synthetic demo seed,synthetic_demo,false
DEMO-EAR-0447,Demo Vintage Earring 0447,earring,316L,PVD,gold,standard,vintage,unisex,none,150,2.7,USD,,https://github.com/wa52/ai-customer-service/tree/main/data,Synthetic demo seed,synthetic_demo,false
DEMO-BRA-0448,Demo Geometric Bracelet 0448,bracelet,304 stainless steel,PVD,rose gold,adjustable,geometric,unisex,none,200,6.4,USD,,https://github.com/wa52/ai-customer-service/tree/main/data,Synthetic demo seed,synthetic_demo,false
DEMO-RIN-0449,Demo Minimal Ring 0449,ring,316L,none,silver,adjustable,minimal,unisex,none,250,10.1,USD,,https://github.com/wa52/ai-customer-service/tree/main/data,Synthetic demo seed,synthetic_demo,false
DEMO-NEC-0450,Demo Statement Necklace 0450,necklace,304 stainless steel,PVD,black,standard,statement,unisex,none,300,13.8,USD,,https://github.com/wa52/ai-customer-service/tree/main/data,Synthetic demo seed,synthetic_demo,false
DEMO-EAR-0451,Demo Simple Earring 0451,earring,316L,PVD,gold,standard,simple,unisex,none,50,17.5,USD,,https://github.com/wa52/ai-customer-service/tree/main/data,Synthetic demo seed,synthetic_demo,false
DEMO-BRA-0452,Demo Vintage Bracelet 0452,bracelet,304 stainless steel,PVD,rose gold,adjustable,vintage,unisex,none,100,2.2,USD,,https://github.com/wa52/ai-customer-service/tree/main/data,Synthetic demo seed,synthetic_demo,false
DEMO-RIN-0453,Demo Geometric Ring 0453,ring,316L,none,silver,adjustable,geometric,unisex,none,150,5.9,USD,,https://github.com/wa52/ai-customer-service/tree/main/data,Synthetic demo seed,synthetic_demo,false
DEMO-NEC-0454,Demo Minimal Necklace 0454,necklace,304 stainless steel,PVD,black,standard,minimal,unisex,none,200,9.6,USD,,https://github.com/wa52/ai-customer-service/tree/main/data,Synthetic demo seed,synthetic_demo,false
DEMO-EAR-0455,Demo Statement Earring 0455,earring,316L,PVD,gold,standard,statement,unisex,none,250,13.3,USD,,https://github.com/wa52/ai-customer-service/tree/main/data,Synthetic demo seed,synthetic_demo,false
DEMO-BRA-0456,Demo Simple Bracelet 0456,bracelet,304 stainless steel,PVD,rose gold,adjustable,simple,unisex,none,300,17.0,USD,,https://github.com/wa52/ai-customer-service/tree/main/data,Synthetic demo seed,synthetic_demo,false
DEMO-RIN-0457,Demo Vintage Ring 0457,ring,316L,none,silver,adjustable,vintage,unisex,none,50,20.7,USD,,https://github.com/wa52/ai-customer-service/tree/main/data,Synthetic demo seed,synthetic_demo,false
DEMO-NEC-0458,Demo Geometric Necklace 0458,necklace,304 stainless steel,PVD,black,standard,geometric,unisex,none,100,5.4,USD,,https://github.com/wa52/ai-customer-service/tree/main/data,Synthetic demo seed,synthetic_demo,false
DEMO-EAR-0459,Demo Minimal Earring 0459,earring,316L,PVD,gold,standard,minimal,unisex,none,150,9.1,USD,,https://github.com/wa52/ai-customer-service/tree/main/data,Synthetic demo seed,synthetic_demo,false
DEMO-BRA-0460,Demo Statement Bracelet 0460,bracelet,304 stainless steel,PVD,rose gold,adjustable,statement,unisex,none,200,12.8,USD,,https://github.com/wa52/ai-customer-service/tree/main/data,Synthetic demo seed,synthetic_demo,false
DEMO-RIN-0461,Demo Simple Ring 0461,ring,316L,none,silver,adjustable,simple,unisex,none,250,16.5,USD,,https://github.com/wa52/ai-customer-service/tree/main/data,Synthetic demo seed,synthetic_demo,false
DEMO-NEC-0462,Demo Vintage Necklace 0462,necklace,304 stainless steel,PVD,black,standard,vintage,unisex,none,300,20.2,USD,,https://github.com/wa52/ai-customer-service/tree/main/data,Synthetic demo seed,synthetic_demo,false
DEMO-EAR-0463,Demo Geometric Earring 0463,earring,316L,PVD,gold,standard,geometric,unisex,none,50,4.9,USD,,https://github.com/wa52/ai-customer-service/tree/main/data,Synthetic demo seed,synthetic_demo,false
DEMO-BRA-0464,Demo Minimal Bracelet 0464,bracelet,304 stainless steel,PVD,rose gold,adjustable,minimal,unisex,none,100,8.6,USD,,https://github.com/wa52/ai-customer-service/tree/main/data,Synthetic demo seed,synthetic_demo,false
DEMO-RIN-0465,Demo Statement Ring 0465,ring,316L,none,silver,adjustable,statement,unisex,none,150,12.3,USD,,https://github.com/wa52/ai-customer-service/tree/main/data,Synthetic demo seed,synthetic_demo,false
DEMO-NEC-0466,Demo Simple Necklace 0466,necklace,304 stainless steel,PVD,black,standard,simple,unisex,none,200,16.0,USD,,https://github.com/wa52/ai-customer-service/tree/main/data,Synthetic demo seed,synthetic_demo,false
DEMO-EAR-0467,Demo Vintage Earring 0467,earring,316L,PVD,gold,standard,vintage,unisex,none,250,19.7,USD,,https://github.com/wa52/ai-customer-service/tree/main/data,Synthetic demo seed,synthetic_demo,false
DEMO-BRA-0468,Demo Geometric Bracelet 0468,bracelet,304 stainless steel,PVD,rose gold,adjustable,geometric,unisex,none,300,4.4,USD,,https://github.com/wa52/ai-customer-service/tree/main/data,Synthetic demo seed,synthetic_demo,false
DEMO-RIN-0469,Demo Minimal Ring 0469,ring,316L,none,silver,adjustable,minimal,unisex,none,50,8.1,USD,,https://github.com/wa52/ai-customer-service/tree/main/data,Synthetic demo seed,synthetic_demo,false
DEMO-NEC-0470,Demo Statement Necklace 0470,necklace,304 stainless steel,PVD,black,standard,statement,unisex,none,100,11.8,USD,,https://github.com/wa52/ai-customer-service/tree/main/data,Synthetic demo seed,synthetic_demo,false
DEMO-EAR-0471,Demo Simple Earring 0471,earring,316L,PVD,gold,standard,simple,unisex,none,150,15.5,USD,,https://github.com/wa52/ai-customer-service/tree/main/data,Synthetic demo seed,synthetic_demo,false
DEMO-BRA-0472,Demo Vintage Bracelet 0472,bracelet,304 stainless steel,PVD,rose gold,adjustable,vintage,unisex,none,200,19.2,USD,,https://github.com/wa52/ai-customer-service/tree/main/data,Synthetic demo seed,synthetic_demo,false
DEMO-RIN-0473,Demo Geometric Ring 0473,ring,316L,none,silver,adjustable,geometric,unisex,none,250,3.9,USD,,https://github.com/wa52/ai-customer-service/tree/main/data,Synthetic demo seed,synthetic_demo,false
DEMO-NEC-0474,Demo Minimal Necklace 0474,necklace,304 stainless steel,PVD,black,standard,minimal,unisex,none,300,7.6,USD,,https://github.com/wa52/ai-customer-service/tree/main/data,Synthetic demo seed,synthetic_demo,false
DEMO-EAR-0475,Demo Statement Earring 0475,earring,316L,PVD,gold,standard,statement,unisex,none,50,11.3,USD,,https://github.com/wa52/ai-customer-service/tree/main/data,Synthetic demo seed,synthetic_demo,false
DEMO-BRA-0476,Demo Simple Bracelet 0476,bracelet,304 stainless steel,PVD,rose gold,adjustable,simple,unisex,none,100,15.0,USD,,https://github.com/wa52/ai-customer-service/tree/main/data,Synthetic demo seed,synthetic_demo,false
DEMO-RIN-0477,Demo Vintage Ring 0477,ring,316L,none,silver,adjustable,vintage,unisex,none,150,18.7,USD,,https://github.com/wa52/ai-customer-service/tree/main/data,Synthetic demo seed,synthetic_demo,false
DEMO-NEC-0478,Demo Geometric Necklace 0478,necklace,304 stainless steel,PVD,black,standard,geometric,unisex,none,200,3.4,USD,,https://github.com/wa52/ai-customer-service/tree/main/data,Synthetic demo seed,synthetic_demo,false
DEMO-EAR-0479,Demo Minimal Earring 0479,earring,316L,PVD,gold,standard,minimal,unisex,none,250,7.1,USD,,https://github.com/wa52/ai-customer-service/tree/main/data,Synthetic demo seed,synthetic_demo,false
DEMO-BRA-0480,Demo Statement Bracelet 0480,bracelet,304 stainless steel,PVD,rose gold,adjustable,statement,unisex,none,300,10.8,USD,,https://github.com/wa52/ai-customer-service/tree/main/data,Synthetic demo seed,synthetic_demo,false
DEMO-RIN-0481,Demo Simple Ring 0481,ring,316L,none,silver,adjustable,simple,unisex,none,50,14.5,USD,,https://github.com/wa52/ai-customer-service/tree/main/data,Synthetic demo seed,synthetic_demo,false
DEMO-NEC-0482,Demo Vintage Necklace 0482,necklace,304 stainless steel,PVD,black,standard,vintage,unisex,none,100,18.2,USD,,https://github.com/wa52/ai-customer-service/tree/main/data,Synthetic demo seed,synthetic_demo,false
DEMO-EAR-0483,Demo Geometric Earring 0483,earring,316L,PVD,gold,standard,geometric,unisex,none,150,2.9,USD,,https://github.com/wa52/ai-customer-service/tree/main/data,Synthetic demo seed,synthetic_demo,false
DEMO-BRA-0484,Demo Minimal Bracelet 0484,bracelet,304 stainless steel,PVD,rose gold,adjustable,minimal,unisex,none,200,6.6,USD,,https://github.com/wa52/ai-customer-service/tree/main/data,Synthetic demo seed,synthetic_demo,false
DEMO-RIN-0485,Demo Statement Ring 0485,ring,316L,none,silver,adjustable,statement,unisex,none,250,10.3,USD,,https://github.com/wa52/ai-customer-service/tree/main/data,Synthetic demo seed,synthetic_demo,false
DEMO-NEC-0486,Demo Simple Necklace 0486,necklace,304 stainless steel,PVD,black,standard,simple,unisex,none,300,14.0,USD,,https://github.com/wa52/ai-customer-service/tree/main/data,Synthetic demo seed,synthetic_demo,false
DEMO-EAR-0487,Demo Vintage Earring 0487,earring,316L,PVD,gold,standard,vintage,unisex,none,50,17.7,USD,,https://github.com/wa52/ai-customer-service/tree/main/data,Synthetic demo seed,synthetic_demo,false
DEMO-BRA-0488,Demo Geometric Bracelet 0488,bracelet,304 stainless steel,PVD,rose gold,adjustable,geometric,unisex,none,100,2.4,USD,,https://github.com/wa52/ai-customer-service/tree/main/data,Synthetic demo seed,synthetic_demo,false
DEMO-RIN-0489,Demo Minimal Ring 0489,ring,316L,none,silver,adjustable,minimal,unisex,none,150,6.1,USD,,https://github.com/wa52/ai-customer-service/tree/main/data,Synthetic demo seed,synthetic_demo,false
DEMO-NEC-0490,Demo Statement Necklace 0490,necklace,304 stainless steel,PVD,black,standard,statement,unisex,none,200,9.8,USD,,https://github.com/wa52/ai-customer-service/tree/main/data,Synthetic demo seed,synthetic_demo,false
DEMO-EAR-0491,Demo Simple Earring 0491,earring,316L,PVD,gold,standard,simple,unisex,none,250,13.5,USD,,https://github.com/wa52/ai-customer-service/tree/main/data,Synthetic demo seed,synthetic_demo,false
DEMO-BRA-0492,Demo Vintage Bracelet 0492,bracelet,304 stainless steel,PVD,rose gold,adjustable,vintage,unisex,none,300,17.2,USD,,https://github.com/wa52/ai-customer-service/tree/main/data,Synthetic demo seed,synthetic_demo,false
DEMO-RIN-0493,Demo Geometric Ring 0493,ring,316L,none,silver,adjustable,geometric,unisex,none,50,1.9,USD,,https://github.com/wa52/ai-customer-service/tree/main/data,Synthetic demo seed,synthetic_demo,false
DEMO-NEC-0494,Demo Minimal Necklace 0494,necklace,304 stainless steel,PVD,black,standard,minimal,unisex,none,100,5.6,USD,,https://github.com/wa52/ai-customer-service/tree/main/data,Synthetic demo seed,synthetic_demo,false
DEMO-EAR-0495,Demo Statement Earring 0495,earring,316L,PVD,gold,standard,statement,unisex,none,150,9.3,USD,,https://github.com/wa52/ai-customer-service/tree/main/data,Synthetic demo seed,synthetic_demo,false
DEMO-BRA-0496,Demo Simple Bracelet 0496,bracelet,304 stainless steel,PVD,rose gold,adjustable,simple,unisex,none,200,13.0,USD,,https://github.com/wa52/ai-customer-service/tree/main/data,Synthetic demo seed,synthetic_demo,false
DEMO-RIN-0497,Demo Vintage Ring 0497,ring,316L,none,silver,adjustable,vintage,unisex,none,250,16.7,USD,,https://github.com/wa52/ai-customer-service/tree/main/data,Synthetic demo seed,synthetic_demo,false
DEMO-NEC-0498,Demo Geometric Necklace 0498,necklace,304 stainless steel,PVD,black,standard,geometric,unisex,none,300,20.4,USD,,https://github.com/wa52/ai-customer-service/tree/main/data,Synthetic demo seed,synthetic_demo,false
DEMO-EAR-0499,Demo Minimal Earring 0499,earring,316L,PVD,gold,standard,minimal,unisex,none,50,5.1,USD,,https://github.com/wa52/ai-customer-service/tree/main/data,Synthetic demo seed,synthetic_demo,false
DEMO-BRA-0500,Demo Statement Bracelet 0500,bracelet,304 stainless steel,PVD,rose gold,adjustable,statement,unisex,none,100,8.8,USD,,https://github.com/wa52/ai-customer-service/tree/main/data,Synthetic demo seed,synthetic_demo,false
DEMO-RIN-0501,Demo Simple Ring 0501,ring,316L,none,silver,adjustable,simple,unisex,none,150,12.5,USD,,https://github.com/wa52/ai-customer-service/tree/main/data,Synthetic demo seed,synthetic_demo,false
DEMO-NEC-0502,Demo Vintage Necklace 0502,necklace,304 stainless steel,PVD,black,standard,vintage,unisex,none,200,16.2,USD,,https://github.com/wa52/ai-customer-service/tree/main/data,Synthetic demo seed,synthetic_demo,false
DEMO-EAR-0503,Demo Geometric Earring 0503,earring,316L,PVD,gold,standard,geometric,unisex,none,250,19.9,USD,,https://github.com/wa52/ai-customer-service/tree/main/data,Synthetic demo seed,synthetic_demo,false
DEMO-BRA-0504,Demo Minimal Bracelet 0504,bracelet,304 stainless steel,PVD,rose gold,adjustable,minimal,unisex,none,300,4.6,USD,,https://github.com/wa52/ai-customer-service/tree/main/data,Synthetic demo seed,synthetic_demo,false
DEMO-RIN-0505,Demo Statement Ring 0505,ring,316L,none,silver,adjustable,statement,unisex,none,50,8.3,USD,,https://github.com/wa52/ai-customer-service/tree/main/data,Synthetic demo seed,synthetic_demo,false
DEMO-NEC-0506,Demo Simple Necklace 0506,necklace,304 stainless steel,PVD,black,standard,simple,unisex,none,100,12.0,USD,,https://github.com/wa52/ai-customer-service/tree/main/data,Synthetic demo seed,synthetic_demo,false
DEMO-EAR-0507,Demo Vintage Earring 0507,earring,316L,PVD,gold,standard,vintage,unisex,none,150,15.7,USD,,https://github.com/wa52/ai-customer-service/tree/main/data,Synthetic demo seed,synthetic_demo,false
DEMO-BRA-0508,Demo Geometric Bracelet 0508,bracelet,304 stainless steel,PVD,rose gold,adjustable,geometric,unisex,none,200,19.4,USD,,https://github.com/wa52/ai-customer-service/tree/main/data,Synthetic demo seed,synthetic_demo,false
DEMO-RIN-0509,Demo Minimal Ring 0509,ring,316L,none,silver,adjustable,minimal,unisex,none,250,4.1,USD,,https://github.com/wa52/ai-customer-service/tree/main/data,Synthetic demo seed,synthetic_demo,false
DEMO-NEC-0510,Demo Statement Necklace 0510,necklace,304 stainless steel,PVD,black,standard,statement,unisex,none,300,7.8,USD,,https://github.com/wa52/ai-customer-service/tree/main/data,Synthetic demo seed,synthetic_demo,false
DEMO-EAR-0511,Demo Simple Earring 0511,earring,316L,PVD,gold,standard,simple,unisex,none,50,11.5,USD,,https://github.com/wa52/ai-customer-service/tree/main/data,Synthetic demo seed,synthetic_demo,false
DEMO-BRA-0512,Demo Vintage Bracelet 0512,bracelet,304 stainless steel,PVD,rose gold,adjustable,vintage,unisex,none,100,15.2,USD,,https://github.com/wa52/ai-customer-service/tree/main/data,Synthetic demo seed,synthetic_demo,false
DEMO-RIN-0513,Demo Geometric Ring 0513,ring,316L,none,silver,adjustable,geometric,unisex,none,150,18.9,USD,,https://github.com/wa52/ai-customer-service/tree/main/data,Synthetic demo seed,synthetic_demo,false
DEMO-NEC-0514,Demo Minimal Necklace 0514,necklace,304 stainless steel,PVD,black,standard,minimal,unisex,none,200,3.6,USD,,https://github.com/wa52/ai-customer-service/tree/main/data,Synthetic demo seed,synthetic_demo,false
DEMO-EAR-0515,Demo Statement Earring 0515,earring,316L,PVD,gold,standard,statement,unisex,none,250,7.3,USD,,https://github.com/wa52/ai-customer-service/tree/main/data,Synthetic demo seed,synthetic_demo,false
DEMO-BRA-0516,Demo Simple Bracelet 0516,bracelet,304 stainless steel,PVD,rose gold,adjustable,simple,unisex,none,300,11.0,USD,,https://github.com/wa52/ai-customer-service/tree/main/data,Synthetic demo seed,synthetic_demo,false
DEMO-RIN-0517,Demo Vintage Ring 0517,ring,316L,none,silver,adjustable,vintage,unisex,none,50,14.7,USD,,https://github.com/wa52/ai-customer-service/tree/main/data,Synthetic demo seed,synthetic_demo,false
DEMO-NEC-0518,Demo Geometric Necklace 0518,necklace,304 stainless steel,PVD,black,standard,geometric,unisex,none,100,18.4,USD,,https://github.com/wa52/ai-customer-service/tree/main/data,Synthetic demo seed,synthetic_demo,false
DEMO-EAR-0519,Demo Minimal Earring 0519,earring,316L,PVD,gold,standard,minimal,unisex,none,150,3.1,USD,,https://github.com/wa52/ai-customer-service/tree/main/data,Synthetic demo seed,synthetic_demo,false
DEMO-BRA-0520,Demo Statement Bracelet 0520,bracelet,304 stainless steel,PVD,rose gold,adjustable,statement,unisex,none,200,6.8,USD,,https://github.com/wa52/ai-customer-service/tree/main/data,Synthetic demo seed,synthetic_demo,false
DEMO-RIN-0521,Demo Simple Ring 0521,ring,316L,none,silver,adjustable,simple,unisex,none,250,10.5,USD,,https://github.com/wa52/ai-customer-service/tree/main/data,Synthetic demo seed,synthetic_demo,false
DEMO-NEC-0522,Demo Vintage Necklace 0522,necklace,304 stainless steel,PVD,black,standard,vintage,unisex,none,300,14.2,USD,,https://github.com/wa52/ai-customer-service/tree/main/data,Synthetic demo seed,synthetic_demo,false
DEMO-EAR-0523,Demo Geometric Earring 0523,earring,316L,PVD,gold,standard,geometric,unisex,none,50,17.9,USD,,https://github.com/wa52/ai-customer-service/tree/main/data,Synthetic demo seed,synthetic_demo,false
DEMO-BRA-0524,Demo Minimal Bracelet 0524,bracelet,304 stainless steel,PVD,rose gold,adjustable,minimal,unisex,none,100,2.6,USD,,https://github.com/wa52/ai-customer-service/tree/main/data,Synthetic demo seed,synthetic_demo,false
DEMO-RIN-0525,Demo Statement Ring 0525,ring,316L,none,silver,adjustable,statement,unisex,none,150,6.3,USD,,https://github.com/wa52/ai-customer-service/tree/main/data,Synthetic demo seed,synthetic_demo,false
DEMO-NEC-0526,Demo Simple Necklace 0526,necklace,304 stainless steel,PVD,black,standard,simple,unisex,none,200,10.0,USD,,https://github.com/wa52/ai-customer-service/tree/main/data,Synthetic demo seed,synthetic_demo,false
DEMO-EAR-0527,Demo Vintage Earring 0527,earring,316L,PVD,gold,standard,vintage,unisex,none,250,13.7,USD,,https://github.com/wa52/ai-customer-service/tree/main/data,Synthetic demo seed,synthetic_demo,false
DEMO-BRA-0528,Demo Geometric Bracelet 0528,bracelet,304 stainless steel,PVD,rose gold,adjustable,geometric,unisex,none,300,17.4,USD,,https://github.com/wa52/ai-customer-service/tree/main/data,Synthetic demo seed,synthetic_demo,false
DEMO-RIN-0529,Demo Minimal Ring 0529,ring,316L,none,silver,adjustable,minimal,unisex,none,50,2.1,USD,,https://github.com/wa52/ai-customer-service/tree/main/data,Synthetic demo seed,synthetic_demo,false
DEMO-NEC-0530,Demo Statement Necklace 0530,necklace,304 stainless steel,PVD,black,standard,statement,unisex,none,100,5.8,USD,,https://github.com/wa52/ai-customer-service/tree/main/data,Synthetic demo seed,synthetic_demo,false
DEMO-EAR-0531,Demo Simple Earring 0531,earring,316L,PVD,gold,standard,simple,unisex,none,150,9.5,USD,,https://github.com/wa52/ai-customer-service/tree/main/data,Synthetic demo seed,synthetic_demo,false
DEMO-BRA-0532,Demo Vintage Bracelet 0532,bracelet,304 stainless steel,PVD,rose gold,adjustable,vintage,unisex,none,200,13.2,USD,,https://github.com/wa52/ai-customer-service/tree/main/data,Synthetic demo seed,synthetic_demo,false
DEMO-RIN-0533,Demo Geometric Ring 0533,ring,316L,none,silver,adjustable,geometric,unisex,none,250,16.9,USD,,https://github.com/wa52/ai-customer-service/tree/main/data,Synthetic demo seed,synthetic_demo,false
DEMO-NEC-0534,Demo Minimal Necklace 0534,necklace,304 stainless steel,PVD,black,standard,minimal,unisex,none,300,20.6,USD,,https://github.com/wa52/ai-customer-service/tree/main/data,Synthetic demo seed,synthetic_demo,false
DEMO-EAR-0535,Demo Statement Earring 0535,earring,316L,PVD,gold,standard,statement,unisex,none,50,5.3,USD,,https://github.com/wa52/ai-customer-service/tree/main/data,Synthetic demo seed,synthetic_demo,false
DEMO-BRA-0536,Demo Simple Bracelet 0536,bracelet,304 stainless steel,PVD,rose gold,adjustable,simple,unisex,none,100,9.0,USD,,https://github.com/wa52/ai-customer-service/tree/main/data,Synthetic demo seed,synthetic_demo,false
DEMO-RIN-0537,Demo Vintage Ring 0537,ring,316L,none,silver,adjustable,vintage,unisex,none,150,12.7,USD,,https://github.com/wa52/ai-customer-service/tree/main/data,Synthetic demo seed,synthetic_demo,false
DEMO-NEC-0538,Demo Geometric Necklace 0538,necklace,304 stainless steel,PVD,black,standard,geometric,unisex,none,200,16.4,USD,,https://github.com/wa52/ai-customer-service/tree/main/data,Synthetic demo seed,synthetic_demo,false
DEMO-EAR-0539,Demo Minimal Earring 0539,earring,316L,PVD,gold,standard,minimal,unisex,none,250,20.1,USD,,https://github.com/wa52/ai-customer-service/tree/main/data,Synthetic demo seed,synthetic_demo,false
DEMO-BRA-0540,Demo Statement Bracelet 0540,bracelet,304 stainless steel,PVD,rose gold,adjustable,statement,unisex,none,300,4.8,USD,,https://github.com/wa52/ai-customer-service/tree/main/data,Synthetic demo seed,synthetic_demo,false
DEMO-RIN-0541,Demo Simple Ring 0541,ring,316L,none,silver,adjustable,simple,unisex,none,50,8.5,USD,,https://github.com/wa52/ai-customer-service/tree/main/data,Synthetic demo seed,synthetic_demo,false
DEMO-NEC-0542,Demo Vintage Necklace 0542,necklace,304 stainless steel,PVD,black,standard,vintage,unisex,none,100,12.2,USD,,https://github.com/wa52/ai-customer-service/tree/main/data,Synthetic demo seed,synthetic_demo,false
DEMO-EAR-0543,Demo Geometric Earring 0543,earring,316L,PVD,gold,standard,geometric,unisex,none,150,15.9,USD,,https://github.com/wa52/ai-customer-service/tree/main/data,Synthetic demo seed,synthetic_demo,false
DEMO-BRA-0544,Demo Minimal Bracelet 0544,bracelet,304 stainless steel,PVD,rose gold,adjustable,minimal,unisex,none,200,19.6,USD,,https://github.com/wa52/ai-customer-service/tree/main/data,Synthetic demo seed,synthetic_demo,false
DEMO-RIN-0545,Demo Statement Ring 0545,ring,316L,none,silver,adjustable,statement,unisex,none,250,4.3,USD,,https://github.com/wa52/ai-customer-service/tree/main/data,Synthetic demo seed,synthetic_demo,false
DEMO-NEC-0546,Demo Simple Necklace 0546,necklace,304 stainless steel,PVD,black,standard,simple,unisex,none,300,8.0,USD,,https://github.com/wa52/ai-customer-service/tree/main/data,Synthetic demo seed,synthetic_demo,false
DEMO-EAR-0547,Demo Vintage Earring 0547,earring,316L,PVD,gold,standard,vintage,unisex,none,50,11.7,USD,,https://github.com/wa52/ai-customer-service/tree/main/data,Synthetic demo seed,synthetic_demo,false
DEMO-BRA-0548,Demo Geometric Bracelet 0548,bracelet,304 stainless steel,PVD,rose gold,adjustable,geometric,unisex,none,100,15.4,USD,,https://github.com/wa52/ai-customer-service/tree/main/data,Synthetic demo seed,synthetic_demo,false
DEMO-RIN-0549,Demo Minimal Ring 0549,ring,316L,none,silver,adjustable,minimal,unisex,none,150,19.1,USD,,https://github.com/wa52/ai-customer-service/tree/main/data,Synthetic demo seed,synthetic_demo,false
DEMO-NEC-0550,Demo Statement Necklace 0550,necklace,304 stainless steel,PVD,black,standard,statement,unisex,none,200,3.8,USD,,https://github.com/wa52/ai-customer-service/tree/main/data,Synthetic demo seed,synthetic_demo,false
DEMO-EAR-0551,Demo Simple Earring 0551,earring,316L,PVD,gold,standard,simple,unisex,none,250,7.5,USD,,https://github.com/wa52/ai-customer-service/tree/main/data,Synthetic demo seed,synthetic_demo,false
DEMO-BRA-0552,Demo Vintage Bracelet 0552,bracelet,304 stainless steel,PVD,rose gold,adjustable,vintage,unisex,none,300,11.2,USD,,https://github.com/wa52/ai-customer-service/tree/main/data,Synthetic demo seed,synthetic_demo,false
DEMO-RIN-0553,Demo Geometric Ring 0553,ring,316L,none,silver,adjustable,geometric,unisex,none,50,14.9,USD,,https://github.com/wa52/ai-customer-service/tree/main/data,Synthetic demo seed,synthetic_demo,false
DEMO-NEC-0554,Demo Minimal Necklace 0554,necklace,304 stainless steel,PVD,black,standard,minimal,unisex,none,100,18.6,USD,,https://github.com/wa52/ai-customer-service/tree/main/data,Synthetic demo seed,synthetic_demo,false
DEMO-EAR-0555,Demo Statement Earring 0555,earring,316L,PVD,gold,standard,statement,unisex,none,150,3.3,USD,,https://github.com/wa52/ai-customer-service/tree/main/data,Synthetic demo seed,synthetic_demo,false
DEMO-BRA-0556,Demo Simple Bracelet 0556,bracelet,304 stainless steel,PVD,rose gold,adjustable,simple,unisex,none,200,7.0,USD,,https://github.com/wa52/ai-customer-service/tree/main/data,Synthetic demo seed,synthetic_demo,false
DEMO-RIN-0557,Demo Vintage Ring 0557,ring,316L,none,silver,adjustable,vintage,unisex,none,250,10.7,USD,,https://github.com/wa52/ai-customer-service/tree/main/data,Synthetic demo seed,synthetic_demo,false
DEMO-NEC-0558,Demo Geometric Necklace 0558,necklace,304 stainless steel,PVD,black,standard,geometric,unisex,none,300,14.4,USD,,https://github.com/wa52/ai-customer-service/tree/main/data,Synthetic demo seed,synthetic_demo,false
DEMO-EAR-0559,Demo Minimal Earring 0559,earring,316L,PVD,gold,standard,minimal,unisex,none,50,18.1,USD,,https://github.com/wa52/ai-customer-service/tree/main/data,Synthetic demo seed,synthetic_demo,false
DEMO-BRA-0560,Demo Statement Bracelet 0560,bracelet,304 stainless steel,PVD,rose gold,adjustable,statement,unisex,none,100,2.8,USD,,https://github.com/wa52/ai-customer-service/tree/main/data,Synthetic demo seed,synthetic_demo,false
DEMO-RIN-0561,Demo Simple Ring 0561,ring,316L,none,silver,adjustable,simple,unisex,none,150,6.5,USD,,https://github.com/wa52/ai-customer-service/tree/main/data,Synthetic demo seed,synthetic_demo,false
DEMO-NEC-0562,Demo Vintage Necklace 0562,necklace,304 stainless steel,PVD,black,standard,vintage,unisex,none,200,10.2,USD,,https://github.com/wa52/ai-customer-service/tree/main/data,Synthetic demo seed,synthetic_demo,false
DEMO-EAR-0563,Demo Geometric Earring 0563,earring,316L,PVD,gold,standard,geometric,unisex,none,250,13.9,USD,,https://github.com/wa52/ai-customer-service/tree/main/data,Synthetic demo seed,synthetic_demo,false
DEMO-BRA-0564,Demo Minimal Bracelet 0564,bracelet,304 stainless steel,PVD,rose gold,adjustable,minimal,unisex,none,300,17.6,USD,,https://github.com/wa52/ai-customer-service/tree/main/data,Synthetic demo seed,synthetic_demo,false
DEMO-RIN-0565,Demo Statement Ring 0565,ring,316L,none,silver,adjustable,statement,unisex,none,50,2.3,USD,,https://github.com/wa52/ai-customer-service/tree/main/data,Synthetic demo seed,synthetic_demo,false
DEMO-NEC-0566,Demo Simple Necklace 0566,necklace,304 stainless steel,PVD,black,standard,simple,unisex,none,100,6.0,USD,,https://github.com/wa52/ai-customer-service/tree/main/data,Synthetic demo seed,synthetic_demo,false
DEMO-EAR-0567,Demo Vintage Earring 0567,earring,316L,PVD,gold,standard,vintage,unisex,none,150,9.7,USD,,https://github.com/wa52/ai-customer-service/tree/main/data,Synthetic demo seed,synthetic_demo,false
DEMO-BRA-0568,Demo Geometric Bracelet 0568,bracelet,304 stainless steel,PVD,rose gold,adjustable,geometric,unisex,none,200,13.4,USD,,https://github.com/wa52/ai-customer-service/tree/main/data,Synthetic demo seed,synthetic_demo,false
DEMO-RIN-0569,Demo Minimal Ring 0569,ring,316L,none,silver,adjustable,minimal,unisex,none,250,17.1,USD,,https://github.com/wa52/ai-customer-service/tree/main/data,Synthetic demo seed,synthetic_demo,false
DEMO-NEC-0570,Demo Statement Necklace 0570,necklace,304 stainless steel,PVD,black,standard,statement,unisex,none,300,1.8,USD,,https://github.com/wa52/ai-customer-service/tree/main/data,Synthetic demo seed,synthetic_demo,false
DEMO-EAR-0571,Demo Simple Earring 0571,earring,316L,PVD,gold,standard,simple,unisex,none,50,5.5,USD,,https://github.com/wa52/ai-customer-service/tree/main/data,Synthetic demo seed,synthetic_demo,false
DEMO-BRA-0572,Demo Vintage Bracelet 0572,bracelet,304 stainless steel,PVD,rose gold,adjustable,vintage,unisex,none,100,9.2,USD,,https://github.com/wa52/ai-customer-service/tree/main/data,Synthetic demo seed,synthetic_demo,false
DEMO-RIN-0573,Demo Geometric Ring 0573,ring,316L,none,silver,adjustable,geometric,unisex,none,150,12.9,USD,,https://github.com/wa52/ai-customer-service/tree/main/data,Synthetic demo seed,synthetic_demo,false
DEMO-NEC-0574,Demo Minimal Necklace 0574,necklace,304 stainless steel,PVD,black,standard,minimal,unisex,none,200,16.6,USD,,https://github.com/wa52/ai-customer-service/tree/main/data,Synthetic demo seed,synthetic_demo,false
DEMO-EAR-0575,Demo Statement Earring 0575,earring,316L,PVD,gold,standard,statement,unisex,none,250,20.3,USD,,https://github.com/wa52/ai-customer-service/tree/main/data,Synthetic demo seed,synthetic_demo,false
DEMO-BRA-0576,Demo Simple Bracelet 0576,bracelet,304 stainless steel,PVD,rose gold,adjustable,simple,unisex,none,300,5.0,USD,,https://github.com/wa52/ai-customer-service/tree/main/data,Synthetic demo seed,synthetic_demo,false
DEMO-RIN-0577,Demo Vintage Ring 0577,ring,316L,none,silver,adjustable,vintage,unisex,none,50,8.7,USD,,https://github.com/wa52/ai-customer-service/tree/main/data,Synthetic demo seed,synthetic_demo,false
DEMO-NEC-0578,Demo Geometric Necklace 0578,necklace,304 stainless steel,PVD,black,standard,geometric,unisex,none,100,12.4,USD,,https://github.com/wa52/ai-customer-service/tree/main/data,Synthetic demo seed,synthetic_demo,false
DEMO-EAR-0579,Demo Minimal Earring 0579,earring,316L,PVD,gold,standard,minimal,unisex,none,150,16.1,USD,,https://github.com/wa52/ai-customer-service/tree/main/data,Synthetic demo seed,synthetic_demo,false
DEMO-BRA-0580,Demo Statement Bracelet 0580,bracelet,304 stainless steel,PVD,rose gold,adjustable,statement,unisex,none,200,19.8,USD,,https://github.com/wa52/ai-customer-service/tree/main/data,Synthetic demo seed,synthetic_demo,false
DEMO-RIN-0581,Demo Simple Ring 0581,ring,316L,none,silver,adjustable,simple,unisex,none,250,4.5,USD,,https://github.com/wa52/ai-customer-service/tree/main/data,Synthetic demo seed,synthetic_demo,false
DEMO-NEC-0582,Demo Vintage Necklace 0582,necklace,304 stainless steel,PVD,black,standard,vintage,unisex,none,300,8.2,USD,,https://github.com/wa52/ai-customer-service/tree/main/data,Synthetic demo seed,synthetic_demo,false
DEMO-EAR-0583,Demo Geometric Earring 0583,earring,316L,PVD,gold,standard,geometric,unisex,none,50,11.9,USD,,https://github.com/wa52/ai-customer-service/tree/main/data,Synthetic demo seed,synthetic_demo,false
DEMO-BRA-0584,Demo Minimal Bracelet 0584,bracelet,304 stainless steel,PVD,rose gold,adjustable,minimal,unisex,none,100,15.6,USD,,https://github.com/wa52/ai-customer-service/tree/main/data,Synthetic demo seed,synthetic_demo,false
DEMO-RIN-0585,Demo Statement Ring 0585,ring,316L,none,silver,adjustable,statement,unisex,none,150,19.3,USD,,https://github.com/wa52/ai-customer-service/tree/main/data,Synthetic demo seed,synthetic_demo,false
DEMO-NEC-0586,Demo Simple Necklace 0586,necklace,304 stainless steel,PVD,black,standard,simple,unisex,none,200,4.0,USD,,https://github.com/wa52/ai-customer-service/tree/main/data,Synthetic demo seed,synthetic_demo,false
DEMO-EAR-0587,Demo Vintage Earring 0587,earring,316L,PVD,gold,standard,vintage,unisex,none,250,7.7,USD,,https://github.com/wa52/ai-customer-service/tree/main/data,Synthetic demo seed,synthetic_demo,false
DEMO-BRA-0588,Demo Geometric Bracelet 0588,bracelet,304 stainless steel,PVD,rose gold,adjustable,geometric,unisex,none,300,11.4,USD,,https://github.com/wa52/ai-customer-service/tree/main/data,Synthetic demo seed,synthetic_demo,false
DEMO-RIN-0589,Demo Minimal Ring 0589,ring,316L,none,silver,adjustable,minimal,unisex,none,50,15.1,USD,,https://github.com/wa52/ai-customer-service/tree/main/data,Synthetic demo seed,synthetic_demo,false
DEMO-NEC-0590,Demo Statement Necklace 0590,necklace,304 stainless steel,PVD,black,standard,statement,unisex,none,100,18.8,USD,,https://github.com/wa52/ai-customer-service/tree/main/data,Synthetic demo seed,synthetic_demo,false
DEMO-EAR-0591,Demo Simple Earring 0591,earring,316L,PVD,gold,standard,simple,unisex,none,150,3.5,USD,,https://github.com/wa52/ai-customer-service/tree/main/data,Synthetic demo seed,synthetic_demo,false
DEMO-BRA-0592,Demo Vintage Bracelet 0592,bracelet,304 stainless steel,PVD,rose gold,adjustable,vintage,unisex,none,200,7.2,USD,,https://github.com/wa52/ai-customer-service/tree/main/data,Synthetic demo seed,synthetic_demo,false
DEMO-RIN-0593,Demo Geometric Ring 0593,ring,316L,none,silver,adjustable,geometric,unisex,none,250,10.9,USD,,https://github.com/wa52/ai-customer-service/tree/main/data,Synthetic demo seed,synthetic_demo,false
DEMO-NEC-0594,Demo Minimal Necklace 0594,necklace,304 stainless steel,PVD,black,standard,minimal,unisex,none,300,14.6,USD,,https://github.com/wa52/ai-customer-service/tree/main/data,Synthetic demo seed,synthetic_demo,false
DEMO-EAR-0595,Demo Statement Earring 0595,earring,316L,PVD,gold,standard,statement,unisex,none,50,18.3,USD,,https://github.com/wa52/ai-customer-service/tree/main/data,Synthetic demo seed,synthetic_demo,false
DEMO-BRA-0596,Demo Simple Bracelet 0596,bracelet,304 stainless steel,PVD,rose gold,adjustable,simple,unisex,none,100,3.0,USD,,https://github.com/wa52/ai-customer-service/tree/main/data,Synthetic demo seed,synthetic_demo,false
DEMO-RIN-0597,Demo Vintage Ring 0597,ring,316L,none,silver,adjustable,vintage,unisex,none,150,6.7,USD,,https://github.com/wa52/ai-customer-service/tree/main/data,Synthetic demo seed,synthetic_demo,false
DEMO-NEC-0598,Demo Geometric Necklace 0598,necklace,304 stainless steel,PVD,black,standard,geometric,unisex,none,200,10.4,USD,,https://github.com/wa52/ai-customer-service/tree/main/data,Synthetic demo seed,synthetic_demo,false
DEMO-EAR-0599,Demo Minimal Earring 0599,earring,316L,PVD,gold,standard,minimal,unisex,none,250,14.1,USD,,https://github.com/wa52/ai-customer-service/tree/main/data,Synthetic demo seed,synthetic_demo,false
DEMO-BRA-0600,Demo Statement Bracelet 0600,bracelet,304 stainless steel,PVD,rose gold,adjustable,statement,unisex,none,300,17.8,USD,,https://github.com/wa52/ai-customer-service/tree/main/data,Synthetic demo seed,synthetic_demo,false
DEMO-RIN-0601,Demo Simple Ring 0601,ring,316L,none,silver,adjustable,simple,unisex,none,50,2.5,USD,,https://github.com/wa52/ai-customer-service/tree/main/data,Synthetic demo seed,synthetic_demo,false
DEMO-NEC-0602,Demo Vintage Necklace 0602,necklace,304 stainless steel,PVD,black,standard,vintage,unisex,none,100,6.2,USD,,https://github.com/wa52/ai-customer-service/tree/main/data,Synthetic demo seed,synthetic_demo,false
DEMO-EAR-0603,Demo Geometric Earring 0603,earring,316L,PVD,gold,standard,geometric,unisex,none,150,9.9,USD,,https://github.com/wa52/ai-customer-service/tree/main/data,Synthetic demo seed,synthetic_demo,false
DEMO-BRA-0604,Demo Minimal Bracelet 0604,bracelet,304 stainless steel,PVD,rose gold,adjustable,minimal,unisex,none,200,13.6,USD,,https://github.com/wa52/ai-customer-service/tree/main/data,Synthetic demo seed,synthetic_demo,false
DEMO-RIN-0605,Demo Statement Ring 0605,ring,316L,none,silver,adjustable,statement,unisex,none,250,17.3,USD,,https://github.com/wa52/ai-customer-service/tree/main/data,Synthetic demo seed,synthetic_demo,false
DEMO-NEC-0606,Demo Simple Necklace 0606,necklace,304 stainless steel,PVD,black,standard,simple,unisex,none,300,2.0,USD,,https://github.com/wa52/ai-customer-service/tree/main/data,Synthetic demo seed,synthetic_demo,false
DEMO-EAR-0607,Demo Vintage Earring 0607,earring,316L,PVD,gold,standard,vintage,unisex,none,50,5.7,USD,,https://github.com/wa52/ai-customer-service/tree/main/data,Synthetic demo seed,synthetic_demo,false
DEMO-BRA-0608,Demo Geometric Bracelet 0608,bracelet,304 stainless steel,PVD,rose gold,adjustable,geometric,unisex,none,100,9.4,USD,,https://github.com/wa52/ai-customer-service/tree/main/data,Synthetic demo seed,synthetic_demo,false
DEMO-RIN-0609,Demo Minimal Ring 0609,ring,316L,none,silver,adjustable,minimal,unisex,none,150,13.1,USD,,https://github.com/wa52/ai-customer-service/tree/main/data,Synthetic demo seed,synthetic_demo,false
DEMO-NEC-0610,Demo Statement Necklace 0610,necklace,304 stainless steel,PVD,black,standard,statement,unisex,none,200,16.8,USD,,https://github.com/wa52/ai-customer-service/tree/main/data,Synthetic demo seed,synthetic_demo,false
DEMO-EAR-0611,Demo Simple Earring 0611,earring,316L,PVD,gold,standard,simple,unisex,none,250,20.5,USD,,https://github.com/wa52/ai-customer-service/tree/main/data,Synthetic demo seed,synthetic_demo,false
DEMO-BRA-0612,Demo Vintage Bracelet 0612,bracelet,304 stainless steel,PVD,rose gold,adjustable,vintage,unisex,none,300,5.2,USD,,https://github.com/wa52/ai-customer-service/tree/main/data,Synthetic demo seed,synthetic_demo,false
DEMO-RIN-0613,Demo Geometric Ring 0613,ring,316L,none,silver,adjustable,geometric,unisex,none,50,8.9,USD,,https://github.com/wa52/ai-customer-service/tree/main/data,Synthetic demo seed,synthetic_demo,false
DEMO-NEC-0614,Demo Minimal Necklace 0614,necklace,304 stainless steel,PVD,black,standard,minimal,unisex,none,100,12.6,USD,,https://github.com/wa52/ai-customer-service/tree/main/data,Synthetic demo seed,synthetic_demo,false
DEMO-EAR-0615,Demo Statement Earring 0615,earring,316L,PVD,gold,standard,statement,unisex,none,150,16.3,USD,,https://github.com/wa52/ai-customer-service/tree/main/data,Synthetic demo seed,synthetic_demo,false
DEMO-BRA-0616,Demo Simple Bracelet 0616,bracelet,304 stainless steel,PVD,rose gold,adjustable,simple,unisex,none,200,20.0,USD,,https://github.com/wa52/ai-customer-service/tree/main/data,Synthetic demo seed,synthetic_demo,false
DEMO-RIN-0617,Demo Vintage Ring 0617,ring,316L,none,silver,adjustable,vintage,unisex,none,250,4.7,USD,,https://github.com/wa52/ai-customer-service/tree/main/data,Synthetic demo seed,synthetic_demo,false
DEMO-NEC-0618,Demo Geometric Necklace 0618,necklace,304 stainless steel,PVD,black,standard,geometric,unisex,none,300,8.4,USD,,https://github.com/wa52/ai-customer-service/tree/main/data,Synthetic demo seed,synthetic_demo,false
DEMO-EAR-0619,Demo Minimal Earring 0619,earring,316L,PVD,gold,standard,minimal,unisex,none,50,12.1,USD,,https://github.com/wa52/ai-customer-service/tree/main/data,Synthetic demo seed,synthetic_demo,false
DEMO-BRA-0620,Demo Statement Bracelet 0620,bracelet,304 stainless steel,PVD,rose gold,adjustable,statement,unisex,none,100,15.8,USD,,https://github.com/wa52/ai-customer-service/tree/main/data,Synthetic demo seed,synthetic_demo,false
DEMO-RIN-0621,Demo Simple Ring 0621,ring,316L,none,silver,adjustable,simple,unisex,none,150,19.5,USD,,https://github.com/wa52/ai-customer-service/tree/main/data,Synthetic demo seed,synthetic_demo,false
DEMO-NEC-0622,Demo Vintage Necklace 0622,necklace,304 stainless steel,PVD,black,standard,vintage,unisex,none,200,4.2,USD,,https://github.com/wa52/ai-customer-service/tree/main/data,Synthetic demo seed,synthetic_demo,false
DEMO-EAR-0623,Demo Geometric Earring 0623,earring,316L,PVD,gold,standard,geometric,unisex,none,250,7.9,USD,,https://github.com/wa52/ai-customer-service/tree/main/data,Synthetic demo seed,synthetic_demo,false
DEMO-BRA-0624,Demo Minimal Bracelet 0624,bracelet,304 stainless steel,PVD,rose gold,adjustable,minimal,unisex,none,300,11.6,USD,,https://github.com/wa52/ai-customer-service/tree/main/data,Synthetic demo seed,synthetic_demo,false
DEMO-RIN-0625,Demo Statement Ring 0625,ring,316L,none,silver,adjustable,statement,unisex,none,50,15.3,USD,,https://github.com/wa52/ai-customer-service/tree/main/data,Synthetic demo seed,synthetic_demo,false
DEMO-NEC-0626,Demo Simple Necklace 0626,necklace,304 stainless steel,PVD,black,standard,simple,unisex,none,100,19.0,USD,,https://github.com/wa52/ai-customer-service/tree/main/data,Synthetic demo seed,synthetic_demo,false
DEMO-EAR-0627,Demo Vintage Earring 0627,earring,316L,PVD,gold,standard,vintage,unisex,none,150,3.7,USD,,https://github.com/wa52/ai-customer-service/tree/main/data,Synthetic demo seed,synthetic_demo,false
DEMO-BRA-0628,Demo Geometric Bracelet 0628,bracelet,304 stainless steel,PVD,rose gold,adjustable,geometric,unisex,none,200,7.4,USD,,https://github.com/wa52/ai-customer-service/tree/main/data,Synthetic demo seed,synthetic_demo,false
DEMO-RIN-0629,Demo Minimal Ring 0629,ring,316L,none,silver,adjustable,minimal,unisex,none,250,11.1,USD,,https://github.com/wa52/ai-customer-service/tree/main/data,Synthetic demo seed,synthetic_demo,false
DEMO-NEC-0630,Demo Statement Necklace 0630,necklace,304 stainless steel,PVD,black,standard,statement,unisex,none,300,14.8,USD,,https://github.com/wa52/ai-customer-service/tree/main/data,Synthetic demo seed,synthetic_demo,false
DEMO-EAR-0631,Demo Simple Earring 0631,earring,316L,PVD,gold,standard,simple,unisex,none,50,18.5,USD,,https://github.com/wa52/ai-customer-service/tree/main/data,Synthetic demo seed,synthetic_demo,false
DEMO-BRA-0632,Demo Vintage Bracelet 0632,bracelet,304 stainless steel,PVD,rose gold,adjustable,vintage,unisex,none,100,3.2,USD,,https://github.com/wa52/ai-customer-service/tree/main/data,Synthetic demo seed,synthetic_demo,false
DEMO-RIN-0633,Demo Geometric Ring 0633,ring,316L,none,silver,adjustable,geometric,unisex,none,150,6.9,USD,,https://github.com/wa52/ai-customer-service/tree/main/data,Synthetic demo seed,synthetic_demo,false
DEMO-NEC-0634,Demo Minimal Necklace 0634,necklace,304 stainless steel,PVD,black,standard,minimal,unisex,none,200,10.6,USD,,https://github.com/wa52/ai-customer-service/tree/main/data,Synthetic demo seed,synthetic_demo,false
DEMO-EAR-0635,Demo Statement Earring 0635,earring,316L,PVD,gold,standard,statement,unisex,none,250,14.3,USD,,https://github.com/wa52/ai-customer-service/tree/main/data,Synthetic demo seed,synthetic_demo,false
DEMO-BRA-0636,Demo Simple Bracelet 0636,bracelet,304 stainless steel,PVD,rose gold,adjustable,simple,unisex,none,300,18.0,USD,,https://github.com/wa52/ai-customer-service/tree/main/data,Synthetic demo seed,synthetic_demo,false
DEMO-RIN-0637,Demo Vintage Ring 0637,ring,316L,none,silver,adjustable,vintage,unisex,none,50,2.7,USD,,https://github.com/wa52/ai-customer-service/tree/main/data,Synthetic demo seed,synthetic_demo,false
DEMO-NEC-0638,Demo Geometric Necklace 0638,necklace,304 stainless steel,PVD,black,standard,geometric,unisex,none,100,6.4,USD,,https://github.com/wa52/ai-customer-service/tree/main/data,Synthetic demo seed,synthetic_demo,false
DEMO-EAR-0639,Demo Minimal Earring 0639,earring,316L,PVD,gold,standard,minimal,unisex,none,150,10.1,USD,,https://github.com/wa52/ai-customer-service/tree/main/data,Synthetic demo seed,synthetic_demo,false
DEMO-BRA-0640,Demo Statement Bracelet 0640,bracelet,304 stainless steel,PVD,rose gold,adjustable,statement,unisex,none,200,13.8,USD,,https://github.com/wa52/ai-customer-service/tree/main/data,Synthetic demo seed,synthetic_demo,false
DEMO-RIN-0641,Demo Simple Ring 0641,ring,316L,none,silver,adjustable,simple,unisex,none,250,17.5,USD,,https://github.com/wa52/ai-customer-service/tree/main/data,Synthetic demo seed,synthetic_demo,false
DEMO-NEC-0642,Demo Vintage Necklace 0642,necklace,304 stainless steel,PVD,black,standard,vintage,unisex,none,300,2.2,USD,,https://github.com/wa52/ai-customer-service/tree/main/data,Synthetic demo seed,synthetic_demo,false
DEMO-EAR-0643,Demo Geometric Earring 0643,earring,316L,PVD,gold,standard,geometric,unisex,none,50,5.9,USD,,https://github.com/wa52/ai-customer-service/tree/main/data,Synthetic demo seed,synthetic_demo,false
DEMO-BRA-0644,Demo Minimal Bracelet 0644,bracelet,304 stainless steel,PVD,rose gold,adjustable,minimal,unisex,none,100,9.6,USD,,https://github.com/wa52/ai-customer-service/tree/main/data,Synthetic demo seed,synthetic_demo,false
DEMO-RIN-0645,Demo Statement Ring 0645,ring,316L,none,silver,adjustable,statement,unisex,none,150,13.3,USD,,https://github.com/wa52/ai-customer-service/tree/main/data,Synthetic demo seed,synthetic_demo,false
DEMO-NEC-0646,Demo Simple Necklace 0646,necklace,304 stainless steel,PVD,black,standard,simple,unisex,none,200,17.0,USD,,https://github.com/wa52/ai-customer-service/tree/main/data,Synthetic demo seed,synthetic_demo,false
DEMO-EAR-0647,Demo Vintage Earring 0647,earring,316L,PVD,gold,standard,vintage,unisex,none,250,20.7,USD,,https://github.com/wa52/ai-customer-service/tree/main/data,Synthetic demo seed,synthetic_demo,false
DEMO-BRA-0648,Demo Geometric Bracelet 0648,bracelet,304 stainless steel,PVD,rose gold,adjustable,geometric,unisex,none,300,5.4,USD,,https://github.com/wa52/ai-customer-service/tree/main/data,Synthetic demo seed,synthetic_demo,false
DEMO-RIN-0649,Demo Minimal Ring 0649,ring,316L,none,silver,adjustable,minimal,unisex,none,50,9.1,USD,,https://github.com/wa52/ai-customer-service/tree/main/data,Synthetic demo seed,synthetic_demo,false
DEMO-NEC-0650,Demo Statement Necklace 0650,necklace,304 stainless steel,PVD,black,standard,statement,unisex,none,100,12.8,USD,,https://github.com/wa52/ai-customer-service/tree/main/data,Synthetic demo seed,synthetic_demo,false
DEMO-EAR-0651,Demo Simple Earring 0651,earring,316L,PVD,gold,standard,simple,unisex,none,150,16.5,USD,,https://github.com/wa52/ai-customer-service/tree/main/data,Synthetic demo seed,synthetic_demo,false
DEMO-BRA-0652,Demo Vintage Bracelet 0652,bracelet,304 stainless steel,PVD,rose gold,adjustable,vintage,unisex,none,200,20.2,USD,,https://github.com/wa52/ai-customer-service/tree/main/data,Synthetic demo seed,synthetic_demo,false
DEMO-RIN-0653,Demo Geometric Ring 0653,ring,316L,none,silver,adjustable,geometric,unisex,none,250,4.9,USD,,https://github.com/wa52/ai-customer-service/tree/main/data,Synthetic demo seed,synthetic_demo,false
DEMO-NEC-0654,Demo Minimal Necklace 0654,necklace,304 stainless steel,PVD,black,standard,minimal,unisex,none,300,8.6,USD,,https://github.com/wa52/ai-customer-service/tree/main/data,Synthetic demo seed,synthetic_demo,false
DEMO-EAR-0655,Demo Statement Earring 0655,earring,316L,PVD,gold,standard,statement,unisex,none,50,12.3,USD,,https://github.com/wa52/ai-customer-service/tree/main/data,Synthetic demo seed,synthetic_demo,false
DEMO-BRA-0656,Demo Simple Bracelet 0656,bracelet,304 stainless steel,PVD,rose gold,adjustable,simple,unisex,none,100,16.0,USD,,https://github.com/wa52/ai-customer-service/tree/main/data,Synthetic demo seed,synthetic_demo,false
DEMO-RIN-0657,Demo Vintage Ring 0657,ring,316L,none,silver,adjustable,vintage,unisex,none,150,19.7,USD,,https://github.com/wa52/ai-customer-service/tree/main/data,Synthetic demo seed,synthetic_demo,false
DEMO-NEC-0658,Demo Geometric Necklace 0658,necklace,304 stainless steel,PVD,black,standard,geometric,unisex,none,200,4.4,USD,,https://github.com/wa52/ai-customer-service/tree/main/data,Synthetic demo seed,synthetic_demo,false
DEMO-EAR-0659,Demo Minimal Earring 0659,earring,316L,PVD,gold,standard,minimal,unisex,none,250,8.1,USD,,https://github.com/wa52/ai-customer-service/tree/main/data,Synthetic demo seed,synthetic_demo,false
DEMO-BRA-0660,Demo Statement Bracelet 0660,bracelet,304 stainless steel,PVD,rose gold,adjustable,statement,unisex,none,300,11.8,USD,,https://github.com/wa52/ai-customer-service/tree/main/data,Synthetic demo seed,synthetic_demo,false
DEMO-RIN-0661,Demo Simple Ring 0661,ring,316L,none,silver,adjustable,simple,unisex,none,50,15.5,USD,,https://github.com/wa52/ai-customer-service/tree/main/data,Synthetic demo seed,synthetic_demo,false
DEMO-NEC-0662,Demo Vintage Necklace 0662,necklace,304 stainless steel,PVD,black,standard,vintage,unisex,none,100,19.2,USD,,https://github.com/wa52/ai-customer-service/tree/main/data,Synthetic demo seed,synthetic_demo,false
DEMO-EAR-0663,Demo Geometric Earring 0663,earring,316L,PVD,gold,standard,geometric,unisex,none,150,3.9,USD,,https://github.com/wa52/ai-customer-service/tree/main/data,Synthetic demo seed,synthetic_demo,false
DEMO-BRA-0664,Demo Minimal Bracelet 0664,bracelet,304 stainless steel,PVD,rose gold,adjustable,minimal,unisex,none,200,7.6,USD,,https://github.com/wa52/ai-customer-service/tree/main/data,Synthetic demo seed,synthetic_demo,false
DEMO-RIN-0665,Demo Statement Ring 0665,ring,316L,none,silver,adjustable,statement,unisex,none,250,11.3,USD,,https://github.com/wa52/ai-customer-service/tree/main/data,Synthetic demo seed,synthetic_demo,false
DEMO-NEC-0666,Demo Simple Necklace 0666,necklace,304 stainless steel,PVD,black,standard,simple,unisex,none,300,15.0,USD,,https://github.com/wa52/ai-customer-service/tree/main/data,Synthetic demo seed,synthetic_demo,false
DEMO-EAR-0667,Demo Vintage Earring 0667,earring,316L,PVD,gold,standard,vintage,unisex,none,50,18.7,USD,,https://github.com/wa52/ai-customer-service/tree/main/data,Synthetic demo seed,synthetic_demo,false
DEMO-BRA-0668,Demo Geometric Bracelet 0668,bracelet,304 stainless steel,PVD,rose gold,adjustable,geometric,unisex,none,100,3.4,USD,,https://github.com/wa52/ai-customer-service/tree/main/data,Synthetic demo seed,synthetic_demo,false
DEMO-RIN-0669,Demo Minimal Ring 0669,ring,316L,none,silver,adjustable,minimal,unisex,none,150,7.1,USD,,https://github.com/wa52/ai-customer-service/tree/main/data,Synthetic demo seed,synthetic_demo,false
DEMO-NEC-0670,Demo Statement Necklace 0670,necklace,304 stainless steel,PVD,black,standard,statement,unisex,none,200,10.8,USD,,https://github.com/wa52/ai-customer-service/tree/main/data,Synthetic demo seed,synthetic_demo,false
DEMO-EAR-0671,Demo Simple Earring 0671,earring,316L,PVD,gold,standard,simple,unisex,none,250,14.5,USD,,https://github.com/wa52/ai-customer-service/tree/main/data,Synthetic demo seed,synthetic_demo,false
DEMO-BRA-0672,Demo Vintage Bracelet 0672,bracelet,304 stainless steel,PVD,rose gold,adjustable,vintage,unisex,none,300,18.2,USD,,https://github.com/wa52/ai-customer-service/tree/main/data,Synthetic demo seed,synthetic_demo,false
DEMO-RIN-0673,Demo Geometric Ring 0673,ring,316L,none,silver,adjustable,geometric,unisex,none,50,2.9,USD,,https://github.com/wa52/ai-customer-service/tree/main/data,Synthetic demo seed,synthetic_demo,false
DEMO-NEC-0674,Demo Minimal Necklace 0674,necklace,304 stainless steel,PVD,black,standard,minimal,unisex,none,100,6.6,USD,,https://github.com/wa52/ai-customer-service/tree/main/data,Synthetic demo seed,synthetic_demo,false
DEMO-EAR-0675,Demo Statement Earring 0675,earring,316L,PVD,gold,standard,statement,unisex,none,150,10.3,USD,,https://github.com/wa52/ai-customer-service/tree/main/data,Synthetic demo seed,synthetic_demo,false
DEMO-BRA-0676,Demo Simple Bracelet 0676,bracelet,304 stainless steel,PVD,rose gold,adjustable,simple,unisex,none,200,14.0,USD,,https://github.com/wa52/ai-customer-service/tree/main/data,Synthetic demo seed,synthetic_demo,false
DEMO-RIN-0677,Demo Vintage Ring 0677,ring,316L,none,silver,adjustable,vintage,unisex,none,250,17.7,USD,,https://github.com/wa52/ai-customer-service/tree/main/data,Synthetic demo seed,synthetic_demo,false
DEMO-NEC-0678,Demo Geometric Necklace 0678,necklace,304 stainless steel,PVD,black,standard,geometric,unisex,none,300,2.4,USD,,https://github.com/wa52/ai-customer-service/tree/main/data,Synthetic demo seed,synthetic_demo,false
DEMO-EAR-0679,Demo Minimal Earring 0679,earring,316L,PVD,gold,standard,minimal,unisex,none,50,6.1,USD,,https://github.com/wa52/ai-customer-service/tree/main/data,Synthetic demo seed,synthetic_demo,false
DEMO-BRA-0680,Demo Statement Bracelet 0680,bracelet,304 stainless steel,PVD,rose gold,adjustable,statement,unisex,none,100,9.8,USD,,https://github.com/wa52/ai-customer-service/tree/main/data,Synthetic demo seed,synthetic_demo,false
DEMO-RIN-0681,Demo Simple Ring 0681,ring,316L,none,silver,adjustable,simple,unisex,none,150,13.5,USD,,https://github.com/wa52/ai-customer-service/tree/main/data,Synthetic demo seed,synthetic_demo,false
DEMO-NEC-0682,Demo Vintage Necklace 0682,necklace,304 stainless steel,PVD,black,standard,vintage,unisex,none,200,17.2,USD,,https://github.com/wa52/ai-customer-service/tree/main/data,Synthetic demo seed,synthetic_demo,false
DEMO-EAR-0683,Demo Geometric Earring 0683,earring,316L,PVD,gold,standard,geometric,unisex,none,250,1.9,USD,,https://github.com/wa52/ai-customer-service/tree/main/data,Synthetic demo seed,synthetic_demo,false
DEMO-BRA-0684,Demo Minimal Bracelet 0684,bracelet,304 stainless steel,PVD,rose gold,adjustable,minimal,unisex,none,300,5.6,USD,,https://github.com/wa52/ai-customer-service/tree/main/data,Synthetic demo seed,synthetic_demo,false
DEMO-RIN-0685,Demo Statement Ring 0685,ring,316L,none,silver,adjustable,statement,unisex,none,50,9.3,USD,,https://github.com/wa52/ai-customer-service/tree/main/data,Synthetic demo seed,synthetic_demo,false
DEMO-NEC-0686,Demo Simple Necklace 0686,necklace,304 stainless steel,PVD,black,standard,simple,unisex,none,100,13.0,USD,,https://github.com/wa52/ai-customer-service/tree/main/data,Synthetic demo seed,synthetic_demo,false
DEMO-EAR-0687,Demo Vintage Earring 0687,earring,316L,PVD,gold,standard,vintage,unisex,none,150,16.7,USD,,https://github.com/wa52/ai-customer-service/tree/main/data,Synthetic demo seed,synthetic_demo,false
DEMO-BRA-0688,Demo Geometric Bracelet 0688,bracelet,304 stainless steel,PVD,rose gold,adjustable,geometric,unisex,none,200,20.4,USD,,https://github.com/wa52/ai-customer-service/tree/main/data,Synthetic demo seed,synthetic_demo,false
DEMO-RIN-0689,Demo Minimal Ring 0689,ring,316L,none,silver,adjustable,minimal,unisex,none,250,5.1,USD,,https://github.com/wa52/ai-customer-service/tree/main/data,Synthetic demo seed,synthetic_demo,false
DEMO-NEC-0690,Demo Statement Necklace 0690,necklace,304 stainless steel,PVD,black,standard,statement,unisex,none,300,8.8,USD,,https://github.com/wa52/ai-customer-service/tree/main/data,Synthetic demo seed,synthetic_demo,false
DEMO-EAR-0691,Demo Simple Earring 0691,earring,316L,PVD,gold,standard,simple,unisex,none,50,12.5,USD,,https://github.com/wa52/ai-customer-service/tree/main/data,Synthetic demo seed,synthetic_demo,false
DEMO-BRA-0692,Demo Vintage Bracelet 0692,bracelet,304 stainless steel,PVD,rose gold,adjustable,vintage,unisex,none,100,16.2,USD,,https://github.com/wa52/ai-customer-service/tree/main/data,Synthetic demo seed,synthetic_demo,false
DEMO-RIN-0693,Demo Geometric Ring 0693,ring,316L,none,silver,adjustable,geometric,unisex,none,150,19.9,USD,,https://github.com/wa52/ai-customer-service/tree/main/data,Synthetic demo seed,synthetic_demo,false
DEMO-NEC-0694,Demo Minimal Necklace 0694,necklace,304 stainless steel,PVD,black,standard,minimal,unisex,none,200,4.6,USD,,https://github.com/wa52/ai-customer-service/tree/main/data,Synthetic demo seed,synthetic_demo,false
DEMO-EAR-0695,Demo Statement Earring 0695,earring,316L,PVD,gold,standard,statement,unisex,none,250,8.3,USD,,https://github.com/wa52/ai-customer-service/tree/main/data,Synthetic demo seed,synthetic_demo,false
DEMO-BRA-0696,Demo Simple Bracelet 0696,bracelet,304 stainless steel,PVD,rose gold,adjustable,simple,unisex,none,300,12.0,USD,,https://github.com/wa52/ai-customer-service/tree/main/data,Synthetic demo seed,synthetic_demo,false
DEMO-RIN-0697,Demo Vintage Ring 0697,ring,316L,none,silver,adjustable,vintage,unisex,none,50,15.7,USD,,https://github.com/wa52/ai-customer-service/tree/main/data,Synthetic demo seed,synthetic_demo,false
DEMO-NEC-0698,Demo Geometric Necklace 0698,necklace,304 stainless steel,PVD,black,standard,geometric,unisex,none,100,19.4,USD,,https://github.com/wa52/ai-customer-service/tree/main/data,Synthetic demo seed,synthetic_demo,false
DEMO-EAR-0699,Demo Minimal Earring 0699,earring,316L,PVD,gold,standard,minimal,unisex,none,150,4.1,USD,,https://github.com/wa52/ai-customer-service/tree/main/data,Synthetic demo seed,synthetic_demo,false
DEMO-BRA-0700,Demo Statement Bracelet 0700,bracelet,304 stainless steel,PVD,rose gold,adjustable,statement,unisex,none,200,7.8,USD,,https://github.com/wa52/ai-customer-service/tree/main/data,Synthetic demo seed,synthetic_demo,false
DEMO-RIN-0701,Demo Simple Ring 0701,ring,316L,none,silver,adjustable,simple,unisex,none,250,11.5,USD,,https://github.com/wa52/ai-customer-service/tree/main/data,Synthetic demo seed,synthetic_demo,false
DEMO-NEC-0702,Demo Vintage Necklace 0702,necklace,304 stainless steel,PVD,black,standard,vintage,unisex,none,300,15.2,USD,,https://github.com/wa52/ai-customer-service/tree/main/data,Synthetic demo seed,synthetic_demo,false
DEMO-EAR-0703,Demo Geometric Earring 0703,earring,316L,PVD,gold,standard,geometric,unisex,none,50,18.9,USD,,https://github.com/wa52/ai-customer-service/tree/main/data,Synthetic demo seed,synthetic_demo,false
DEMO-BRA-0704,Demo Minimal Bracelet 0704,bracelet,304 stainless steel,PVD,rose gold,adjustable,minimal,unisex,none,100,3.6,USD,,https://github.com/wa52/ai-customer-service/tree/main/data,Synthetic demo seed,synthetic_demo,false
DEMO-RIN-0705,Demo Statement Ring 0705,ring,316L,none,silver,adjustable,statement,unisex,none,150,7.3,USD,,https://github.com/wa52/ai-customer-service/tree/main/data,Synthetic demo seed,synthetic_demo,false
DEMO-NEC-0706,Demo Simple Necklace 0706,necklace,304 stainless steel,PVD,black,standard,simple,unisex,none,200,11.0,USD,,https://github.com/wa52/ai-customer-service/tree/main/data,Synthetic demo seed,synthetic_demo,false
DEMO-EAR-0707,Demo Vintage Earring 0707,earring,316L,PVD,gold,standard,vintage,unisex,none,250,14.7,USD,,https://github.com/wa52/ai-customer-service/tree/main/data,Synthetic demo seed,synthetic_demo,false
DEMO-BRA-0708,Demo Geometric Bracelet 0708,bracelet,304 stainless steel,PVD,rose gold,adjustable,geometric,unisex,none,300,18.4,USD,,https://github.com/wa52/ai-customer-service/tree/main/data,Synthetic demo seed,synthetic_demo,false
DEMO-RIN-0709,Demo Minimal Ring 0709,ring,316L,none,silver,adjustable,minimal,unisex,none,50,3.1,USD,,https://github.com/wa52/ai-customer-service/tree/main/data,Synthetic demo seed,synthetic_demo,false
DEMO-NEC-0710,Demo Statement Necklace 0710,necklace,304 stainless steel,PVD,black,standard,statement,unisex,none,100,6.8,USD,,https://github.com/wa52/ai-customer-service/tree/main/data,Synthetic demo seed,synthetic_demo,false
DEMO-EAR-0711,Demo Simple Earring 0711,earring,316L,PVD,gold,standard,simple,unisex,none,150,10.5,USD,,https://github.com/wa52/ai-customer-service/tree/main/data,Synthetic demo seed,synthetic_demo,false
DEMO-BRA-0712,Demo Vintage Bracelet 0712,bracelet,304 stainless steel,PVD,rose gold,adjustable,vintage,unisex,none,200,14.2,USD,,https://github.com/wa52/ai-customer-service/tree/main/data,Synthetic demo seed,synthetic_demo,false
DEMO-RIN-0713,Demo Geometric Ring 0713,ring,316L,none,silver,adjustable,geometric,unisex,none,250,17.9,USD,,https://github.com/wa52/ai-customer-service/tree/main/data,Synthetic demo seed,synthetic_demo,false
DEMO-NEC-0714,Demo Minimal Necklace 0714,necklace,304 stainless steel,PVD,black,standard,minimal,unisex,none,300,2.6,USD,,https://github.com/wa52/ai-customer-service/tree/main/data,Synthetic demo seed,synthetic_demo,false
DEMO-EAR-0715,Demo Statement Earring 0715,earring,316L,PVD,gold,standard,statement,unisex,none,50,6.3,USD,,https://github.com/wa52/ai-customer-service/tree/main/data,Synthetic demo seed,synthetic_demo,false
DEMO-BRA-0716,Demo Simple Bracelet 0716,bracelet,304 stainless steel,PVD,rose gold,adjustable,simple,unisex,none,100,10.0,USD,,https://github.com/wa52/ai-customer-service/tree/main/data,Synthetic demo seed,synthetic_demo,false
DEMO-RIN-0717,Demo Vintage Ring 0717,ring,316L,none,silver,adjustable,vintage,unisex,none,150,13.7,USD,,https://github.com/wa52/ai-customer-service/tree/main/data,Synthetic demo seed,synthetic_demo,false
DEMO-NEC-0718,Demo Geometric Necklace 0718,necklace,304 stainless steel,PVD,black,standard,geometric,unisex,none,200,17.4,USD,,https://github.com/wa52/ai-customer-service/tree/main/data,Synthetic demo seed,synthetic_demo,false
DEMO-EAR-0719,Demo Minimal Earring 0719,earring,316L,PVD,gold,standard,minimal,unisex,none,250,2.1,USD,,https://github.com/wa52/ai-customer-service/tree/main/data,Synthetic demo seed,synthetic_demo,false
DEMO-BRA-0720,Demo Statement Bracelet 0720,bracelet,304 stainless steel,PVD,rose gold,adjustable,statement,unisex,none,300,5.8,USD,,https://github.com/wa52/ai-customer-service/tree/main/data,Synthetic demo seed,synthetic_demo,false
DEMO-RIN-0721,Demo Simple Ring 0721,ring,316L,none,silver,adjustable,simple,unisex,none,50,9.5,USD,,https://github.com/wa52/ai-customer-service/tree/main/data,Synthetic demo seed,synthetic_demo,false
DEMO-NEC-0722,Demo Vintage Necklace 0722,necklace,304 stainless steel,PVD,black,standard,vintage,unisex,none,100,13.2,USD,,https://github.com/wa52/ai-customer-service/tree/main/data,Synthetic demo seed,synthetic_demo,false
DEMO-EAR-0723,Demo Geometric Earring 0723,earring,316L,PVD,gold,standard,geometric,unisex,none,150,16.9,USD,,https://github.com/wa52/ai-customer-service/tree/main/data,Synthetic demo seed,synthetic_demo,false
DEMO-BRA-0724,Demo Minimal Bracelet 0724,bracelet,304 stainless steel,PVD,rose gold,adjustable,minimal,unisex,none,200,20.6,USD,,https://github.com/wa52/ai-customer-service/tree/main/data,Synthetic demo seed,synthetic_demo,false
DEMO-RIN-0725,Demo Statement Ring 0725,ring,316L,none,silver,adjustable,statement,unisex,none,250,5.3,USD,,https://github.com/wa52/ai-customer-service/tree/main/data,Synthetic demo seed,synthetic_demo,false
DEMO-NEC-0726,Demo Simple Necklace 0726,necklace,304 stainless steel,PVD,black,standard,simple,unisex,none,300,9.0,USD,,https://github.com/wa52/ai-customer-service/tree/main/data,Synthetic demo seed,synthetic_demo,false
DEMO-EAR-0727,Demo Vintage Earring 0727,earring,316L,PVD,gold,standard,vintage,unisex,none,50,12.7,USD,,https://github.com/wa52/ai-customer-service/tree/main/data,Synthetic demo seed,synthetic_demo,false
DEMO-BRA-0728,Demo Geometric Bracelet 0728,bracelet,304 stainless steel,PVD,rose gold,adjustable,geometric,unisex,none,100,16.4,USD,,https://github.com/wa52/ai-customer-service/tree/main/data,Synthetic demo seed,synthetic_demo,false
DEMO-RIN-0729,Demo Minimal Ring 0729,ring,316L,none,silver,adjustable,minimal,unisex,none,150,20.1,USD,,https://github.com/wa52/ai-customer-service/tree/main/data,Synthetic demo seed,synthetic_demo,false
DEMO-NEC-0730,Demo Statement Necklace 0730,necklace,304 stainless steel,PVD,black,standard,statement,unisex,none,200,4.8,USD,,https://github.com/wa52/ai-customer-service/tree/main/data,Synthetic demo seed,synthetic_demo,false
DEMO-EAR-0731,Demo Simple Earring 0731,earring,316L,PVD,gold,standard,simple,unisex,none,250,8.5,USD,,https://github.com/wa52/ai-customer-service/tree/main/data,Synthetic demo seed,synthetic_demo,false
DEMO-BRA-0732,Demo Vintage Bracelet 0732,bracelet,304 stainless steel,PVD,rose gold,adjustable,vintage,unisex,none,300,12.2,USD,,https://github.com/wa52/ai-customer-service/tree/main/data,Synthetic demo seed,synthetic_demo,false
DEMO-RIN-0733,Demo Geometric Ring 0733,ring,316L,none,silver,adjustable,geometric,unisex,none,50,15.9,USD,,https://github.com/wa52/ai-customer-service/tree/main/data,Synthetic demo seed,synthetic_demo,false
DEMO-NEC-0734,Demo Minimal Necklace 0734,necklace,304 stainless steel,PVD,black,standard,minimal,unisex,none,100,19.6,USD,,https://github.com/wa52/ai-customer-service/tree/main/data,Synthetic demo seed,synthetic_demo,false
DEMO-EAR-0735,Demo Statement Earring 0735,earring,316L,PVD,gold,standard,statement,unisex,none,150,4.3,USD,,https://github.com/wa52/ai-customer-service/tree/main/data,Synthetic demo seed,synthetic_demo,false
DEMO-BRA-0736,Demo Simple Bracelet 0736,bracelet,304 stainless steel,PVD,rose gold,adjustable,simple,unisex,none,200,8.0,USD,,https://github.com/wa52/ai-customer-service/tree/main/data,Synthetic demo seed,synthetic_demo,false
DEMO-RIN-0737,Demo Vintage Ring 0737,ring,316L,none,silver,adjustable,vintage,unisex,none,250,11.7,USD,,https://github.com/wa52/ai-customer-service/tree/main/data,Synthetic demo seed,synthetic_demo,false
DEMO-NEC-0738,Demo Geometric Necklace 0738,necklace,304 stainless steel,PVD,black,standard,geometric,unisex,none,300,15.4,USD,,https://github.com/wa52/ai-customer-service/tree/main/data,Synthetic demo seed,synthetic_demo,false
DEMO-EAR-0739,Demo Minimal Earring 0739,earring,316L,PVD,gold,standard,minimal,unisex,none,50,19.1,USD,,https://github.com/wa52/ai-customer-service/tree/main/data,Synthetic demo seed,synthetic_demo,false
DEMO-BRA-0740,Demo Statement Bracelet 0740,bracelet,304 stainless steel,PVD,rose gold,adjustable,statement,unisex,none,100,3.8,USD,,https://github.com/wa52/ai-customer-service/tree/main/data,Synthetic demo seed,synthetic_demo,false
DEMO-RIN-0741,Demo Simple Ring 0741,ring,316L,none,silver,adjustable,simple,unisex,none,150,7.5,USD,,https://github.com/wa52/ai-customer-service/tree/main/data,Synthetic demo seed,synthetic_demo,false
DEMO-NEC-0742,Demo Vintage Necklace 0742,necklace,304 stainless steel,PVD,black,standard,vintage,unisex,none,200,11.2,USD,,https://github.com/wa52/ai-customer-service/tree/main/data,Synthetic demo seed,synthetic_demo,false
DEMO-EAR-0743,Demo Geometric Earring 0743,earring,316L,PVD,gold,standard,geometric,unisex,none,250,14.9,USD,,https://github.com/wa52/ai-customer-service/tree/main/data,Synthetic demo seed,synthetic_demo,false
DEMO-BRA-0744,Demo Minimal Bracelet 0744,bracelet,304 stainless steel,PVD,rose gold,adjustable,minimal,unisex,none,300,18.6,USD,,https://github.com/wa52/ai-customer-service/tree/main/data,Synthetic demo seed,synthetic_demo,false
DEMO-RIN-0745,Demo Statement Ring 0745,ring,316L,none,silver,adjustable,statement,unisex,none,50,3.3,USD,,https://github.com/wa52/ai-customer-service/tree/main/data,Synthetic demo seed,synthetic_demo,false
DEMO-NEC-0746,Demo Simple Necklace 0746,necklace,304 stainless steel,PVD,black,standard,simple,unisex,none,100,7.0,USD,,https://github.com/wa52/ai-customer-service/tree/main/data,Synthetic demo seed,synthetic_demo,false
DEMO-EAR-0747,Demo Vintage Earring 0747,earring,316L,PVD,gold,standard,vintage,unisex,none,150,10.7,USD,,https://github.com/wa52/ai-customer-service/tree/main/data,Synthetic demo seed,synthetic_demo,false
DEMO-BRA-0748,Demo Geometric Bracelet 0748,bracelet,304 stainless steel,PVD,rose gold,adjustable,geometric,unisex,none,200,14.4,USD,,https://github.com/wa52/ai-customer-service/tree/main/data,Synthetic demo seed,synthetic_demo,false
DEMO-RIN-0749,Demo Minimal Ring 0749,ring,316L,none,silver,adjustable,minimal,unisex,none,250,18.1,USD,,https://github.com/wa52/ai-customer-service/tree/main/data,Synthetic demo seed,synthetic_demo,false
DEMO-NEC-0750,Demo Statement Necklace 0750,necklace,304 stainless steel,PVD,black,standard,statement,unisex,none,300,2.8,USD,,https://github.com/wa52/ai-customer-service/tree/main/data,Synthetic demo seed,synthetic_demo,false
DEMO-EAR-0751,Demo Simple Earring 0751,earring,316L,PVD,gold,standard,simple,unisex,none,50,6.5,USD,,https://github.com/wa52/ai-customer-service/tree/main/data,Synthetic demo seed,synthetic_demo,false
DEMO-BRA-0752,Demo Vintage Bracelet 0752,bracelet,304 stainless steel,PVD,rose gold,adjustable,vintage,unisex,none,100,10.2,USD,,https://github.com/wa52/ai-customer-service/tree/main/data,Synthetic demo seed,synthetic_demo,false
DEMO-RIN-0753,Demo Geometric Ring 0753,ring,316L,none,silver,adjustable,geometric,unisex,none,150,13.9,USD,,https://github.com/wa52/ai-customer-service/tree/main/data,Synthetic demo seed,synthetic_demo,false
DEMO-NEC-0754,Demo Minimal Necklace 0754,necklace,304 stainless steel,PVD,black,standard,minimal,unisex,none,200,17.6,USD,,https://github.com/wa52/ai-customer-service/tree/main/data,Synthetic demo seed,synthetic_demo,false
DEMO-EAR-0755,Demo Statement Earring 0755,earring,316L,PVD,gold,standard,statement,unisex,none,250,2.3,USD,,https://github.com/wa52/ai-customer-service/tree/main/data,Synthetic demo seed,synthetic_demo,false
DEMO-BRA-0756,Demo Simple Bracelet 0756,bracelet,304 stainless steel,PVD,rose gold,adjustable,simple,unisex,none,300,6.0,USD,,https://github.com/wa52/ai-customer-service/tree/main/data,Synthetic demo seed,synthetic_demo,false
DEMO-RIN-0757,Demo Vintage Ring 0757,ring,316L,none,silver,adjustable,vintage,unisex,none,50,9.7,USD,,https://github.com/wa52/ai-customer-service/tree/main/data,Synthetic demo seed,synthetic_demo,false
DEMO-NEC-0758,Demo Geometric Necklace 0758,necklace,304 stainless steel,PVD,black,standard,geometric,unisex,none,100,13.4,USD,,https://github.com/wa52/ai-customer-service/tree/main/data,Synthetic demo seed,synthetic_demo,false
DEMO-EAR-0759,Demo Minimal Earring 0759,earring,316L,PVD,gold,standard,minimal,unisex,none,150,17.1,USD,,https://github.com/wa52/ai-customer-service/tree/main/data,Synthetic demo seed,synthetic_demo,false
DEMO-BRA-0760,Demo Statement Bracelet 0760,bracelet,304 stainless steel,PVD,rose gold,adjustable,statement,unisex,none,200,1.8,USD,,https://github.com/wa52/ai-customer-service/tree/main/data,Synthetic demo seed,synthetic_demo,false
DEMO-RIN-0761,Demo Simple Ring 0761,ring,316L,none,silver,adjustable,simple,unisex,none,250,5.5,USD,,https://github.com/wa52/ai-customer-service/tree/main/data,Synthetic demo seed,synthetic_demo,false
DEMO-NEC-0762,Demo Vintage Necklace 0762,necklace,304 stainless steel,PVD,black,standard,vintage,unisex,none,300,9.2,USD,,https://github.com/wa52/ai-customer-service/tree/main/data,Synthetic demo seed,synthetic_demo,false
DEMO-EAR-0763,Demo Geometric Earring 0763,earring,316L,PVD,gold,standard,geometric,unisex,none,50,12.9,USD,,https://github.com/wa52/ai-customer-service/tree/main/data,Synthetic demo seed,synthetic_demo,false
DEMO-BRA-0764,Demo Minimal Bracelet 0764,bracelet,304 stainless steel,PVD,rose gold,adjustable,minimal,unisex,none,100,16.6,USD,,https://github.com/wa52/ai-customer-service/tree/main/data,Synthetic demo seed,synthetic_demo,false
DEMO-RIN-0765,Demo Statement Ring 0765,ring,316L,none,silver,adjustable,statement,unisex,none,150,20.3,USD,,https://github.com/wa52/ai-customer-service/tree/main/data,Synthetic demo seed,synthetic_demo,false
DEMO-NEC-0766,Demo Simple Necklace 0766,necklace,304 stainless steel,PVD,black,standard,simple,unisex,none,200,5.0,USD,,https://github.com/wa52/ai-customer-service/tree/main/data,Synthetic demo seed,synthetic_demo,false
DEMO-EAR-0767,Demo Vintage Earring 0767,earring,316L,PVD,gold,standard,vintage,unisex,none,250,8.7,USD,,https://github.com/wa52/ai-customer-service/tree/main/data,Synthetic demo seed,synthetic_demo,false
DEMO-BRA-0768,Demo Geometric Bracelet 0768,bracelet,304 stainless steel,PVD,rose gold,adjustable,geometric,unisex,none,300,12.4,USD,,https://github.com/wa52/ai-customer-service/tree/main/data,Synthetic demo seed,synthetic_demo,false
DEMO-RIN-0769,Demo Minimal Ring 0769,ring,316L,none,silver,adjustable,minimal,unisex,none,50,16.1,USD,,https://github.com/wa52/ai-customer-service/tree/main/data,Synthetic demo seed,synthetic_demo,false
DEMO-NEC-0770,Demo Statement Necklace 0770,necklace,304 stainless steel,PVD,black,standard,statement,unisex,none,100,19.8,USD,,https://github.com/wa52/ai-customer-service/tree/main/data,Synthetic demo seed,synthetic_demo,false
DEMO-EAR-0771,Demo Simple Earring 0771,earring,316L,PVD,gold,standard,simple,unisex,none,150,4.5,USD,,https://github.com/wa52/ai-customer-service/tree/main/data,Synthetic demo seed,synthetic_demo,false
DEMO-BRA-0772,Demo Vintage Bracelet 0772,bracelet,304 stainless steel,PVD,rose gold,adjustable,vintage,unisex,none,200,8.2,USD,,https://github.com/wa52/ai-customer-service/tree/main/data,Synthetic demo seed,synthetic_demo,false
DEMO-RIN-0773,Demo Geometric Ring 0773,ring,316L,none,silver,adjustable,geometric,unisex,none,250,11.9,USD,,https://github.com/wa52/ai-customer-service/tree/main/data,Synthetic demo seed,synthetic_demo,false
DEMO-NEC-0774,Demo Minimal Necklace 0774,necklace,304 stainless steel,PVD,black,standard,minimal,unisex,none,300,15.6,USD,,https://github.com/wa52/ai-customer-service/tree/main/data,Synthetic demo seed,synthetic_demo,false
DEMO-EAR-0775,Demo Statement Earring 0775,earring,316L,PVD,gold,standard,statement,unisex,none,50,19.3,USD,,https://github.com/wa52/ai-customer-service/tree/main/data,Synthetic demo seed,synthetic_demo,false
DEMO-BRA-0776,Demo Simple Bracelet 0776,bracelet,304 stainless steel,PVD,rose gold,adjustable,simple,unisex,none,100,4.0,USD,,https://github.com/wa52/ai-customer-service/tree/main/data,Synthetic demo seed,synthetic_demo,false
DEMO-RIN-0777,Demo Vintage Ring 0777,ring,316L,none,silver,adjustable,vintage,unisex,none,150,7.7,USD,,https://github.com/wa52/ai-customer-service/tree/main/data,Synthetic demo seed,synthetic_demo,false
DEMO-NEC-0778,Demo Geometric Necklace 0778,necklace,304 stainless steel,PVD,black,standard,geometric,unisex,none,200,11.4,USD,,https://github.com/wa52/ai-customer-service/tree/main/data,Synthetic demo seed,synthetic_demo,false
DEMO-EAR-0779,Demo Minimal Earring 0779,earring,316L,PVD,gold,standard,minimal,unisex,none,250,15.1,USD,,https://github.com/wa52/ai-customer-service/tree/main/data,Synthetic demo seed,synthetic_demo,false
DEMO-BRA-0780,Demo Statement Bracelet 0780,bracelet,304 stainless steel,PVD,rose gold,adjustable,statement,unisex,none,300,18.8,USD,,https://github.com/wa52/ai-customer-service/tree/main/data,Synthetic demo seed,synthetic_demo,false
DEMO-RIN-0781,Demo Simple Ring 0781,ring,316L,none,silver,adjustable,simple,unisex,none,50,3.5,USD,,https://github.com/wa52/ai-customer-service/tree/main/data,Synthetic demo seed,synthetic_demo,false
DEMO-NEC-0782,Demo Vintage Necklace 0782,necklace,304 stainless steel,PVD,black,standard,vintage,unisex,none,100,7.2,USD,,https://github.com/wa52/ai-customer-service/tree/main/data,Synthetic demo seed,synthetic_demo,false
DEMO-EAR-0783,Demo Geometric Earring 0783,earring,316L,PVD,gold,standard,geometric,unisex,none,150,10.9,USD,,https://github.com/wa52/ai-customer-service/tree/main/data,Synthetic demo seed,synthetic_demo,false
DEMO-BRA-0784,Demo Minimal Bracelet 0784,bracelet,304 stainless steel,PVD,rose gold,adjustable,minimal,unisex,none,200,14.6,USD,,https://github.com/wa52/ai-customer-service/tree/main/data,Synthetic demo seed,synthetic_demo,false
DEMO-RIN-0785,Demo Statement Ring 0785,ring,316L,none,silver,adjustable,statement,unisex,none,250,18.3,USD,,https://github.com/wa52/ai-customer-service/tree/main/data,Synthetic demo seed,synthetic_demo,false
DEMO-NEC-0786,Demo Simple Necklace 0786,necklace,304 stainless steel,PVD,black,standard,simple,unisex,none,300,3.0,USD,,https://github.com/wa52/ai-customer-service/tree/main/data,Synthetic demo seed,synthetic_demo,false
DEMO-EAR-0787,Demo Vintage Earring 0787,earring,316L,PVD,gold,standard,vintage,unisex,none,50,6.7,USD,,https://github.com/wa52/ai-customer-service/tree/main/data,Synthetic demo seed,synthetic_demo,false
DEMO-BRA-0788,Demo Geometric Bracelet 0788,bracelet,304 stainless steel,PVD,rose gold,adjustable,geometric,unisex,none,100,10.4,USD,,https://github.com/wa52/ai-customer-service/tree/main/data,Synthetic demo seed,synthetic_demo,false
DEMO-RIN-0789,Demo Minimal Ring 0789,ring,316L,none,silver,adjustable,minimal,unisex,none,150,14.1,USD,,https://github.com/wa52/ai-customer-service/tree/main/data,Synthetic demo seed,synthetic_demo,false
DEMO-NEC-0790,Demo Statement Necklace 0790,necklace,304 stainless steel,PVD,black,standard,statement,unisex,none,200,17.8,USD,,https://github.com/wa52/ai-customer-service/tree/main/data,Synthetic demo seed,synthetic_demo,false
DEMO-EAR-0791,Demo Simple Earring 0791,earring,316L,PVD,gold,standard,simple,unisex,none,250,2.5,USD,,https://github.com/wa52/ai-customer-service/tree/main/data,Synthetic demo seed,synthetic_demo,false
DEMO-BRA-0792,Demo Vintage Bracelet 0792,bracelet,304 stainless steel,PVD,rose gold,adjustable,vintage,unisex,none,300,6.2,USD,,https://github.com/wa52/ai-customer-service/tree/main/data,Synthetic demo seed,synthetic_demo,false
DEMO-RIN-0793,Demo Geometric Ring 0793,ring,316L,none,silver,adjustable,geometric,unisex,none,50,9.9,USD,,https://github.com/wa52/ai-customer-service/tree/main/data,Synthetic demo seed,synthetic_demo,false
DEMO-NEC-0794,Demo Minimal Necklace 0794,necklace,304 stainless steel,PVD,black,standard,minimal,unisex,none,100,13.6,USD,,https://github.com/wa52/ai-customer-service/tree/main/data,Synthetic demo seed,synthetic_demo,false
DEMO-EAR-0795,Demo Statement Earring 0795,earring,316L,PVD,gold,standard,statement,unisex,none,150,17.3,USD,,https://github.com/wa52/ai-customer-service/tree/main/data,Synthetic demo seed,synthetic_demo,false
DEMO-BRA-0796,Demo Simple Bracelet 0796,bracelet,304 stainless steel,PVD,rose gold,adjustable,simple,unisex,none,200,2.0,USD,,https://github.com/wa52/ai-customer-service/tree/main/data,Synthetic demo seed,synthetic_demo,false
DEMO-RIN-0797,Demo Vintage Ring 0797,ring,316L,none,silver,adjustable,vintage,unisex,none,250,5.7,USD,,https://github.com/wa52/ai-customer-service/tree/main/data,Synthetic demo seed,synthetic_demo,false
DEMO-NEC-0798,Demo Geometric Necklace 0798,necklace,304 stainless steel,PVD,black,standard,geometric,unisex,none,300,9.4,USD,,https://github.com/wa52/ai-customer-service/tree/main/data,Synthetic demo seed,synthetic_demo,false
DEMO-EAR-0799,Demo Minimal Earring 0799,earring,316L,PVD,gold,standard,minimal,unisex,none,50,13.1,USD,,https://github.com/wa52/ai-customer-service/tree/main/data,Synthetic demo seed,synthetic_demo,false
DEMO-BRA-0800,Demo Statement Bracelet 0800,bracelet,304 stainless steel,PVD,rose gold,adjustable,statement,unisex,none,100,16.8,USD,,https://github.com/wa52/ai-customer-service/tree/main/data,Synthetic demo seed,synthetic_demo,false
DEMO-RIN-0801,Demo Simple Ring 0801,ring,316L,none,silver,adjustable,simple,unisex,none,150,20.5,USD,,https://github.com/wa52/ai-customer-service/tree/main/data,Synthetic demo seed,synthetic_demo,false
DEMO-NEC-0802,Demo Vintage Necklace 0802,necklace,304 stainless steel,PVD,black,standard,vintage,unisex,none,200,5.2,USD,,https://github.com/wa52/ai-customer-service/tree/main/data,Synthetic demo seed,synthetic_demo,false
DEMO-EAR-0803,Demo Geometric Earring 0803,earring,316L,PVD,gold,standard,geometric,unisex,none,250,8.9,USD,,https://github.com/wa52/ai-customer-service/tree/main/data,Synthetic demo seed,synthetic_demo,false
DEMO-BRA-0804,Demo Minimal Bracelet 0804,bracelet,304 stainless steel,PVD,rose gold,adjustable,minimal,unisex,none,300,12.6,USD,,https://github.com/wa52/ai-customer-service/tree/main/data,Synthetic demo seed,synthetic_demo,false
DEMO-RIN-0805,Demo Statement Ring 0805,ring,316L,none,silver,adjustable,statement,unisex,none,50,16.3,USD,,https://github.com/wa52/ai-customer-service/tree/main/data,Synthetic demo seed,synthetic_demo,false
DEMO-NEC-0806,Demo Simple Necklace 0806,necklace,304 stainless steel,PVD,black,standard,simple,unisex,none,100,20.0,USD,,https://github.com/wa52/ai-customer-service/tree/main/data,Synthetic demo seed,synthetic_demo,false
DEMO-EAR-0807,Demo Vintage Earring 0807,earring,316L,PVD,gold,standard,vintage,unisex,none,150,4.7,USD,,https://github.com/wa52/ai-customer-service/tree/main/data,Synthetic demo seed,synthetic_demo,false
DEMO-BRA-0808,Demo Geometric Bracelet 0808,bracelet,304 stainless steel,PVD,rose gold,adjustable,geometric,unisex,none,200,8.4,USD,,https://github.com/wa52/ai-customer-service/tree/main/data,Synthetic demo seed,synthetic_demo,false
DEMO-RIN-0809,Demo Minimal Ring 0809,ring,316L,none,silver,adjustable,minimal,unisex,none,250,12.1,USD,,https://github.com/wa52/ai-customer-service/tree/main/data,Synthetic demo seed,synthetic_demo,false
DEMO-NEC-0810,Demo Statement Necklace 0810,necklace,304 stainless steel,PVD,black,standard,statement,unisex,none,300,15.8,USD,,https://github.com/wa52/ai-customer-service/tree/main/data,Synthetic demo seed,synthetic_demo,false
DEMO-EAR-0811,Demo Simple Earring 0811,earring,316L,PVD,gold,standard,simple,unisex,none,50,19.5,USD,,https://github.com/wa52/ai-customer-service/tree/main/data,Synthetic demo seed,synthetic_demo,false
DEMO-BRA-0812,Demo Vintage Bracelet 0812,bracelet,304 stainless steel,PVD,rose gold,adjustable,vintage,unisex,none,100,4.2,USD,,https://github.com/wa52/ai-customer-service/tree/main/data,Synthetic demo seed,synthetic_demo,false
DEMO-RIN-0813,Demo Geometric Ring 0813,ring,316L,none,silver,adjustable,geometric,unisex,none,150,7.9,USD,,https://github.com/wa52/ai-customer-service/tree/main/data,Synthetic demo seed,synthetic_demo,false
DEMO-NEC-0814,Demo Minimal Necklace 0814,necklace,304 stainless steel,PVD,black,standard,minimal,unisex,none,200,11.6,USD,,https://github.com/wa52/ai-customer-service/tree/main/data,Synthetic demo seed,synthetic_demo,false
DEMO-EAR-0815,Demo Statement Earring 0815,earring,316L,PVD,gold,standard,statement,unisex,none,250,15.3,USD,,https://github.com/wa52/ai-customer-service/tree/main/data,Synthetic demo seed,synthetic_demo,false
DEMO-BRA-0816,Demo Simple Bracelet 0816,bracelet,304 stainless steel,PVD,rose gold,adjustable,simple,unisex,none,300,19.0,USD,,https://github.com/wa52/ai-customer-service/tree/main/data,Synthetic demo seed,synthetic_demo,false
DEMO-RIN-0817,Demo Vintage Ring 0817,ring,316L,none,silver,adjustable,vintage,unisex,none,50,3.7,USD,,https://github.com/wa52/ai-customer-service/tree/main/data,Synthetic demo seed,synthetic_demo,false
DEMO-NEC-0818,Demo Geometric Necklace 0818,necklace,304 stainless steel,PVD,black,standard,geometric,unisex,none,100,7.4,USD,,https://github.com/wa52/ai-customer-service/tree/main/data,Synthetic demo seed,synthetic_demo,false
DEMO-EAR-0819,Demo Minimal Earring 0819,earring,316L,PVD,gold,standard,minimal,unisex,none,150,11.1,USD,,https://github.com/wa52/ai-customer-service/tree/main/data,Synthetic demo seed,synthetic_demo,false
DEMO-BRA-0820,Demo Statement Bracelet 0820,bracelet,304 stainless steel,PVD,rose gold,adjustable,statement,unisex,none,200,14.8,USD,,https://github.com/wa52/ai-customer-service/tree/main/data,Synthetic demo seed,synthetic_demo,false
DEMO-RIN-0821,Demo Simple Ring 0821,ring,316L,none,silver,adjustable,simple,unisex,none,250,18.5,USD,,https://github.com/wa52/ai-customer-service/tree/main/data,Synthetic demo seed,synthetic_demo,false
DEMO-NEC-0822,Demo Vintage Necklace 0822,necklace,304 stainless steel,PVD,black,standard,vintage,unisex,none,300,3.2,USD,,https://github.com/wa52/ai-customer-service/tree/main/data,Synthetic demo seed,synthetic_demo,false
DEMO-EAR-0823,Demo Geometric Earring 0823,earring,316L,PVD,gold,standard,geometric,unisex,none,50,6.9,USD,,https://github.com/wa52/ai-customer-service/tree/main/data,Synthetic demo seed,synthetic_demo,false
DEMO-BRA-0824,Demo Minimal Bracelet 0824,bracelet,304 stainless steel,PVD,rose gold,adjustable,minimal,unisex,none,100,10.6,USD,,https://github.com/wa52/ai-customer-service/tree/main/data,Synthetic demo seed,synthetic_demo,false
DEMO-RIN-0825,Demo Statement Ring 0825,ring,316L,none,silver,adjustable,statement,unisex,none,150,14.3,USD,,https://github.com/wa52/ai-customer-service/tree/main/data,Synthetic demo seed,synthetic_demo,false
DEMO-NEC-0826,Demo Simple Necklace 0826,necklace,304 stainless steel,PVD,black,standard,simple,unisex,none,200,18.0,USD,,https://github.com/wa52/ai-customer-service/tree/main/data,Synthetic demo seed,synthetic_demo,false
DEMO-EAR-0827,Demo Vintage Earring 0827,earring,316L,PVD,gold,standard,vintage,unisex,none,250,2.7,USD,,https://github.com/wa52/ai-customer-service/tree/main/data,Synthetic demo seed,synthetic_demo,false
DEMO-BRA-0828,Demo Geometric Bracelet 0828,bracelet,304 stainless steel,PVD,rose gold,adjustable,geometric,unisex,none,300,6.4,USD,,https://github.com/wa52/ai-customer-service/tree/main/data,Synthetic demo seed,synthetic_demo,false
DEMO-RIN-0829,Demo Minimal Ring 0829,ring,316L,none,silver,adjustable,minimal,unisex,none,50,10.1,USD,,https://github.com/wa52/ai-customer-service/tree/main/data,Synthetic demo seed,synthetic_demo,false
DEMO-NEC-0830,Demo Statement Necklace 0830,necklace,304 stainless steel,PVD,black,standard,statement,unisex,none,100,13.8,USD,,https://github.com/wa52/ai-customer-service/tree/main/data,Synthetic demo seed,synthetic_demo,false
DEMO-EAR-0831,Demo Simple Earring 0831,earring,316L,PVD,gold,standard,simple,unisex,none,150,17.5,USD,,https://github.com/wa52/ai-customer-service/tree/main/data,Synthetic demo seed,synthetic_demo,false
DEMO-BRA-0832,Demo Vintage Bracelet 0832,bracelet,304 stainless steel,PVD,rose gold,adjustable,vintage,unisex,none,200,2.2,USD,,https://github.com/wa52/ai-customer-service/tree/main/data,Synthetic demo seed,synthetic_demo,false
DEMO-RIN-0833,Demo Geometric Ring 0833,ring,316L,none,silver,adjustable,geometric,unisex,none,250,5.9,USD,,https://github.com/wa52/ai-customer-service/tree/main/data,Synthetic demo seed,synthetic_demo,false
DEMO-NEC-0834,Demo Minimal Necklace 0834,necklace,304 stainless steel,PVD,black,standard,minimal,unisex,none,300,9.6,USD,,https://github.com/wa52/ai-customer-service/tree/main/data,Synthetic demo seed,synthetic_demo,false
DEMO-EAR-0835,Demo Statement Earring 0835,earring,316L,PVD,gold,standard,statement,unisex,none,50,13.3,USD,,https://github.com/wa52/ai-customer-service/tree/main/data,Synthetic demo seed,synthetic_demo,false
DEMO-BRA-0836,Demo Simple Bracelet 0836,bracelet,304 stainless steel,PVD,rose gold,adjustable,simple,unisex,none,100,17.0,USD,,https://github.com/wa52/ai-customer-service/tree/main/data,Synthetic demo seed,synthetic_demo,false
DEMO-RIN-0837,Demo Vintage Ring 0837,ring,316L,none,silver,adjustable,vintage,unisex,none,150,20.7,USD,,https://github.com/wa52/ai-customer-service/tree/main/data,Synthetic demo seed,synthetic_demo,false
DEMO-NEC-0838,Demo Geometric Necklace 0838,necklace,304 stainless steel,PVD,black,standard,geometric,unisex,none,200,5.4,USD,,https://github.com/wa52/ai-customer-service/tree/main/data,Synthetic demo seed,synthetic_demo,false
DEMO-EAR-0839,Demo Minimal Earring 0839,earring,316L,PVD,gold,standard,minimal,unisex,none,250,9.1,USD,,https://github.com/wa52/ai-customer-service/tree/main/data,Synthetic demo seed,synthetic_demo,false
DEMO-BRA-0840,Demo Statement Bracelet 0840,bracelet,304 stainless steel,PVD,rose gold,adjustable,statement,unisex,none,300,12.8,USD,,https://github.com/wa52/ai-customer-service/tree/main/data,Synthetic demo seed,synthetic_demo,false
DEMO-RIN-0841,Demo Simple Ring 0841,ring,316L,none,silver,adjustable,simple,unisex,none,50,16.5,USD,,https://github.com/wa52/ai-customer-service/tree/main/data,Synthetic demo seed,synthetic_demo,false
DEMO-NEC-0842,Demo Vintage Necklace 0842,necklace,304 stainless steel,PVD,black,standard,vintage,unisex,none,100,20.2,USD,,https://github.com/wa52/ai-customer-service/tree/main/data,Synthetic demo seed,synthetic_demo,false
DEMO-EAR-0843,Demo Geometric Earring 0843,earring,316L,PVD,gold,standard,geometric,unisex,none,150,4.9,USD,,https://github.com/wa52/ai-customer-service/tree/main/data,Synthetic demo seed,synthetic_demo,false
DEMO-BRA-0844,Demo Minimal Bracelet 0844,bracelet,304 stainless steel,PVD,rose gold,adjustable,minimal,unisex,none,200,8.6,USD,,https://github.com/wa52/ai-customer-service/tree/main/data,Synthetic demo seed,synthetic_demo,false
DEMO-RIN-0845,Demo Statement Ring 0845,ring,316L,none,silver,adjustable,statement,unisex,none,250,12.3,USD,,https://github.com/wa52/ai-customer-service/tree/main/data,Synthetic demo seed,synthetic_demo,false
DEMO-NEC-0846,Demo Simple Necklace 0846,necklace,304 stainless steel,PVD,black,standard,simple,unisex,none,300,16.0,USD,,https://github.com/wa52/ai-customer-service/tree/main/data,Synthetic demo seed,synthetic_demo,false
DEMO-EAR-0847,Demo Vintage Earring 0847,earring,316L,PVD,gold,standard,vintage,unisex,none,50,19.7,USD,,https://github.com/wa52/ai-customer-service/tree/main/data,Synthetic demo seed,synthetic_demo,false
DEMO-BRA-0848,Demo Geometric Bracelet 0848,bracelet,304 stainless steel,PVD,rose gold,adjustable,geometric,unisex,none,100,4.4,USD,,https://github.com/wa52/ai-customer-service/tree/main/data,Synthetic demo seed,synthetic_demo,false
DEMO-RIN-0849,Demo Minimal Ring 0849,ring,316L,none,silver,adjustable,minimal,unisex,none,150,8.1,USD,,https://github.com/wa52/ai-customer-service/tree/main/data,Synthetic demo seed,synthetic_demo,false
DEMO-NEC-0850,Demo Statement Necklace 0850,necklace,304 stainless steel,PVD,black,standard,statement,unisex,none,200,11.8,USD,,https://github.com/wa52/ai-customer-service/tree/main/data,Synthetic demo seed,synthetic_demo,false
DEMO-EAR-0851,Demo Simple Earring 0851,earring,316L,PVD,gold,standard,simple,unisex,none,250,15.5,USD,,https://github.com/wa52/ai-customer-service/tree/main/data,Synthetic demo seed,synthetic_demo,false
DEMO-BRA-0852,Demo Vintage Bracelet 0852,bracelet,304 stainless steel,PVD,rose gold,adjustable,vintage,unisex,none,300,19.2,USD,,https://github.com/wa52/ai-customer-service/tree/main/data,Synthetic demo seed,synthetic_demo,false
DEMO-RIN-0853,Demo Geometric Ring 0853,ring,316L,none,silver,adjustable,geometric,unisex,none,50,3.9,USD,,https://github.com/wa52/ai-customer-service/tree/main/data,Synthetic demo seed,synthetic_demo,false
DEMO-NEC-0854,Demo Minimal Necklace 0854,necklace,304 stainless steel,PVD,black,standard,minimal,unisex,none,100,7.6,USD,,https://github.com/wa52/ai-customer-service/tree/main/data,Synthetic demo seed,synthetic_demo,false
DEMO-EAR-0855,Demo Statement Earring 0855,earring,316L,PVD,gold,standard,statement,unisex,none,150,11.3,USD,,https://github.com/wa52/ai-customer-service/tree/main/data,Synthetic demo seed,synthetic_demo,false
DEMO-BRA-0856,Demo Simple Bracelet 0856,bracelet,304 stainless steel,PVD,rose gold,adjustable,simple,unisex,none,200,15.0,USD,,https://github.com/wa52/ai-customer-service/tree/main/data,Synthetic demo seed,synthetic_demo,false
DEMO-RIN-0857,Demo Vintage Ring 0857,ring,316L,none,silver,adjustable,vintage,unisex,none,250,18.7,USD,,https://github.com/wa52/ai-customer-service/tree/main/data,Synthetic demo seed,synthetic_demo,false
DEMO-NEC-0858,Demo Geometric Necklace 0858,necklace,304 stainless steel,PVD,black,standard,geometric,unisex,none,300,3.4,USD,,https://github.com/wa52/ai-customer-service/tree/main/data,Synthetic demo seed,synthetic_demo,false
DEMO-EAR-0859,Demo Minimal Earring 0859,earring,316L,PVD,gold,standard,minimal,unisex,none,50,7.1,USD,,https://github.com/wa52/ai-customer-service/tree/main/data,Synthetic demo seed,synthetic_demo,false
DEMO-BRA-0860,Demo Statement Bracelet 0860,bracelet,304 stainless steel,PVD,rose gold,adjustable,statement,unisex,none,100,10.8,USD,,https://github.com/wa52/ai-customer-service/tree/main/data,Synthetic demo seed,synthetic_demo,false
DEMO-RIN-0861,Demo Simple Ring 0861,ring,316L,none,silver,adjustable,simple,unisex,none,150,14.5,USD,,https://github.com/wa52/ai-customer-service/tree/main/data,Synthetic demo seed,synthetic_demo,false
DEMO-NEC-0862,Demo Vintage Necklace 0862,necklace,304 stainless steel,PVD,black,standard,vintage,unisex,none,200,18.2,USD,,https://github.com/wa52/ai-customer-service/tree/main/data,Synthetic demo seed,synthetic_demo,false
DEMO-EAR-0863,Demo Geometric Earring 0863,earring,316L,PVD,gold,standard,geometric,unisex,none,250,2.9,USD,,https://github.com/wa52/ai-customer-service/tree/main/data,Synthetic demo seed,synthetic_demo,false
DEMO-BRA-0864,Demo Minimal Bracelet 0864,bracelet,304 stainless steel,PVD,rose gold,adjustable,minimal,unisex,none,300,6.6,USD,,https://github.com/wa52/ai-customer-service/tree/main/data,Synthetic demo seed,synthetic_demo,false
DEMO-RIN-0865,Demo Statement Ring 0865,ring,316L,none,silver,adjustable,statement,unisex,none,50,10.3,USD,,https://github.com/wa52/ai-customer-service/tree/main/data,Synthetic demo seed,synthetic_demo,false
DEMO-NEC-0866,Demo Simple Necklace 0866,necklace,304 stainless steel,PVD,black,standard,simple,unisex,none,100,14.0,USD,,https://github.com/wa52/ai-customer-service/tree/main/data,Synthetic demo seed,synthetic_demo,false
DEMO-EAR-0867,Demo Vintage Earring 0867,earring,316L,PVD,gold,standard,vintage,unisex,none,150,17.7,USD,,https://github.com/wa52/ai-customer-service/tree/main/data,Synthetic demo seed,synthetic_demo,false
DEMO-BRA-0868,Demo Geometric Bracelet 0868,bracelet,304 stainless steel,PVD,rose gold,adjustable,geometric,unisex,none,200,2.4,USD,,https://github.com/wa52/ai-customer-service/tree/main/data,Synthetic demo seed,synthetic_demo,false
DEMO-RIN-0869,Demo Minimal Ring 0869,ring,316L,none,silver,adjustable,minimal,unisex,none,250,6.1,USD,,https://github.com/wa52/ai-customer-service/tree/main/data,Synthetic demo seed,synthetic_demo,false
DEMO-NEC-0870,Demo Statement Necklace 0870,necklace,304 stainless steel,PVD,black,standard,statement,unisex,none,300,9.8,USD,,https://github.com/wa52/ai-customer-service/tree/main/data,Synthetic demo seed,synthetic_demo,false
DEMO-EAR-0871,Demo Simple Earring 0871,earring,316L,PVD,gold,standard,simple,unisex,none,50,13.5,USD,,https://github.com/wa52/ai-customer-service/tree/main/data,Synthetic demo seed,synthetic_demo,false
DEMO-BRA-0872,Demo Vintage Bracelet 0872,bracelet,304 stainless steel,PVD,rose gold,adjustable,vintage,unisex,none,100,17.2,USD,,https://github.com/wa52/ai-customer-service/tree/main/data,Synthetic demo seed,synthetic_demo,false
DEMO-RIN-0873,Demo Geometric Ring 0873,ring,316L,none,silver,adjustable,geometric,unisex,none,150,1.9,USD,,https://github.com/wa52/ai-customer-service/tree/main/data,Synthetic demo seed,synthetic_demo,false
DEMO-NEC-0874,Demo Minimal Necklace 0874,necklace,304 stainless steel,PVD,black,standard,minimal,unisex,none,200,5.6,USD,,https://github.com/wa52/ai-customer-service/tree/main/data,Synthetic demo seed,synthetic_demo,false
DEMO-EAR-0875,Demo Statement Earring 0875,earring,316L,PVD,gold,standard,statement,unisex,none,250,9.3,USD,,https://github.com/wa52/ai-customer-service/tree/main/data,Synthetic demo seed,synthetic_demo,false
DEMO-BRA-0876,Demo Simple Bracelet 0876,bracelet,304 stainless steel,PVD,rose gold,adjustable,simple,unisex,none,300,13.0,USD,,https://github.com/wa52/ai-customer-service/tree/main/data,Synthetic demo seed,synthetic_demo,false
DEMO-RIN-0877,Demo Vintage Ring 0877,ring,316L,none,silver,adjustable,vintage,unisex,none,50,16.7,USD,,https://github.com/wa52/ai-customer-service/tree/main/data,Synthetic demo seed,synthetic_demo,false
DEMO-NEC-0878,Demo Geometric Necklace 0878,necklace,304 stainless steel,PVD,black,standard,geometric,unisex,none,100,20.4,USD,,https://github.com/wa52/ai-customer-service/tree/main/data,Synthetic demo seed,synthetic_demo,false
DEMO-EAR-0879,Demo Minimal Earring 0879,earring,316L,PVD,gold,standard,minimal,unisex,none,150,5.1,USD,,https://github.com/wa52/ai-customer-service/tree/main/data,Synthetic demo seed,synthetic_demo,false
DEMO-BRA-0880,Demo Statement Bracelet 0880,bracelet,304 stainless steel,PVD,rose gold,adjustable,statement,unisex,none,200,8.8,USD,,https://github.com/wa52/ai-customer-service/tree/main/data,Synthetic demo seed,synthetic_demo,false
DEMO-RIN-0881,Demo Simple Ring 0881,ring,316L,none,silver,adjustable,simple,unisex,none,250,12.5,USD,,https://github.com/wa52/ai-customer-service/tree/main/data,Synthetic demo seed,synthetic_demo,false
DEMO-NEC-0882,Demo Vintage Necklace 0882,necklace,304 stainless steel,PVD,black,standard,vintage,unisex,none,300,16.2,USD,,https://github.com/wa52/ai-customer-service/tree/main/data,Synthetic demo seed,synthetic_demo,false
DEMO-EAR-0883,Demo Geometric Earring 0883,earring,316L,PVD,gold,standard,geometric,unisex,none,50,19.9,USD,,https://github.com/wa52/ai-customer-service/tree/main/data,Synthetic demo seed,synthetic_demo,false
DEMO-BRA-0884,Demo Minimal Bracelet 0884,bracelet,304 stainless steel,PVD,rose gold,adjustable,minimal,unisex,none,100,4.6,USD,,https://github.com/wa52/ai-customer-service/tree/main/data,Synthetic demo seed,synthetic_demo,false
DEMO-RIN-0885,Demo Statement Ring 0885,ring,316L,none,silver,adjustable,statement,unisex,none,150,8.3,USD,,https://github.com/wa52/ai-customer-service/tree/main/data,Synthetic demo seed,synthetic_demo,false
DEMO-NEC-0886,Demo Simple Necklace 0886,necklace,304 stainless steel,PVD,black,standard,simple,unisex,none,200,12.0,USD,,https://github.com/wa52/ai-customer-service/tree/main/data,Synthetic demo seed,synthetic_demo,false
DEMO-EAR-0887,Demo Vintage Earring 0887,earring,316L,PVD,gold,standard,vintage,unisex,none,250,15.7,USD,,https://github.com/wa52/ai-customer-service/tree/main/data,Synthetic demo seed,synthetic_demo,false
DEMO-BRA-0888,Demo Geometric Bracelet 0888,bracelet,304 stainless steel,PVD,rose gold,adjustable,geometric,unisex,none,300,19.4,USD,,https://github.com/wa52/ai-customer-service/tree/main/data,Synthetic demo seed,synthetic_demo,false
DEMO-RIN-0889,Demo Minimal Ring 0889,ring,316L,none,silver,adjustable,minimal,unisex,none,50,4.1,USD,,https://github.com/wa52/ai-customer-service/tree/main/data,Synthetic demo seed,synthetic_demo,false
DEMO-NEC-0890,Demo Statement Necklace 0890,necklace,304 stainless steel,PVD,black,standard,statement,unisex,none,100,7.8,USD,,https://github.com/wa52/ai-customer-service/tree/main/data,Synthetic demo seed,synthetic_demo,false
DEMO-EAR-0891,Demo Simple Earring 0891,earring,316L,PVD,gold,standard,simple,unisex,none,150,11.5,USD,,https://github.com/wa52/ai-customer-service/tree/main/data,Synthetic demo seed,synthetic_demo,false
DEMO-BRA-0892,Demo Vintage Bracelet 0892,bracelet,304 stainless steel,PVD,rose gold,adjustable,vintage,unisex,none,200,15.2,USD,,https://github.com/wa52/ai-customer-service/tree/main/data,Synthetic demo seed,synthetic_demo,false
DEMO-RIN-0893,Demo Geometric Ring 0893,ring,316L,none,silver,adjustable,geometric,unisex,none,250,18.9,USD,,https://github.com/wa52/ai-customer-service/tree/main/data,Synthetic demo seed,synthetic_demo,false
DEMO-NEC-0894,Demo Minimal Necklace 0894,necklace,304 stainless steel,PVD,black,standard,minimal,unisex,none,300,3.6,USD,,https://github.com/wa52/ai-customer-service/tree/main/data,Synthetic demo seed,synthetic_demo,false
DEMO-EAR-0895,Demo Statement Earring 0895,earring,316L,PVD,gold,standard,statement,unisex,none,50,7.3,USD,,https://github.com/wa52/ai-customer-service/tree/main/data,Synthetic demo seed,synthetic_demo,false
DEMO-BRA-0896,Demo Simple Bracelet 0896,bracelet,304 stainless steel,PVD,rose gold,adjustable,simple,unisex,none,100,11.0,USD,,https://github.com/wa52/ai-customer-service/tree/main/data,Synthetic demo seed,synthetic_demo,false
DEMO-RIN-0897,Demo Vintage Ring 0897,ring,316L,none,silver,adjustable,vintage,unisex,none,150,14.7,USD,,https://github.com/wa52/ai-customer-service/tree/main/data,Synthetic demo seed,synthetic_demo,false
DEMO-NEC-0898,Demo Geometric Necklace 0898,necklace,304 stainless steel,PVD,black,standard,geometric,unisex,none,200,18.4,USD,,https://github.com/wa52/ai-customer-service/tree/main/data,Synthetic demo seed,synthetic_demo,false
DEMO-EAR-0899,Demo Minimal Earring 0899,earring,316L,PVD,gold,standard,minimal,unisex,none,250,3.1,USD,,https://github.com/wa52/ai-customer-service/tree/main/data,Synthetic demo seed,synthetic_demo,false
DEMO-BRA-0900,Demo Statement Bracelet 0900,bracelet,304 stainless steel,PVD,rose gold,adjustable,statement,unisex,none,300,6.8,USD,,https://github.com/wa52/ai-customer-service/tree/main/data,Synthetic demo seed,synthetic_demo,false
DEMO-RIN-0901,Demo Simple Ring 0901,ring,316L,none,silver,adjustable,simple,unisex,none,50,10.5,USD,,https://github.com/wa52/ai-customer-service/tree/main/data,Synthetic demo seed,synthetic_demo,false
DEMO-NEC-0902,Demo Vintage Necklace 0902,necklace,304 stainless steel,PVD,black,standard,vintage,unisex,none,100,14.2,USD,,https://github.com/wa52/ai-customer-service/tree/main/data,Synthetic demo seed,synthetic_demo,false
DEMO-EAR-0903,Demo Geometric Earring 0903,earring,316L,PVD,gold,standard,geometric,unisex,none,150,17.9,USD,,https://github.com/wa52/ai-customer-service/tree/main/data,Synthetic demo seed,synthetic_demo,false
DEMO-BRA-0904,Demo Minimal Bracelet 0904,bracelet,304 stainless steel,PVD,rose gold,adjustable,minimal,unisex,none,200,2.6,USD,,https://github.com/wa52/ai-customer-service/tree/main/data,Synthetic demo seed,synthetic_demo,false
DEMO-RIN-0905,Demo Statement Ring 0905,ring,316L,none,silver,adjustable,statement,unisex,none,250,6.3,USD,,https://github.com/wa52/ai-customer-service/tree/main/data,Synthetic demo seed,synthetic_demo,false
DEMO-NEC-0906,Demo Simple Necklace 0906,necklace,304 stainless steel,PVD,black,standard,simple,unisex,none,300,10.0,USD,,https://github.com/wa52/ai-customer-service/tree/main/data,Synthetic demo seed,synthetic_demo,false
DEMO-EAR-0907,Demo Vintage Earring 0907,earring,316L,PVD,gold,standard,vintage,unisex,none,50,13.7,USD,,https://github.com/wa52/ai-customer-service/tree/main/data,Synthetic demo seed,synthetic_demo,false
DEMO-BRA-0908,Demo Geometric Bracelet 0908,bracelet,304 stainless steel,PVD,rose gold,adjustable,geometric,unisex,none,100,17.4,USD,,https://github.com/wa52/ai-customer-service/tree/main/data,Synthetic demo seed,synthetic_demo,false
DEMO-RIN-0909,Demo Minimal Ring 0909,ring,316L,none,silver,adjustable,minimal,unisex,none,150,2.1,USD,,https://github.com/wa52/ai-customer-service/tree/main/data,Synthetic demo seed,synthetic_demo,false
DEMO-NEC-0910,Demo Statement Necklace 0910,necklace,304 stainless steel,PVD,black,standard,statement,unisex,none,200,5.8,USD,,https://github.com/wa52/ai-customer-service/tree/main/data,Synthetic demo seed,synthetic_demo,false
DEMO-EAR-0911,Demo Simple Earring 0911,earring,316L,PVD,gold,standard,simple,unisex,none,250,9.5,USD,,https://github.com/wa52/ai-customer-service/tree/main/data,Synthetic demo seed,synthetic_demo,false
DEMO-BRA-0912,Demo Vintage Bracelet 0912,bracelet,304 stainless steel,PVD,rose gold,adjustable,vintage,unisex,none,300,13.2,USD,,https://github.com/wa52/ai-customer-service/tree/main/data,Synthetic demo seed,synthetic_demo,false
DEMO-RIN-0913,Demo Geometric Ring 0913,ring,316L,none,silver,adjustable,geometric,unisex,none,50,16.9,USD,,https://github.com/wa52/ai-customer-service/tree/main/data,Synthetic demo seed,synthetic_demo,false
DEMO-NEC-0914,Demo Minimal Necklace 0914,necklace,304 stainless steel,PVD,black,standard,minimal,unisex,none,100,20.6,USD,,https://github.com/wa52/ai-customer-service/tree/main/data,Synthetic demo seed,synthetic_demo,false
DEMO-EAR-0915,Demo Statement Earring 0915,earring,316L,PVD,gold,standard,statement,unisex,none,150,5.3,USD,,https://github.com/wa52/ai-customer-service/tree/main/data,Synthetic demo seed,synthetic_demo,false
DEMO-BRA-0916,Demo Simple Bracelet 0916,bracelet,304 stainless steel,PVD,rose gold,adjustable,simple,unisex,none,200,9.0,USD,,https://github.com/wa52/ai-customer-service/tree/main/data,Synthetic demo seed,synthetic_demo,false
DEMO-RIN-0917,Demo Vintage Ring 0917,ring,316L,none,silver,adjustable,vintage,unisex,none,250,12.7,USD,,https://github.com/wa52/ai-customer-service/tree/main/data,Synthetic demo seed,synthetic_demo,false
DEMO-NEC-0918,Demo Geometric Necklace 0918,necklace,304 stainless steel,PVD,black,standard,geometric,unisex,none,300,16.4,USD,,https://github.com/wa52/ai-customer-service/tree/main/data,Synthetic demo seed,synthetic_demo,false
DEMO-EAR-0919,Demo Minimal Earring 0919,earring,316L,PVD,gold,standard,minimal,unisex,none,50,20.1,USD,,https://github.com/wa52/ai-customer-service/tree/main/data,Synthetic demo seed,synthetic_demo,false
DEMO-BRA-0920,Demo Statement Bracelet 0920,bracelet,304 stainless steel,PVD,rose gold,adjustable,statement,unisex,none,100,4.8,USD,,https://github.com/wa52/ai-customer-service/tree/main/data,Synthetic demo seed,synthetic_demo,false
DEMO-RIN-0921,Demo Simple Ring 0921,ring,316L,none,silver,adjustable,simple,unisex,none,150,8.5,USD,,https://github.com/wa52/ai-customer-service/tree/main/data,Synthetic demo seed,synthetic_demo,false
DEMO-NEC-0922,Demo Vintage Necklace 0922,necklace,304 stainless steel,PVD,black,standard,vintage,unisex,none,200,12.2,USD,,https://github.com/wa52/ai-customer-service/tree/main/data,Synthetic demo seed,synthetic_demo,false
DEMO-EAR-0923,Demo Geometric Earring 0923,earring,316L,PVD,gold,standard,geometric,unisex,none,250,15.9,USD,,https://github.com/wa52/ai-customer-service/tree/main/data,Synthetic demo seed,synthetic_demo,false
DEMO-BRA-0924,Demo Minimal Bracelet 0924,bracelet,304 stainless steel,PVD,rose gold,adjustable,minimal,unisex,none,300,19.6,USD,,https://github.com/wa52/ai-customer-service/tree/main/data,Synthetic demo seed,synthetic_demo,false
DEMO-RIN-0925,Demo Statement Ring 0925,ring,316L,none,silver,adjustable,statement,unisex,none,50,4.3,USD,,https://github.com/wa52/ai-customer-service/tree/main/data,Synthetic demo seed,synthetic_demo,false
DEMO-NEC-0926,Demo Simple Necklace 0926,necklace,304 stainless steel,PVD,black,standard,simple,unisex,none,100,8.0,USD,,https://github.com/wa52/ai-customer-service/tree/main/data,Synthetic demo seed,synthetic_demo,false
DEMO-EAR-0927,Demo Vintage Earring 0927,earring,316L,PVD,gold,standard,vintage,unisex,none,150,11.7,USD,,https://github.com/wa52/ai-customer-service/tree/main/data,Synthetic demo seed,synthetic_demo,false
DEMO-BRA-0928,Demo Geometric Bracelet 0928,bracelet,304 stainless steel,PVD,rose gold,adjustable,geometric,unisex,none,200,15.4,USD,,https://github.com/wa52/ai-customer-service/tree/main/data,Synthetic demo seed,synthetic_demo,false
DEMO-RIN-0929,Demo Minimal Ring 0929,ring,316L,none,silver,adjustable,minimal,unisex,none,250,19.1,USD,,https://github.com/wa52/ai-customer-service/tree/main/data,Synthetic demo seed,synthetic_demo,false
DEMO-NEC-0930,Demo Statement Necklace 0930,necklace,304 stainless steel,PVD,black,standard,statement,unisex,none,300,3.8,USD,,https://github.com/wa52/ai-customer-service/tree/main/data,Synthetic demo seed,synthetic_demo,false
DEMO-EAR-0931,Demo Simple Earring 0931,earring,316L,PVD,gold,standard,simple,unisex,none,50,7.5,USD,,https://github.com/wa52/ai-customer-service/tree/main/data,Synthetic demo seed,synthetic_demo,false
DEMO-BRA-0932,Demo Vintage Bracelet 0932,bracelet,304 stainless steel,PVD,rose gold,adjustable,vintage,unisex,none,100,11.2,USD,,https://github.com/wa52/ai-customer-service/tree/main/data,Synthetic demo seed,synthetic_demo,false
DEMO-RIN-0933,Demo Geometric Ring 0933,ring,316L,none,silver,adjustable,geometric,unisex,none,150,14.9,USD,,https://github.com/wa52/ai-customer-service/tree/main/data,Synthetic demo seed,synthetic_demo,false
DEMO-NEC-0934,Demo Minimal Necklace 0934,necklace,304 stainless steel,PVD,black,standard,minimal,unisex,none,200,18.6,USD,,https://github.com/wa52/ai-customer-service/tree/main/data,Synthetic demo seed,synthetic_demo,false
DEMO-EAR-0935,Demo Statement Earring 0935,earring,316L,PVD,gold,standard,statement,unisex,none,250,3.3,USD,,https://github.com/wa52/ai-customer-service/tree/main/data,Synthetic demo seed,synthetic_demo,false
DEMO-BRA-0936,Demo Simple Bracelet 0936,bracelet,304 stainless steel,PVD,rose gold,adjustable,simple,unisex,none,300,7.0,USD,,https://github.com/wa52/ai-customer-service/tree/main/data,Synthetic demo seed,synthetic_demo,false
DEMO-RIN-0937,Demo Vintage Ring 0937,ring,316L,none,silver,adjustable,vintage,unisex,none,50,10.7,USD,,https://github.com/wa52/ai-customer-service/tree/main/data,Synthetic demo seed,synthetic_demo,false
DEMO-NEC-0938,Demo Geometric Necklace 0938,necklace,304 stainless steel,PVD,black,standard,geometric,unisex,none,100,14.4,USD,,https://github.com/wa52/ai-customer-service/tree/main/data,Synthetic demo seed,synthetic_demo,false
DEMO-EAR-0939,Demo Minimal Earring 0939,earring,316L,PVD,gold,standard,minimal,unisex,none,150,18.1,USD,,https://github.com/wa52/ai-customer-service/tree/main/data,Synthetic demo seed,synthetic_demo,false
DEMO-BRA-0940,Demo Statement Bracelet 0940,bracelet,304 stainless steel,PVD,rose gold,adjustable,statement,unisex,none,200,2.8,USD,,https://github.com/wa52/ai-customer-service/tree/main/data,Synthetic demo seed,synthetic_demo,false
DEMO-RIN-0941,Demo Simple Ring 0941,ring,316L,none,silver,adjustable,simple,unisex,none,250,6.5,USD,,https://github.com/wa52/ai-customer-service/tree/main/data,Synthetic demo seed,synthetic_demo,false
DEMO-NEC-0942,Demo Vintage Necklace 0942,necklace,304 stainless steel,PVD,black,standard,vintage,unisex,none,300,10.2,USD,,https://github.com/wa52/ai-customer-service/tree/main/data,Synthetic demo seed,synthetic_demo,false
DEMO-EAR-0943,Demo Geometric Earring 0943,earring,316L,PVD,gold,standard,geometric,unisex,none,50,13.9,USD,,https://github.com/wa52/ai-customer-service/tree/main/data,Synthetic demo seed,synthetic_demo,false
DEMO-BRA-0944,Demo Minimal Bracelet 0944,bracelet,304 stainless steel,PVD,rose gold,adjustable,minimal,unisex,none,100,17.6,USD,,https://github.com/wa52/ai-customer-service/tree/main/data,Synthetic demo seed,synthetic_demo,false
DEMO-RIN-0945,Demo Statement Ring 0945,ring,316L,none,silver,adjustable,statement,unisex,none,150,2.3,USD,,https://github.com/wa52/ai-customer-service/tree/main/data,Synthetic demo seed,synthetic_demo,false
DEMO-NEC-0946,Demo Simple Necklace 0946,necklace,304 stainless steel,PVD,black,standard,simple,unisex,none,200,6.0,USD,,https://github.com/wa52/ai-customer-service/tree/main/data,Synthetic demo seed,synthetic_demo,false
DEMO-EAR-0947,Demo Vintage Earring 0947,earring,316L,PVD,gold,standard,vintage,unisex,none,250,9.7,USD,,https://github.com/wa52/ai-customer-service/tree/main/data,Synthetic demo seed,synthetic_demo,false
DEMO-BRA-0948,Demo Geometric Bracelet 0948,bracelet,304 stainless steel,PVD,rose gold,adjustable,geometric,unisex,none,300,13.4,USD,,https://github.com/wa52/ai-customer-service/tree/main/data,Synthetic demo seed,synthetic_demo,false
DEMO-RIN-0949,Demo Minimal Ring 0949,ring,316L,none,silver,adjustable,minimal,unisex,none,50,17.1,USD,,https://github.com/wa52/ai-customer-service/tree/main/data,Synthetic demo seed,synthetic_demo,false
DEMO-NEC-0950,Demo Statement Necklace 0950,necklace,304 stainless steel,PVD,black,standard,statement,unisex,none,100,1.8,USD,,https://github.com/wa52/ai-customer-service/tree/main/data,Synthetic demo seed,synthetic_demo,false
DEMO-EAR-0951,Demo Simple Earring 0951,earring,316L,PVD,gold,standard,simple,unisex,none,150,5.5,USD,,https://github.com/wa52/ai-customer-service/tree/main/data,Synthetic demo seed,synthetic_demo,false
DEMO-BRA-0952,Demo Vintage Bracelet 0952,bracelet,304 stainless steel,PVD,rose gold,adjustable,vintage,unisex,none,200,9.2,USD,,https://github.com/wa52/ai-customer-service/tree/main/data,Synthetic demo seed,synthetic_demo,false
DEMO-RIN-0953,Demo Geometric Ring 0953,ring,316L,none,silver,adjustable,geometric,unisex,none,250,12.9,USD,,https://github.com/wa52/ai-customer-service/tree/main/data,Synthetic demo seed,synthetic_demo,false
DEMO-NEC-0954,Demo Minimal Necklace 0954,necklace,304 stainless steel,PVD,black,standard,minimal,unisex,none,300,16.6,USD,,https://github.com/wa52/ai-customer-service/tree/main/data,Synthetic demo seed,synthetic_demo,false
DEMO-EAR-0955,Demo Statement Earring 0955,earring,316L,PVD,gold,standard,statement,unisex,none,50,20.3,USD,,https://github.com/wa52/ai-customer-service/tree/main/data,Synthetic demo seed,synthetic_demo,false
DEMO-BRA-0956,Demo Simple Bracelet 0956,bracelet,304 stainless steel,PVD,rose gold,adjustable,simple,unisex,none,100,5.0,USD,,https://github.com/wa52/ai-customer-service/tree/main/data,Synthetic demo seed,synthetic_demo,false
DEMO-RIN-0957,Demo Vintage Ring 0957,ring,316L,none,silver,adjustable,vintage,unisex,none,150,8.7,USD,,https://github.com/wa52/ai-customer-service/tree/main/data,Synthetic demo seed,synthetic_demo,false
DEMO-NEC-0958,Demo Geometric Necklace 0958,necklace,304 stainless steel,PVD,black,standard,geometric,unisex,none,200,12.4,USD,,https://github.com/wa52/ai-customer-service/tree/main/data,Synthetic demo seed,synthetic_demo,false
DEMO-EAR-0959,Demo Minimal Earring 0959,earring,316L,PVD,gold,standard,minimal,unisex,none,250,16.1,USD,,https://github.com/wa52/ai-customer-service/tree/main/data,Synthetic demo seed,synthetic_demo,false
DEMO-BRA-0960,Demo Statement Bracelet 0960,bracelet,304 stainless steel,PVD,rose gold,adjustable,statement,unisex,none,300,19.8,USD,,https://github.com/wa52/ai-customer-service/tree/main/data,Synthetic demo seed,synthetic_demo,false
DEMO-RIN-0961,Demo Simple Ring 0961,ring,316L,none,silver,adjustable,simple,unisex,none,50,4.5,USD,,https://github.com/wa52/ai-customer-service/tree/main/data,Synthetic demo seed,synthetic_demo,false
DEMO-NEC-0962,Demo Vintage Necklace 0962,necklace,304 stainless steel,PVD,black,standard,vintage,unisex,none,100,8.2,USD,,https://github.com/wa52/ai-customer-service/tree/main/data,Synthetic demo seed,synthetic_demo,false
DEMO-EAR-0963,Demo Geometric Earring 0963,earring,316L,PVD,gold,standard,geometric,unisex,none,150,11.9,USD,,https://github.com/wa52/ai-customer-service/tree/main/data,Synthetic demo seed,synthetic_demo,false
DEMO-BRA-0964,Demo Minimal Bracelet 0964,bracelet,304 stainless steel,PVD,rose gold,adjustable,minimal,unisex,none,200,15.6,USD,,https://github.com/wa52/ai-customer-service/tree/main/data,Synthetic demo seed,synthetic_demo,false
DEMO-RIN-0965,Demo Statement Ring 0965,ring,316L,none,silver,adjustable,statement,unisex,none,250,19.3,USD,,https://github.com/wa52/ai-customer-service/tree/main/data,Synthetic demo seed,synthetic_demo,false
DEMO-NEC-0966,Demo Simple Necklace 0966,necklace,304 stainless steel,PVD,black,standard,simple,unisex,none,300,4.0,USD,,https://github.com/wa52/ai-customer-service/tree/main/data,Synthetic demo seed,synthetic_demo,false
DEMO-EAR-0967,Demo Vintage Earring 0967,earring,316L,PVD,gold,standard,vintage,unisex,none,50,7.7,USD,,https://github.com/wa52/ai-customer-service/tree/main/data,Synthetic demo seed,synthetic_demo,false
DEMO-BRA-0968,Demo Geometric Bracelet 0968,bracelet,304 stainless steel,PVD,rose gold,adjustable,geometric,unisex,none,100,11.4,USD,,https://github.com/wa52/ai-customer-service/tree/main/data,Synthetic demo seed,synthetic_demo,false
DEMO-RIN-0969,Demo Minimal Ring 0969,ring,316L,none,silver,adjustable,minimal,unisex,none,150,15.1,USD,,https://github.com/wa52/ai-customer-service/tree/main/data,Synthetic demo seed,synthetic_demo,false
DEMO-NEC-0970,Demo Statement Necklace 0970,necklace,304 stainless steel,PVD,black,standard,statement,unisex,none,200,18.8,USD,,https://github.com/wa52/ai-customer-service/tree/main/data,Synthetic demo seed,synthetic_demo,false
DEMO-EAR-0971,Demo Simple Earring 0971,earring,316L,PVD,gold,standard,simple,unisex,none,250,3.5,USD,,https://github.com/wa52/ai-customer-service/tree/main/data,Synthetic demo seed,synthetic_demo,false
DEMO-BRA-0972,Demo Vintage Bracelet 0972,bracelet,304 stainless steel,PVD,rose gold,adjustable,vintage,unisex,none,300,7.2,USD,,https://github.com/wa52/ai-customer-service/tree/main/data,Synthetic demo seed,synthetic_demo,false
DEMO-RIN-0973,Demo Geometric Ring 0973,ring,316L,none,silver,adjustable,geometric,unisex,none,50,10.9,USD,,https://github.com/wa52/ai-customer-service/tree/main/data,Synthetic demo seed,synthetic_demo,false
DEMO-NEC-0974,Demo Minimal Necklace 0974,necklace,304 stainless steel,PVD,black,standard,minimal,unisex,none,100,14.6,USD,,https://github.com/wa52/ai-customer-service/tree/main/data,Synthetic demo seed,synthetic_demo,false
DEMO-EAR-0975,Demo Statement Earring 0975,earring,316L,PVD,gold,standard,statement,unisex,none,150,18.3,USD,,https://github.com/wa52/ai-customer-service/tree/main/data,Synthetic demo seed,synthetic_demo,false
DEMO-BRA-0976,Demo Simple Bracelet 0976,bracelet,304 stainless steel,PVD,rose gold,adjustable,simple,unisex,none,200,3.0,USD,,https://github.com/wa52/ai-customer-service/tree/main/data,Synthetic demo seed,synthetic_demo,false
DEMO-RIN-0977,Demo Vintage Ring 0977,ring,316L,none,silver,adjustable,vintage,unisex,none,250,6.7,USD,,https://github.com/wa52/ai-customer-service/tree/main/data,Synthetic demo seed,synthetic_demo,false
DEMO-NEC-0978,Demo Geometric Necklace 0978,necklace,304 stainless steel,PVD,black,standard,geometric,unisex,none,300,10.4,USD,,https://github.com/wa52/ai-customer-service/tree/main/data,Synthetic demo seed,synthetic_demo,false
DEMO-EAR-0979,Demo Minimal Earring 0979,earring,316L,PVD,gold,standard,minimal,unisex,none,50,14.1,USD,,https://github.com/wa52/ai-customer-service/tree/main/data,Synthetic demo seed,synthetic_demo,false
DEMO-BRA-0980,Demo Statement Bracelet 0980,bracelet,304 stainless steel,PVD,rose gold,adjustable,statement,unisex,none,100,17.8,USD,,https://github.com/wa52/ai-customer-service/tree/main/data,Synthetic demo seed,synthetic_demo,false
DEMO-RIN-0981,Demo Simple Ring 0981,ring,316L,none,silver,adjustable,simple,unisex,none,150,2.5,USD,,https://github.com/wa52/ai-customer-service/tree/main/data,Synthetic demo seed,synthetic_demo,false
DEMO-NEC-0982,Demo Vintage Necklace 0982,necklace,304 stainless steel,PVD,black,standard,vintage,unisex,none,200,6.2,USD,,https://github.com/wa52/ai-customer-service/tree/main/data,Synthetic demo seed,synthetic_demo,false
DEMO-EAR-0983,Demo Geometric Earring 0983,earring,316L,PVD,gold,standard,geometric,unisex,none,250,9.9,USD,,https://github.com/wa52/ai-customer-service/tree/main/data,Synthetic demo seed,synthetic_demo,false
DEMO-BRA-0984,Demo Minimal Bracelet 0984,bracelet,304 stainless steel,PVD,rose gold,adjustable,minimal,unisex,none,300,13.6,USD,,https://github.com/wa52/ai-customer-service/tree/main/data,Synthetic demo seed,synthetic_demo,false
DEMO-RIN-0985,Demo Statement Ring 0985,ring,316L,none,silver,adjustable,statement,unisex,none,50,17.3,USD,,https://github.com/wa52/ai-customer-service/tree/main/data,Synthetic demo seed,synthetic_demo,false
DEMO-NEC-0986,Demo Simple Necklace 0986,necklace,304 stainless steel,PVD,black,standard,simple,unisex,none,100,2.0,USD,,https://github.com/wa52/ai-customer-service/tree/main/data,Synthetic demo seed,synthetic_demo,false
DEMO-EAR-0987,Demo Vintage Earring 0987,earring,316L,PVD,gold,standard,vintage,unisex,none,150,5.7,USD,,https://github.com/wa52/ai-customer-service/tree/main/data,Synthetic demo seed,synthetic_demo,false
DEMO-BRA-0988,Demo Geometric Bracelet 0988,bracelet,304 stainless steel,PVD,rose gold,adjustable,geometric,unisex,none,200,9.4,USD,,https://github.com/wa52/ai-customer-service/tree/main/data,Synthetic demo seed,synthetic_demo,false
DEMO-RIN-0989,Demo Minimal Ring 0989,ring,316L,none,silver,adjustable,minimal,unisex,none,250,13.1,USD,,https://github.com/wa52/ai-customer-service/tree/main/data,Synthetic demo seed,synthetic_demo,false
DEMO-NEC-0990,Demo Statement Necklace 0990,necklace,304 stainless steel,PVD,black,standard,statement,unisex,none,300,16.8,USD,,https://github.com/wa52/ai-customer-service/tree/main/data,Synthetic demo seed,synthetic_demo,false
DEMO-EAR-0991,Demo Simple Earring 0991,earring,316L,PVD,gold,standard,simple,unisex,none,50,20.5,USD,,https://github.com/wa52/ai-customer-service/tree/main/data,Synthetic demo seed,synthetic_demo,false
DEMO-BRA-0992,Demo Vintage Bracelet 0992,bracelet,304 stainless steel,PVD,rose gold,adjustable,vintage,unisex,none,100,5.2,USD,,https://github.com/wa52/ai-customer-service/tree/main/data,Synthetic demo seed,synthetic_demo,false
DEMO-RIN-0993,Demo Geometric Ring 0993,ring,316L,none,silver,adjustable,geometric,unisex,none,150,8.9,USD,,https://github.com/wa52/ai-customer-service/tree/main/data,Synthetic demo seed,synthetic_demo,false
DEMO-NEC-0994,Demo Minimal Necklace 0994,necklace,304 stainless steel,PVD,black,standard,minimal,unisex,none,200,12.6,USD,,https://github.com/wa52/ai-customer-service/tree/main/data,Synthetic demo seed,synthetic_demo,false
DEMO-EAR-0995,Demo Statement Earring 0995,earring,316L,PVD,gold,standard,statement,unisex,none,250,16.3,USD,,https://github.com/wa52/ai-customer-service/tree/main/data,Synthetic demo seed,synthetic_demo,false
DEMO-BRA-0996,Demo Simple Bracelet 0996,bracelet,304 stainless steel,PVD,rose gold,adjustable,simple,unisex,none,300,20.0,USD,,https://github.com/wa52/ai-customer-service/tree/main/data,Synthetic demo seed,synthetic_demo,false
DEMO-RIN-0997,Demo Vintage Ring 0997,ring,316L,none,silver,adjustable,vintage,unisex,none,50,4.7,USD,,https://github.com/wa52/ai-customer-service/tree/main/data,Synthetic demo seed,synthetic_demo,false
DEMO-NEC-0998,Demo Geometric Necklace 0998,necklace,304 stainless steel,PVD,black,standard,geometric,unisex,none,100,8.4,USD,,https://github.com/wa52/ai-customer-service/tree/main/data,Synthetic demo seed,synthetic_demo,false
DEMO-EAR-0999,Demo Minimal Earring 0999,earring,316L,PVD,gold,standard,minimal,unisex,none,150,12.1,USD,,https://github.com/wa52/ai-customer-service/tree/main/data,Synthetic demo seed,synthetic_demo,false
DEMO-BRA-1000,Demo Statement Bracelet 1000,bracelet,304 stainless steel,PVD,rose gold,adjustable,statement,unisex,none,200,15.8,USD,,https://github.com/wa52/ai-customer-service/tree/main/data,Synthetic demo seed,synthetic_demo,false
